
Loading checkpoint shards:   0%|          | 0/16 [00:00<?, ?it/s]
Loading checkpoint shards:   6%|▋         | 1/16 [00:02<00:43,  2.89s/it]
Loading checkpoint shards:  12%|█▎        | 2/16 [00:05<00:40,  2.88s/it]
Loading checkpoint shards:  19%|█▉        | 3/16 [00:08<00:37,  2.85s/it]
Loading checkpoint shards:  25%|██▌       | 4/16 [00:11<00:34,  2.87s/it]
Loading checkpoint shards:  31%|███▏      | 5/16 [00:14<00:31,  2.88s/it]
Loading checkpoint shards:  38%|███▊      | 6/16 [00:17<00:28,  2.88s/it]
Loading checkpoint shards:  44%|████▍     | 7/16 [00:20<00:26,  2.90s/it]
Loading checkpoint shards:  50%|█████     | 8/16 [00:23<00:23,  2.92s/it]
Loading checkpoint shards:  56%|█████▋    | 9/16 [00:26<00:20,  2.94s/it]
Loading checkpoint shards:  62%|██████▎   | 10/16 [00:29<00:17,  2.93s/it]
Loading checkpoint shards:  69%|██████▉   | 11/16 [00:31<00:14,  2.92s/it]
Loading checkpoint shards:  75%|███████▌  | 12/16 [00:34<00:11,  2.92s/it]
Loading checkpoint shards:  81%|████████▏ | 13/16 [00:37<00:08,  2.92s/it]
Loading checkpoint shards:  88%|████████▊ | 14/16 [00:40<00:05,  2.91s/it]
Loading checkpoint shards:  94%|█████████▍| 15/16 [00:43<00:02,  2.90s/it]
Loading checkpoint shards: 100%|██████████| 16/16 [00:44<00:00,  2.26s/it]
Loading checkpoint shards: 100%|██████████| 16/16 [00:44<00:00,  2.77s/it]
KiaOmni: attn_implementation='sdpa'. Hook-based saliency on q_proj/k_proj works under fused kernels because the projection outputs are observable before the fused matmul. If you hit issues, fall back to attn_implementation='eager'.
ROUTING_PREFLIGHT={"passed": true, "logits_exact_equal": true, "logits_allclose_rtol_1e-4_atol_1e-5": true, "max_abs_logit_error": 0.0, "dispatch_verified": true, "dispatch_count_mismatches": [], "captured_sparse_layers": 48}
The following generation flags are not valid and may be ignored: ['temperature', 'top_p', 'top_k']. Set `TRANSFORMERS_VERBOSITY=info` for more details.

========================================================================================
CASE=ruler-niah_single_2-8192-line9 TASK=niah_single_2 TARGET_LEN=8192 DEPTH=10.13%
METHOD=full_context SCORE=100.00 ALL_CORRECT=True
TOKENS=8072/8072 RETENTION=100.000% COMPRESSION=1.000x
NEEDLE_RECALL=1.000000 COMPLETE=1/1
--- RAW ANSWER ---
The special magic number for ubiquitous-cure mentioned in the provided text is **7217147**.
PPL=1.904911 TTFT=2.452312667000001 OUT_TOK_S=3.730 GEN_PEAK_VRAM_GB=58.012 PIPELINE_PEAK_VRAM_GB=58.012
========================================================================================

========================================================================================
CASE=ruler-niah_single_2-8192-line9 TASK=niah_single_2 TARGET_LEN=8192 DEPTH=10.13%
METHOD=kiaomni_s8_r0.25 SCORE=100.00 ALL_CORRECT=True
TOKENS=2018/8072 RETENTION=25.000% COMPRESSION=4.000x
NEEDLE_RECALL=1.000000 COMPLETE=1/1
--- RAW ANSWER ---
The special magic number for ubiquitous-cure mentioned in the provided text is **7217147**.
PPL=7.657721 TTFT=1.947613351000001 OUT_TOK_S=3.963 GEN_PEAK_VRAM_GB=57.166 PIPELINE_PEAK_VRAM_GB=59.195
ROUTING_ACTUAL TOP1=0.729032 TOP8=0.769283 WORST_TOP8=0.684702 COS=0.895647 LOAD_JSD=0.006799
========================================================================================

========================================================================================
CASE=ruler-niah_single_2-8192-line9 TASK=niah_single_2 TARGET_LEN=8192 DEPTH=10.13%
METHOD=kiaomni_s8_r0.125 SCORE=100.00 ALL_CORRECT=True
TOKENS=1009/8072 RETENTION=12.500% COMPRESSION=8.000x
NEEDLE_RECALL=1.000000 COMPLETE=1/1
--- RAW ANSWER ---
The special magic number for ubiquitous-cure mentioned in the provided text is **7217147**.
PPL=10.560735 TTFT=1.9627169200000054 OUT_TOK_S=4.000 GEN_PEAK_VRAM_GB=57.021 PIPELINE_PEAK_VRAM_GB=59.195
ROUTING_ACTUAL TOP1=0.663342 TOP8=0.711255 WORST_TOP8=0.606923 COS=0.856587 LOAD_JSD=0.010993
========================================================================================

========================================================================================
CASE=ruler-niah_single_2-8192-line9 TASK=niah_single_2 TARGET_LEN=8192 DEPTH=10.13%
METHOD=kiaomni_s8_r0.0625 SCORE=100.00 ALL_CORRECT=True
TOKENS=504/8072 RETENTION=6.244% COMPRESSION=16.016x
NEEDLE_RECALL=1.000000 COMPLETE=1/1
--- RAW ANSWER ---
The special magic number for ubiquitous-cure mentioned in the provided text is **7217147**.
PPL=11.547033 TTFT=1.805769619000003 OUT_TOK_S=4.089 GEN_PEAK_VRAM_GB=56.950 PIPELINE_PEAK_VRAM_GB=59.195
ROUTING_ACTUAL TOP1=0.629175 TOP8=0.676098 WORST_TOP8=0.575725 COS=0.834380 LOAD_JSD=0.011779
========================================================================================

========================================================================================
CASE=ruler-niah_single_2-8192-line9 TASK=niah_single_2 TARGET_LEN=8192 DEPTH=10.13%
METHOD=kiaomni_gaussian_r0.25 SCORE=100.00 ALL_CORRECT=True
TOKENS=2018/8072 RETENTION=25.000% COMPRESSION=4.000x
NEEDLE_RECALL=1.000000 COMPLETE=1/1
--- RAW ANSWER ---
The special magic number for ubiquitous-cure mentioned in the provided text is **7217147**.
PPL=7.936152 TTFT=1.9572262509999945 OUT_TOK_S=4.003 GEN_PEAK_VRAM_GB=57.166 PIPELINE_PEAK_VRAM_GB=59.195
ROUTING_ACTUAL TOP1=0.730498 TOP8=0.768460 WORST_TOP8=0.686067 COS=0.896765 LOAD_JSD=0.007247
========================================================================================

========================================================================================
CASE=ruler-niah_single_2-8192-line9 TASK=niah_single_2 TARGET_LEN=8192 DEPTH=10.13%
METHOD=kiaomni_gaussian_r0.125 SCORE=100.00 ALL_CORRECT=True
TOKENS=1009/8072 RETENTION=12.500% COMPRESSION=8.000x
NEEDLE_RECALL=1.000000 COMPLETE=1/1
--- RAW ANSWER ---
The special magic number for ubiquitous-cure mentioned in the provided text is **7217147**.
PPL=9.658681 TTFT=1.916203355999997 OUT_TOK_S=4.044 GEN_PEAK_VRAM_GB=57.021 PIPELINE_PEAK_VRAM_GB=59.195
ROUTING_ACTUAL TOP1=0.680707 TOP8=0.724650 WORST_TOP8=0.631740 COS=0.864580 LOAD_JSD=0.009050
========================================================================================

========================================================================================
CASE=ruler-niah_single_2-8192-line9 TASK=niah_single_2 TARGET_LEN=8192 DEPTH=10.13%
METHOD=kiaomni_gaussian_r0.0625 SCORE=100.00 ALL_CORRECT=True
TOKENS=504/8072 RETENTION=6.244% COMPRESSION=16.016x
NEEDLE_RECALL=1.000000 COMPLETE=1/1
--- RAW ANSWER ---
The special magic number for ubiquitous-cure mentioned in the provided text is **7217147**.
PPL=9.832708 TTFT=1.78169615500002 OUT_TOK_S=4.150 GEN_PEAK_VRAM_GB=56.950 PIPELINE_PEAK_VRAM_GB=59.195
ROUTING_ACTUAL TOP1=0.609830 TOP8=0.657986 WORST_TOP8=0.552283 COS=0.814760 LOAD_JSD=0.015285
========================================================================================

========================================================================================
CASE=ruler-niah_single_2-8192-line11 TASK=niah_single_2 TARGET_LEN=8192 DEPTH=30.22%
METHOD=full_context SCORE=100.00 ALL_CORRECT=True
TOKENS=8072/8072 RETENTION=100.000% COMPRESSION=1.000x
NEEDLE_RECALL=1.000000 COMPLETE=1/1
--- RAW ANSWER ---
The special magic number for numerous-slate mentioned in the provided text is **6716097**.
PPL=1.655747 TTFT=2.4650497859999803 OUT_TOK_S=3.729 GEN_PEAK_VRAM_GB=58.012 PIPELINE_PEAK_VRAM_GB=58.012
========================================================================================

========================================================================================
CASE=ruler-niah_single_2-8192-line11 TASK=niah_single_2 TARGET_LEN=8192 DEPTH=30.22%
METHOD=kiaomni_s8_r0.25 SCORE=100.00 ALL_CORRECT=True
TOKENS=2018/8072 RETENTION=25.000% COMPRESSION=4.000x
NEEDLE_RECALL=1.000000 COMPLETE=1/1
--- RAW ANSWER ---
The special magic number for numerous-slate mentioned in the provided text is **6716097**.
PPL=16.503483 TTFT=1.9384406920000004 OUT_TOK_S=4.021 GEN_PEAK_VRAM_GB=57.166 PIPELINE_PEAK_VRAM_GB=59.195
ROUTING_ACTUAL TOP1=0.706640 TOP8=0.747612 WORST_TOP8=0.659431 COS=0.885208 LOAD_JSD=0.008345
========================================================================================

========================================================================================
CASE=ruler-niah_single_2-8192-line11 TASK=niah_single_2 TARGET_LEN=8192 DEPTH=30.22%
METHOD=kiaomni_s8_r0.125 SCORE=100.00 ALL_CORRECT=True
TOKENS=1009/8072 RETENTION=12.500% COMPRESSION=8.000x
NEEDLE_RECALL=1.000000 COMPLETE=1/1
--- RAW ANSWER ---
The special magic number for numerous-slate mentioned in the provided text is **6716097**.
PPL=16.800834 TTFT=1.9101432079999938 OUT_TOK_S=4.042 GEN_PEAK_VRAM_GB=57.021 PIPELINE_PEAK_VRAM_GB=59.195
ROUTING_ACTUAL TOP1=0.673253 TOP8=0.716625 WORST_TOP8=0.623493 COS=0.864669 LOAD_JSD=0.008662
========================================================================================

========================================================================================
CASE=ruler-niah_single_2-8192-line11 TASK=niah_single_2 TARGET_LEN=8192 DEPTH=30.22%
METHOD=kiaomni_s8_r0.0625 SCORE=100.00 ALL_CORRECT=True
TOKENS=504/8072 RETENTION=6.244% COMPRESSION=16.016x
NEEDLE_RECALL=1.000000 COMPLETE=1/1
--- RAW ANSWER ---
The special magic number for numerous-slate mentioned in the provided text is **6716097**.
PPL=9.832708 TTFT=1.7627475310000023 OUT_TOK_S=4.121 GEN_PEAK_VRAM_GB=56.950 PIPELINE_PEAK_VRAM_GB=59.195
ROUTING_ACTUAL TOP1=0.598297 TOP8=0.644964 WORST_TOP8=0.537085 COS=0.806850 LOAD_JSD=0.017122
========================================================================================

========================================================================================
CASE=ruler-niah_single_2-8192-line11 TASK=niah_single_2 TARGET_LEN=8192 DEPTH=30.22%
METHOD=kiaomni_gaussian_r0.25 SCORE=100.00 ALL_CORRECT=True
TOKENS=2018/8072 RETENTION=25.000% COMPRESSION=4.000x
NEEDLE_RECALL=1.000000 COMPLETE=1/1
--- RAW ANSWER ---
The special magic number for numerous-slate mentioned in the provided text is **6716097**.
PPL=15.365779 TTFT=1.9234524710000187 OUT_TOK_S=4.042 GEN_PEAK_VRAM_GB=57.166 PIPELINE_PEAK_VRAM_GB=59.195
ROUTING_ACTUAL TOP1=0.707425 TOP8=0.749171 WORST_TOP8=0.668298 COS=0.886300 LOAD_JSD=0.008272
========================================================================================

========================================================================================
CASE=ruler-niah_single_2-8192-line11 TASK=niah_single_2 TARGET_LEN=8192 DEPTH=30.22%
METHOD=kiaomni_gaussian_r0.125 SCORE=100.00 ALL_CORRECT=True
TOKENS=1009/8072 RETENTION=12.500% COMPRESSION=8.000x
NEEDLE_RECALL=1.000000 COMPLETE=1/1
--- RAW ANSWER ---
The special magic number for numerous-slate mentioned in the provided text is **6716097**.
PPL=15.093823 TTFT=1.9593782439999927 OUT_TOK_S=4.013 GEN_PEAK_VRAM_GB=57.021 PIPELINE_PEAK_VRAM_GB=59.195
ROUTING_ACTUAL TOP1=0.649777 TOP8=0.697357 WORST_TOP8=0.594901 COS=0.847913 LOAD_JSD=0.011721
========================================================================================

========================================================================================
CASE=ruler-niah_single_2-8192-line11 TASK=niah_single_2 TARGET_LEN=8192 DEPTH=30.22%
METHOD=kiaomni_gaussian_r0.0625 SCORE=100.00 ALL_CORRECT=True
TOKENS=504/8072 RETENTION=6.244% COMPRESSION=16.016x
NEEDLE_RECALL=1.000000 COMPLETE=1/1
--- RAW ANSWER ---
The special magic number for numerous-slate mentioned in the provided text is **6716097**.
PPL=10.560735 TTFT=1.7893558320000125 OUT_TOK_S=4.136 GEN_PEAK_VRAM_GB=56.950 PIPELINE_PEAK_VRAM_GB=59.195
ROUTING_ACTUAL TOP1=0.581597 TOP8=0.634876 WORST_TOP8=0.527741 COS=0.795321 LOAD_JSD=0.018104
========================================================================================

========================================================================================
CASE=ruler-niah_single_2-8192-line43 TASK=niah_single_2 TARGET_LEN=8192 DEPTH=49.52%
METHOD=full_context SCORE=100.00 ALL_CORRECT=True
TOKENS=8072/8072 RETENTION=100.000% COMPRESSION=1.000x
NEEDLE_RECALL=1.000000 COMPLETE=1/1
--- RAW ANSWER ---
The special magic number for ordinary-existence mentioned in the provided text is **3894531**.
PPL=1.838899 TTFT=2.481689297999992 OUT_TOK_S=3.706 GEN_PEAK_VRAM_GB=58.012 PIPELINE_PEAK_VRAM_GB=58.012
========================================================================================

========================================================================================
CASE=ruler-niah_single_2-8192-line43 TASK=niah_single_2 TARGET_LEN=8192 DEPTH=49.52%
METHOD=kiaomni_s8_r0.25 SCORE=100.00 ALL_CORRECT=True
TOKENS=2018/8072 RETENTION=25.000% COMPRESSION=4.000x
NEEDLE_RECALL=1.000000 COMPLETE=1/1
--- RAW ANSWER ---
The special magic number for ordinary-existence mentioned in the provided text is **3894531**.
PPL=10.190221 TTFT=1.9198116230000153 OUT_TOK_S=3.964 GEN_PEAK_VRAM_GB=57.166 PIPELINE_PEAK_VRAM_GB=59.195
ROUTING_ACTUAL TOP1=0.739470 TOP8=0.775904 WORST_TOP8=0.697051 COS=0.900852 LOAD_JSD=0.006129
========================================================================================

========================================================================================
CASE=ruler-niah_single_2-8192-line43 TASK=niah_single_2 TARGET_LEN=8192 DEPTH=49.52%
METHOD=kiaomni_s8_r0.125 SCORE=100.00 ALL_CORRECT=True
TOKENS=1009/8072 RETENTION=12.500% COMPRESSION=8.000x
NEEDLE_RECALL=1.000000 COMPLETE=1/1
--- RAW ANSWER ---
The special magic number for ordinary-existence mentioned in the provided text is **3894531**.
PPL=11.966881 TTFT=1.9268509670000071 OUT_TOK_S=4.069 GEN_PEAK_VRAM_GB=57.021 PIPELINE_PEAK_VRAM_GB=59.195
ROUTING_ACTUAL TOP1=0.661154 TOP8=0.708303 WORST_TOP8=0.609115 COS=0.856175 LOAD_JSD=0.010193
========================================================================================

========================================================================================
CASE=ruler-niah_single_2-8192-line43 TASK=niah_single_2 TARGET_LEN=8192 DEPTH=49.52%
METHOD=kiaomni_s8_r0.0625 SCORE=100.00 ALL_CORRECT=True
TOKENS=504/8072 RETENTION=6.244% COMPRESSION=16.016x
NEEDLE_RECALL=1.000000 COMPLETE=1/1
--- RAW ANSWER ---
The special magic number for ordinary-existence mentioned in the provided text is **3894531**.
PPL=10.751013 TTFT=1.7877623669999991 OUT_TOK_S=4.110 GEN_PEAK_VRAM_GB=56.950 PIPELINE_PEAK_VRAM_GB=59.195
ROUTING_ACTUAL TOP1=0.619213 TOP8=0.667183 WORST_TOP8=0.555315 COS=0.822095 LOAD_JSD=0.012018
========================================================================================

========================================================================================
CASE=ruler-niah_single_2-8192-line43 TASK=niah_single_2 TARGET_LEN=8192 DEPTH=49.52%
METHOD=kiaomni_gaussian_r0.25 SCORE=100.00 ALL_CORRECT=True
TOKENS=2018/8072 RETENTION=25.000% COMPRESSION=4.000x
NEEDLE_RECALL=1.000000 COMPLETE=1/1
--- RAW ANSWER ---
The special magic number for ordinary-existence mentioned in the provided text is **3894531**.
PPL=8.677334 TTFT=1.9586012530000119 OUT_TOK_S=4.024 GEN_PEAK_VRAM_GB=57.166 PIPELINE_PEAK_VRAM_GB=59.195
ROUTING_ACTUAL TOP1=0.735887 TOP8=0.771427 WORST_TOP8=0.694449 COS=0.899639 LOAD_JSD=0.006314
========================================================================================

========================================================================================
CASE=ruler-niah_single_2-8192-line43 TASK=niah_single_2 TARGET_LEN=8192 DEPTH=49.52%
METHOD=kiaomni_gaussian_r0.125 SCORE=100.00 ALL_CORRECT=True
TOKENS=1009/8072 RETENTION=12.500% COMPRESSION=8.000x
NEEDLE_RECALL=1.000000 COMPLETE=1/1
--- RAW ANSWER ---
The special magic number for ordinary-existence mentioned in the provided text is **3894531**.
PPL=10.944719 TTFT=1.9776587899999925 OUT_TOK_S=3.991 GEN_PEAK_VRAM_GB=57.021 PIPELINE_PEAK_VRAM_GB=59.195
ROUTING_ACTUAL TOP1=0.646577 TOP8=0.695171 WORST_TOP8=0.592124 COS=0.845537 LOAD_JSD=0.011435
========================================================================================

========================================================================================
CASE=ruler-niah_single_2-8192-line43 TASK=niah_single_2 TARGET_LEN=8192 DEPTH=49.52%
METHOD=kiaomni_gaussian_r0.0625 SCORE=100.00 ALL_CORRECT=True
TOKENS=504/8072 RETENTION=6.244% COMPRESSION=16.016x
NEEDLE_RECALL=1.000000 COMPLETE=1/1
--- RAW ANSWER ---
The special magic number for ordinary-existence mentioned in the provided text is **3894531**.
PPL=8.523756 TTFT=1.7852049699999952 OUT_TOK_S=4.120 GEN_PEAK_VRAM_GB=56.950 PIPELINE_PEAK_VRAM_GB=59.195
ROUTING_ACTUAL TOP1=0.597512 TOP8=0.649935 WORST_TOP8=0.542518 COS=0.809475 LOAD_JSD=0.015286
========================================================================================

========================================================================================
CASE=ruler-niah_single_2-8192-line12 TASK=niah_single_2 TARGET_LEN=8192 DEPTH=69.29%
METHOD=full_context SCORE=100.00 ALL_CORRECT=True
TOKENS=7489/7489 RETENTION=100.000% COMPRESSION=1.000x
NEEDLE_RECALL=1.000000 COMPLETE=1/1
--- RAW ANSWER ---
The special magic number for puny-anklet mentioned in the provided text is **9284509**.
PPL=1.838898 TTFT=2.395403339999973 OUT_TOK_S=3.833 GEN_PEAK_VRAM_GB=57.935 PIPELINE_PEAK_VRAM_GB=57.935
========================================================================================

========================================================================================
CASE=ruler-niah_single_2-8192-line12 TASK=niah_single_2 TARGET_LEN=8192 DEPTH=69.29%
METHOD=kiaomni_s8_r0.25 SCORE=100.00 ALL_CORRECT=True
TOKENS=1872/7489 RETENTION=24.997% COMPRESSION=4.001x
NEEDLE_RECALL=1.000000 COMPLETE=1/1
--- RAW ANSWER ---
The special magic number for puny-anklet mentioned in the provided text is **9284509**.
PPL=5.552713 TTFT=1.9469615669999598 OUT_TOK_S=4.113 GEN_PEAK_VRAM_GB=57.147 PIPELINE_PEAK_VRAM_GB=59.027
ROUTING_ACTUAL TOP1=0.691829 TOP8=0.735570 WORST_TOP8=0.647018 COS=0.876633 LOAD_JSD=0.009625
========================================================================================

========================================================================================
CASE=ruler-niah_single_2-8192-line12 TASK=niah_single_2 TARGET_LEN=8192 DEPTH=69.29%
METHOD=kiaomni_s8_r0.125 SCORE=100.00 ALL_CORRECT=True
TOKENS=936/7489 RETENTION=12.498% COMPRESSION=8.001x
NEEDLE_RECALL=1.000000 COMPLETE=1/1
--- RAW ANSWER ---
The special magic number for puny-anklet mentioned in the provided text is **9284509**.
PPL=7.389058 TTFT=1.884876199999951 OUT_TOK_S=4.173 GEN_PEAK_VRAM_GB=57.010 PIPELINE_PEAK_VRAM_GB=59.027
ROUTING_ACTUAL TOP1=0.651465 TOP8=0.696771 WORST_TOP8=0.597702 COS=0.851410 LOAD_JSD=0.010878
========================================================================================

========================================================================================
CASE=ruler-niah_single_2-8192-line12 TASK=niah_single_2 TARGET_LEN=8192 DEPTH=69.29%
METHOD=kiaomni_s8_r0.0625 SCORE=100.00 ALL_CORRECT=True
TOKENS=468/7489 RETENTION=6.249% COMPRESSION=16.002x
NEEDLE_RECALL=1.000000 COMPLETE=1/1
--- RAW ANSWER ---
The special magic number for puny-anklet mentioned in the provided text is **9284509**.
PPL=7.389058 TTFT=1.7935615439999992 OUT_TOK_S=4.176 GEN_PEAK_VRAM_GB=56.945 PIPELINE_PEAK_VRAM_GB=59.027
ROUTING_ACTUAL TOP1=0.598157 TOP8=0.643112 WORST_TOP8=0.541995 COS=0.808619 LOAD_JSD=0.017427
========================================================================================

========================================================================================
CASE=ruler-niah_single_2-8192-line12 TASK=niah_single_2 TARGET_LEN=8192 DEPTH=69.29%
METHOD=kiaomni_gaussian_r0.25 SCORE=100.00 ALL_CORRECT=True
TOKENS=1872/7489 RETENTION=24.997% COMPRESSION=4.001x
NEEDLE_RECALL=1.000000 COMPLETE=1/1
--- RAW ANSWER ---
The special magic number for puny-anklet mentioned in the provided text is **9284509**.
PPL=4.988547 TTFT=1.9161522599999898 OUT_TOK_S=4.154 GEN_PEAK_VRAM_GB=57.147 PIPELINE_PEAK_VRAM_GB=59.027
ROUTING_ACTUAL TOP1=0.703047 TOP8=0.744490 WORST_TOP8=0.655748 COS=0.883456 LOAD_JSD=0.008435
========================================================================================

========================================================================================
CASE=ruler-niah_single_2-8192-line12 TASK=niah_single_2 TARGET_LEN=8192 DEPTH=69.29%
METHOD=kiaomni_gaussian_r0.125 SCORE=100.00 ALL_CORRECT=True
TOKENS=936/7489 RETENTION=12.498% COMPRESSION=8.001x
NEEDLE_RECALL=1.000000 COMPLETE=1/1
--- RAW ANSWER ---
The special magic number for puny-anklet mentioned in the provided text is **9284509**.
PPL=7.129819 TTFT=1.955483514999969 OUT_TOK_S=4.054 GEN_PEAK_VRAM_GB=57.010 PIPELINE_PEAK_VRAM_GB=59.027
ROUTING_ACTUAL TOP1=0.636663 TOP8=0.684857 WORST_TOP8=0.583624 COS=0.840161 LOAD_JSD=0.012282
========================================================================================

========================================================================================
CASE=ruler-niah_single_2-8192-line12 TASK=niah_single_2 TARGET_LEN=8192 DEPTH=69.29%
METHOD=kiaomni_gaussian_r0.0625 SCORE=100.00 ALL_CORRECT=True
TOKENS=468/7489 RETENTION=6.249% COMPRESSION=16.002x
NEEDLE_RECALL=1.000000 COMPLETE=1/1
--- RAW ANSWER ---
The special magic number for puny-anklet mentioned in the provided text is **9284509**.
PPL=5.169927 TTFT=1.776089246999959 OUT_TOK_S=4.195 GEN_PEAK_VRAM_GB=56.945 PIPELINE_PEAK_VRAM_GB=59.027
ROUTING_ACTUAL TOP1=0.590011 TOP8=0.636759 WORST_TOP8=0.542103 COS=0.799550 LOAD_JSD=0.019415
========================================================================================

========================================================================================
CASE=ruler-niah_single_2-8192-line15 TASK=niah_single_2 TARGET_LEN=8192 DEPTH=89.99%
METHOD=full_context SCORE=100.00 ALL_CORRECT=True
TOKENS=8072/8072 RETENTION=100.000% COMPRESSION=1.000x
NEEDLE_RECALL=1.000000 COMPLETE=1/1
--- RAW ANSWER ---
The special magic number for righteous-yin mentioned in the provided text is **7913081**.
PPL=1.904911 TTFT=2.467737115000034 OUT_TOK_S=3.714 GEN_PEAK_VRAM_GB=58.012 PIPELINE_PEAK_VRAM_GB=58.012
========================================================================================

========================================================================================
CASE=ruler-niah_single_2-8192-line15 TASK=niah_single_2 TARGET_LEN=8192 DEPTH=89.99%
METHOD=kiaomni_s8_r0.25 SCORE=100.00 ALL_CORRECT=True
TOKENS=2018/8072 RETENTION=25.000% COMPRESSION=4.000x
NEEDLE_RECALL=1.000000 COMPLETE=1/1
--- RAW ANSWER ---
The special magic number for righteous-yin mentioned in the provided text is **7913081**.
PPL=6.638310 TTFT=1.9447543239999732 OUT_TOK_S=3.987 GEN_PEAK_VRAM_GB=57.166 PIPELINE_PEAK_VRAM_GB=59.195
ROUTING_ACTUAL TOP1=0.681636 TOP8=0.729647 WORST_TOP8=0.631459 COS=0.872260 LOAD_JSD=0.010101
========================================================================================

========================================================================================
CASE=ruler-niah_single_2-8192-line15 TASK=niah_single_2 TARGET_LEN=8192 DEPTH=89.99%
METHOD=kiaomni_s8_r0.125 SCORE=100.00 ALL_CORRECT=True
TOKENS=1009/8072 RETENTION=12.500% COMPRESSION=8.000x
NEEDLE_RECALL=1.000000 COMPLETE=1/1
--- RAW ANSWER ---
The special magic number for righteous-yin mentioned in the provided text is **7913081**.
PPL=6.638310 TTFT=1.9117679479999765 OUT_TOK_S=3.979 GEN_PEAK_VRAM_GB=57.021 PIPELINE_PEAK_VRAM_GB=59.195
ROUTING_ACTUAL TOP1=0.647609 TOP8=0.698837 WORST_TOP8=0.592598 COS=0.849741 LOAD_JSD=0.010827
========================================================================================

========================================================================================
CASE=ruler-niah_single_2-8192-line15 TASK=niah_single_2 TARGET_LEN=8192 DEPTH=89.99%
METHOD=kiaomni_s8_r0.0625 SCORE=100.00 ALL_CORRECT=True
TOKENS=504/8072 RETENTION=6.244% COMPRESSION=16.016x
NEEDLE_RECALL=1.000000 COMPLETE=1/1
--- RAW ANSWER ---
The special magic number for righteous-yin mentioned in the provided text is **7913081**.
PPL=7.389058 TTFT=1.794934727999987 OUT_TOK_S=4.121 GEN_PEAK_VRAM_GB=56.950 PIPELINE_PEAK_VRAM_GB=59.195
ROUTING_ACTUAL TOP1=0.604497 TOP8=0.653853 WORST_TOP8=0.546424 COS=0.818144 LOAD_JSD=0.015267
========================================================================================

========================================================================================
CASE=ruler-niah_single_2-8192-line15 TASK=niah_single_2 TARGET_LEN=8192 DEPTH=89.99%
METHOD=kiaomni_gaussian_r0.25 SCORE=100.00 ALL_CORRECT=True
TOKENS=2018/8072 RETENTION=25.000% COMPRESSION=4.000x
NEEDLE_RECALL=1.000000 COMPLETE=1/1
--- RAW ANSWER ---
The special magic number for righteous-yin mentioned in the provided text is **7913081**.
PPL=6.405411 TTFT=1.9252133620000222 OUT_TOK_S=4.032 GEN_PEAK_VRAM_GB=57.166 PIPELINE_PEAK_VRAM_GB=59.195
ROUTING_ACTUAL TOP1=0.691929 TOP8=0.736226 WORST_TOP8=0.646463 COS=0.878755 LOAD_JSD=0.009350
========================================================================================

========================================================================================
CASE=ruler-niah_single_2-8192-line15 TASK=niah_single_2 TARGET_LEN=8192 DEPTH=89.99%
METHOD=kiaomni_gaussian_r0.125 SCORE=100.00 ALL_CORRECT=True
TOKENS=1009/8072 RETENTION=12.500% COMPRESSION=8.000x
NEEDLE_RECALL=1.000000 COMPLETE=1/1
--- RAW ANSWER ---
The special magic number for righteous-yin mentioned in the provided text is **7913081**.
PPL=7.936152 TTFT=1.902746272999991 OUT_TOK_S=4.060 GEN_PEAK_VRAM_GB=57.021 PIPELINE_PEAK_VRAM_GB=59.195
ROUTING_ACTUAL TOP1=0.637120 TOP8=0.688988 WORST_TOP8=0.580018 COS=0.841725 LOAD_JSD=0.012072
========================================================================================

========================================================================================
CASE=ruler-niah_single_2-8192-line15 TASK=niah_single_2 TARGET_LEN=8192 DEPTH=89.99%
METHOD=kiaomni_gaussian_r0.0625 SCORE=100.00 ALL_CORRECT=True
TOKENS=504/8072 RETENTION=6.244% COMPRESSION=16.016x
NEEDLE_RECALL=1.000000 COMPLETE=1/1
--- RAW ANSWER ---
The special magic number for righteous-yin mentioned in the provided text is **7913081**.
PPL=7.936152 TTFT=1.7752497750000202 OUT_TOK_S=4.138 GEN_PEAK_VRAM_GB=56.950 PIPELINE_PEAK_VRAM_GB=59.195
ROUTING_ACTUAL TOP1=0.568204 TOP8=0.627251 WORST_TOP8=0.510350 COS=0.790790 LOAD_JSD=0.019658
========================================================================================

========================================================================================
CASE=ruler-niah_single_2-16384-line3 TASK=niah_single_2 TARGET_LEN=16384 DEPTH=9.17%
METHOD=full_context SCORE=100.00 ALL_CORRECT=True
TOKENS=16263/16263 RETENTION=100.000% COMPRESSION=1.000x
NEEDLE_RECALL=1.000000 COMPLETE=1/1
--- RAW ANSWER ---
The special magic number for afraid-stir-fry mentioned in the provided text is **6543670**.
PPL=1.449043 TTFT=3.4048022339999875 OUT_TOK_S=3.371 GEN_PEAK_VRAM_GB=59.159 PIPELINE_PEAK_VRAM_GB=59.159
========================================================================================

========================================================================================
CASE=ruler-niah_single_2-16384-line3 TASK=niah_single_2 TARGET_LEN=16384 DEPTH=9.17%
METHOD=kiaomni_s8_r0.25 SCORE=100.00 ALL_CORRECT=True
TOKENS=4066/16263 RETENTION=25.002% COMPRESSION=4.000x
NEEDLE_RECALL=1.000000 COMPLETE=1/1
--- RAW ANSWER ---
The special magic number for afraid-stir-fry mentioned in the provided text is **6543670**.
PPL=4.644656 TTFT=2.0664585939999824 OUT_TOK_S=4.037 GEN_PEAK_VRAM_GB=57.453 PIPELINE_PEAK_VRAM_GB=61.544
ROUTING_ACTUAL TOP1=0.702369 TOP8=0.744406 WORST_TOP8=0.656102 COS=0.882703 LOAD_JSD=0.009303
========================================================================================

========================================================================================
CASE=ruler-niah_single_2-16384-line3 TASK=niah_single_2 TARGET_LEN=16384 DEPTH=9.17%
METHOD=kiaomni_s8_r0.125 SCORE=100.00 ALL_CORRECT=True
TOKENS=2033/16263 RETENTION=12.501% COMPRESSION=8.000x
NEEDLE_RECALL=1.000000 COMPLETE=1/1
--- RAW ANSWER ---
The special magic number for afraid-stir-fry mentioned in the provided text is **6543670**.
PPL=7.657721 TTFT=1.9307833940000023 OUT_TOK_S=4.116 GEN_PEAK_VRAM_GB=57.166 PIPELINE_PEAK_VRAM_GB=61.544
ROUTING_ACTUAL TOP1=0.651664 TOP8=0.701179 WORST_TOP8=0.602726 COS=0.852832 LOAD_JSD=0.012275
========================================================================================

========================================================================================
CASE=ruler-niah_single_2-16384-line3 TASK=niah_single_2 TARGET_LEN=16384 DEPTH=9.17%
METHOD=kiaomni_s8_r0.0625 SCORE=100.00 ALL_CORRECT=True
TOKENS=1016/16263 RETENTION=6.247% COMPRESSION=16.007x
NEEDLE_RECALL=1.000000 COMPLETE=1/1
--- RAW ANSWER ---
The special magic number for afraid-stir-fry mentioned in the provided text is **6543670**.
PPL=9.832708 TTFT=1.8984218479999981 OUT_TOK_S=4.136 GEN_PEAK_VRAM_GB=57.022 PIPELINE_PEAK_VRAM_GB=61.544
ROUTING_ACTUAL TOP1=0.634986 TOP8=0.684270 WORST_TOP8=0.579752 COS=0.837093 LOAD_JSD=0.013823
========================================================================================

========================================================================================
CASE=ruler-niah_single_2-16384-line3 TASK=niah_single_2 TARGET_LEN=16384 DEPTH=9.17%
METHOD=kiaomni_gaussian_r0.25 SCORE=100.00 ALL_CORRECT=True
TOKENS=4066/16263 RETENTION=25.002% COMPRESSION=4.000x
NEEDLE_RECALL=1.000000 COMPLETE=1/1
--- RAW ANSWER ---
The special magic number for afraid-stir-fry mentioned in the provided text is **6543670**.
PPL=4.172761 TTFT=2.1104919360000167 OUT_TOK_S=4.029 GEN_PEAK_VRAM_GB=57.453 PIPELINE_PEAK_VRAM_GB=61.544
ROUTING_ACTUAL TOP1=0.699777 TOP8=0.742136 WORST_TOP8=0.653384 COS=0.881741 LOAD_JSD=0.009710
========================================================================================

========================================================================================
CASE=ruler-niah_single_2-16384-line3 TASK=niah_single_2 TARGET_LEN=16384 DEPTH=9.17%
METHOD=kiaomni_gaussian_r0.125 SCORE=100.00 ALL_CORRECT=True
TOKENS=2033/16263 RETENTION=12.501% COMPRESSION=8.000x
NEEDLE_RECALL=1.000000 COMPLETE=1/1
--- RAW ANSWER ---
The special magic number for afraid-stir-fry mentioned in the provided text is **6543670**.
PPL=11.547033 TTFT=1.9290782130000252 OUT_TOK_S=4.148 GEN_PEAK_VRAM_GB=57.166 PIPELINE_PEAK_VRAM_GB=61.544
ROUTING_ACTUAL TOP1=0.647094 TOP8=0.696856 WORST_TOP8=0.595147 COS=0.849691 LOAD_JSD=0.012954
========================================================================================

========================================================================================
CASE=ruler-niah_single_2-16384-line3 TASK=niah_single_2 TARGET_LEN=16384 DEPTH=9.17%
METHOD=kiaomni_gaussian_r0.0625 SCORE=100.00 ALL_CORRECT=True
TOKENS=1016/16263 RETENTION=6.247% COMPRESSION=16.007x
NEEDLE_RECALL=1.000000 COMPLETE=1/1
--- RAW ANSWER ---
The special magic number for afraid-stir-fry mentioned in the provided text is **6543670**.
PPL=13.084503 TTFT=1.9441382930000373 OUT_TOK_S=4.104 GEN_PEAK_VRAM_GB=57.022 PIPELINE_PEAK_VRAM_GB=61.544
ROUTING_ACTUAL TOP1=0.605951 TOP8=0.657885 WORST_TOP8=0.549724 COS=0.816648 LOAD_JSD=0.016424
========================================================================================

========================================================================================
CASE=ruler-niah_single_2-16384-line41 TASK=niah_single_2 TARGET_LEN=16384 DEPTH=29.99%
METHOD=full_context SCORE=100.00 ALL_CORRECT=True
TOKENS=16263/16263 RETENTION=100.000% COMPRESSION=1.000x
NEEDLE_RECALL=1.000000 COMPLETE=1/1
--- RAW ANSWER ---
The special magic number for watery-snowboarding mentioned in the provided text is **8487220**.
PPL=1.403360 TTFT=3.410302397999999 OUT_TOK_S=3.370 GEN_PEAK_VRAM_GB=59.159 PIPELINE_PEAK_VRAM_GB=59.159
========================================================================================

========================================================================================
CASE=ruler-niah_single_2-16384-line41 TASK=niah_single_2 TARGET_LEN=16384 DEPTH=29.99%
METHOD=kiaomni_s8_r0.25 SCORE=100.00 ALL_CORRECT=True
TOKENS=4066/16263 RETENTION=25.002% COMPRESSION=4.000x
NEEDLE_RECALL=1.000000 COMPLETE=1/1
--- RAW ANSWER ---
The special magic number for watery-snowboarding mentioned in the provided text is **8487220**.
PPL=3.885119 TTFT=2.1001854979999734 OUT_TOK_S=3.987 GEN_PEAK_VRAM_GB=57.453 PIPELINE_PEAK_VRAM_GB=61.544
ROUTING_ACTUAL TOP1=0.709174 TOP8=0.748822 WORST_TOP8=0.663294 COS=0.885665 LOAD_JSD=0.008661
========================================================================================

========================================================================================
CASE=ruler-niah_single_2-16384-line41 TASK=niah_single_2 TARGET_LEN=16384 DEPTH=29.99%
METHOD=kiaomni_s8_r0.125 SCORE=100.00 ALL_CORRECT=True
TOKENS=2033/16263 RETENTION=12.501% COMPRESSION=8.000x
NEEDLE_RECALL=1.000000 COMPLETE=1/1
--- RAW ANSWER ---
The special magic number for watery-snowboarding mentioned in the provided text is **8487220**.
PPL=5.754607 TTFT=1.9455979940000248 OUT_TOK_S=4.125 GEN_PEAK_VRAM_GB=57.166 PIPELINE_PEAK_VRAM_GB=61.544
ROUTING_ACTUAL TOP1=0.671616 TOP8=0.717030 WORST_TOP8=0.624818 COS=0.863400 LOAD_JSD=0.010235
========================================================================================

========================================================================================
CASE=ruler-niah_single_2-16384-line41 TASK=niah_single_2 TARGET_LEN=16384 DEPTH=29.99%
METHOD=kiaomni_s8_r0.0625 SCORE=100.00 ALL_CORRECT=True
TOKENS=1016/16263 RETENTION=6.247% COMPRESSION=16.007x
NEEDLE_RECALL=1.000000 COMPLETE=1/1
--- RAW ANSWER ---
The special magic number for watery-snowboarding mentioned in the provided text is **8487220**.
PPL=9.832708 TTFT=1.9566641580000237 OUT_TOK_S=4.089 GEN_PEAK_VRAM_GB=57.022 PIPELINE_PEAK_VRAM_GB=61.544
ROUTING_ACTUAL TOP1=0.632936 TOP8=0.681208 WORST_TOP8=0.580413 COS=0.837130 LOAD_JSD=0.011765
========================================================================================

========================================================================================
CASE=ruler-niah_single_2-16384-line41 TASK=niah_single_2 TARGET_LEN=16384 DEPTH=29.99%
METHOD=kiaomni_gaussian_r0.25 SCORE=100.00 ALL_CORRECT=True
TOKENS=4066/16263 RETENTION=25.002% COMPRESSION=4.000x
NEEDLE_RECALL=1.000000 COMPLETE=1/1
--- RAW ANSWER ---
The special magic number for watery-snowboarding mentioned in the provided text is **8487220**.
PPL=4.026371 TTFT=2.0718377179999834 OUT_TOK_S=4.036 GEN_PEAK_VRAM_GB=57.453 PIPELINE_PEAK_VRAM_GB=61.544
ROUTING_ACTUAL TOP1=0.700571 TOP8=0.742724 WORST_TOP8=0.653757 COS=0.880683 LOAD_JSD=0.009323
========================================================================================

========================================================================================
CASE=ruler-niah_single_2-16384-line41 TASK=niah_single_2 TARGET_LEN=16384 DEPTH=29.99%
METHOD=kiaomni_gaussian_r0.125 SCORE=100.00 ALL_CORRECT=True
TOKENS=2033/16263 RETENTION=12.501% COMPRESSION=8.000x
NEEDLE_RECALL=1.000000 COMPLETE=1/1
--- RAW ANSWER ---
The special magic number for watery-snowboarding mentioned in the provided text is **8487220**.
PPL=6.180688 TTFT=1.9822407750000366 OUT_TOK_S=4.085 GEN_PEAK_VRAM_GB=57.166 PIPELINE_PEAK_VRAM_GB=61.544
ROUTING_ACTUAL TOP1=0.663961 TOP8=0.708997 WORST_TOP8=0.615307 COS=0.857256 LOAD_JSD=0.011375
========================================================================================

========================================================================================
CASE=ruler-niah_single_2-16384-line41 TASK=niah_single_2 TARGET_LEN=16384 DEPTH=29.99%
METHOD=kiaomni_gaussian_r0.0625 SCORE=100.00 ALL_CORRECT=True
TOKENS=1016/16263 RETENTION=6.247% COMPRESSION=16.007x
NEEDLE_RECALL=1.000000 COMPLETE=1/1
--- RAW ANSWER ---
The special magic number for watery-snowboarding mentioned in the provided text is **8487220**.
PPL=9.487736 TTFT=1.9329763419999608 OUT_TOK_S=4.075 GEN_PEAK_VRAM_GB=57.022 PIPELINE_PEAK_VRAM_GB=61.544
ROUTING_ACTUAL TOP1=0.626907 TOP8=0.674647 WORST_TOP8=0.574378 COS=0.830397 LOAD_JSD=0.013620
========================================================================================

========================================================================================
CASE=ruler-niah_single_2-16384-line29 TASK=niah_single_2 TARGET_LEN=16384 DEPTH=49.53%
METHOD=full_context SCORE=100.00 ALL_CORRECT=True
TOKENS=16260/16260 RETENTION=100.000% COMPRESSION=1.000x
NEEDLE_RECALL=1.000000 COMPLETE=1/1
--- RAW ANSWER ---
The special magic number for grotesque-acorn mentioned in the provided text is **6183902**.
PPL=1.452878 TTFT=3.40407806799999 OUT_TOK_S=3.323 GEN_PEAK_VRAM_GB=59.158 PIPELINE_PEAK_VRAM_GB=59.158
========================================================================================

========================================================================================
CASE=ruler-niah_single_2-16384-line29 TASK=niah_single_2 TARGET_LEN=16384 DEPTH=49.53%
METHOD=kiaomni_s8_r0.25 SCORE=100.00 ALL_CORRECT=True
TOKENS=4065/16260 RETENTION=25.000% COMPRESSION=4.000x
NEEDLE_RECALL=1.000000 COMPLETE=1/1
--- RAW ANSWER ---
The special magic number for grotesque-acorn mentioned in the provided text is **6183902**.
PPL=4.481707 TTFT=2.093172338000045 OUT_TOK_S=4.010 GEN_PEAK_VRAM_GB=57.453 PIPELINE_PEAK_VRAM_GB=61.543
ROUTING_ACTUAL TOP1=0.699077 TOP8=0.739978 WORST_TOP8=0.651920 COS=0.881083 LOAD_JSD=0.009725
========================================================================================

========================================================================================
CASE=ruler-niah_single_2-16384-line29 TASK=niah_single_2 TARGET_LEN=16384 DEPTH=49.53%
METHOD=kiaomni_s8_r0.125 SCORE=100.00 ALL_CORRECT=True
TOKENS=2032/16260 RETENTION=12.497% COMPRESSION=8.002x
NEEDLE_RECALL=1.000000 COMPLETE=1/1
--- RAW ANSWER ---
The special magic number for grotesque-acorn mentioned in the provided text is **6183902**.
PPL=7.389058 TTFT=1.9606090529999847 OUT_TOK_S=4.069 GEN_PEAK_VRAM_GB=57.166 PIPELINE_PEAK_VRAM_GB=61.543
ROUTING_ACTUAL TOP1=0.651021 TOP8=0.699296 WORST_TOP8=0.599050 COS=0.851937 LOAD_JSD=0.012260
========================================================================================

========================================================================================
CASE=ruler-niah_single_2-16384-line29 TASK=niah_single_2 TARGET_LEN=16384 DEPTH=49.53%
METHOD=kiaomni_s8_r0.0625 SCORE=100.00 ALL_CORRECT=True
TOKENS=1016/16260 RETENTION=6.248% COMPRESSION=16.004x
NEEDLE_RECALL=1.000000 COMPLETE=1/1
--- RAW ANSWER ---
The special magic number for grotesque-acorn mentioned in the provided text is **6183902**.
PPL=9.154867 TTFT=1.9229772180000282 OUT_TOK_S=4.099 GEN_PEAK_VRAM_GB=57.022 PIPELINE_PEAK_VRAM_GB=61.543
ROUTING_ACTUAL TOP1=0.607714 TOP8=0.660995 WORST_TOP8=0.549534 COS=0.822690 LOAD_JSD=0.015465
========================================================================================

========================================================================================
CASE=ruler-niah_single_2-16384-line29 TASK=niah_single_2 TARGET_LEN=16384 DEPTH=49.53%
METHOD=kiaomni_gaussian_r0.25 SCORE=100.00 ALL_CORRECT=True
TOKENS=4065/16260 RETENTION=25.000% COMPRESSION=4.000x
NEEDLE_RECALL=1.000000 COMPLETE=1/1
--- RAW ANSWER ---
The special magic number for grotesque-acorn mentioned in the provided text is **6183902**.
PPL=4.324475 TTFT=2.097752124000067 OUT_TOK_S=3.978 GEN_PEAK_VRAM_GB=57.453 PIPELINE_PEAK_VRAM_GB=61.543
ROUTING_ACTUAL TOP1=0.696300 TOP8=0.738680 WORST_TOP8=0.652306 COS=0.879715 LOAD_JSD=0.010026
========================================================================================

========================================================================================
CASE=ruler-niah_single_2-16384-line29 TASK=niah_single_2 TARGET_LEN=16384 DEPTH=49.53%
METHOD=kiaomni_gaussian_r0.125 SCORE=100.00 ALL_CORRECT=True
TOKENS=2032/16260 RETENTION=12.497% COMPRESSION=8.002x
NEEDLE_RECALL=1.000000 COMPLETE=1/1
--- RAW ANSWER ---
The special magic number for grotesque-acorn mentioned in the provided text is **6183902**.
PPL=6.638310 TTFT=1.9387483340000244 OUT_TOK_S=4.078 GEN_PEAK_VRAM_GB=57.166 PIPELINE_PEAK_VRAM_GB=61.543
ROUTING_ACTUAL TOP1=0.650683 TOP8=0.696395 WORST_TOP8=0.597144 COS=0.848895 LOAD_JSD=0.012014
========================================================================================

========================================================================================
CASE=ruler-niah_single_2-16384-line29 TASK=niah_single_2 TARGET_LEN=16384 DEPTH=49.53%
METHOD=kiaomni_gaussian_r0.0625 SCORE=100.00 ALL_CORRECT=True
TOKENS=1016/16260 RETENTION=6.248% COMPRESSION=16.004x
NEEDLE_RECALL=1.000000 COMPLETE=1/1
--- RAW ANSWER ---
The special magic number for grotesque-acorn mentioned in the provided text is **6183902**.
PPL=7.936152 TTFT=1.8960968119999961 OUT_TOK_S=4.123 GEN_PEAK_VRAM_GB=57.022 PIPELINE_PEAK_VRAM_GB=61.543
ROUTING_ACTUAL TOP1=0.602465 TOP8=0.654876 WORST_TOP8=0.545780 COS=0.817568 LOAD_JSD=0.016303
========================================================================================

========================================================================================
CASE=ruler-niah_single_2-16384-line44 TASK=niah_single_2 TARGET_LEN=16384 DEPTH=69.82%
METHOD=full_context SCORE=100.00 ALL_CORRECT=True
TOKENS=16257/16257 RETENTION=100.000% COMPRESSION=1.000x
NEEDLE_RECALL=1.000000 COMPLETE=1/1
--- RAW ANSWER ---
The special magic number for icy-queen mentioned in the provided text is **5055688**.
PPL=1.404446 TTFT=3.4227535969999963 OUT_TOK_S=3.261 GEN_PEAK_VRAM_GB=59.158 PIPELINE_PEAK_VRAM_GB=59.158
========================================================================================

========================================================================================
CASE=ruler-niah_single_2-16384-line44 TASK=niah_single_2 TARGET_LEN=16384 DEPTH=69.82%
METHOD=kiaomni_s8_r0.25 SCORE=100.00 ALL_CORRECT=True
TOKENS=4064/16257 RETENTION=24.998% COMPRESSION=4.000x
NEEDLE_RECALL=1.000000 COMPLETE=1/1
--- RAW ANSWER ---
The special magic number for icy-queen mentioned in the provided text is **5055688**.
PPL=4.988547 TTFT=2.1040200679999543 OUT_TOK_S=3.927 GEN_PEAK_VRAM_GB=57.453 PIPELINE_PEAK_VRAM_GB=61.543
ROUTING_ACTUAL TOP1=0.692734 TOP8=0.738043 WORST_TOP8=0.644440 COS=0.878068 LOAD_JSD=0.010235
========================================================================================

========================================================================================
CASE=ruler-niah_single_2-16384-line44 TASK=niah_single_2 TARGET_LEN=16384 DEPTH=69.82%
METHOD=kiaomni_s8_r0.125 SCORE=100.00 ALL_CORRECT=True
TOKENS=2032/16257 RETENTION=12.499% COMPRESSION=8.000x
NEEDLE_RECALL=1.000000 COMPLETE=1/1
--- RAW ANSWER ---
The special magic number for icy-queen mentioned in the provided text is **5055688**.
PPL=4.813531 TTFT=1.9412166380000144 OUT_TOK_S=4.040 GEN_PEAK_VRAM_GB=57.166 PIPELINE_PEAK_VRAM_GB=61.543
ROUTING_ACTUAL TOP1=0.658044 TOP8=0.705622 WORST_TOP8=0.606716 COS=0.856134 LOAD_JSD=0.011228
========================================================================================

========================================================================================
CASE=ruler-niah_single_2-16384-line44 TASK=niah_single_2 TARGET_LEN=16384 DEPTH=69.82%
METHOD=kiaomni_s8_r0.0625 SCORE=100.00 ALL_CORRECT=True
TOKENS=1016/16257 RETENTION=6.250% COMPRESSION=16.001x
NEEDLE_RECALL=1.000000 COMPLETE=1/1
--- RAW ANSWER ---
The special magic number for icy-queen mentioned in the provided text is **5055688**.
PPL=5.552713 TTFT=1.8955141910000748 OUT_TOK_S=4.048 GEN_PEAK_VRAM_GB=57.022 PIPELINE_PEAK_VRAM_GB=61.543
ROUTING_ACTUAL TOP1=0.615096 TOP8=0.667308 WORST_TOP8=0.558173 COS=0.826798 LOAD_JSD=0.014264
========================================================================================

========================================================================================
CASE=ruler-niah_single_2-16384-line44 TASK=niah_single_2 TARGET_LEN=16384 DEPTH=69.82%
METHOD=kiaomni_gaussian_r0.25 SCORE=100.00 ALL_CORRECT=True
TOKENS=4064/16257 RETENTION=24.998% COMPRESSION=4.000x
NEEDLE_RECALL=1.000000 COMPLETE=1/1
--- RAW ANSWER ---
The special magic number for icy-queen mentioned in the provided text is **5055688**.
PPL=4.813531 TTFT=2.0834197919999724 OUT_TOK_S=3.945 GEN_PEAK_VRAM_GB=57.453 PIPELINE_PEAK_VRAM_GB=61.543
ROUTING_ACTUAL TOP1=0.697517 TOP8=0.740445 WORST_TOP8=0.649362 COS=0.880900 LOAD_JSD=0.009732
========================================================================================

========================================================================================
CASE=ruler-niah_single_2-16384-line44 TASK=niah_single_2 TARGET_LEN=16384 DEPTH=69.82%
METHOD=kiaomni_gaussian_r0.125 SCORE=100.00 ALL_CORRECT=True
TOKENS=2032/16257 RETENTION=12.499% COMPRESSION=8.000x
NEEDLE_RECALL=1.000000 COMPLETE=1/1
--- RAW ANSWER ---
The special magic number for icy-queen mentioned in the provided text is **5055688**.
PPL=7.936152 TTFT=1.9286391619999677 OUT_TOK_S=4.058 GEN_PEAK_VRAM_GB=57.166 PIPELINE_PEAK_VRAM_GB=61.543
ROUTING_ACTUAL TOP1=0.650929 TOP8=0.698627 WORST_TOP8=0.600743 COS=0.850387 LOAD_JSD=0.012210
========================================================================================

========================================================================================
CASE=ruler-niah_single_2-16384-line44 TASK=niah_single_2 TARGET_LEN=16384 DEPTH=69.82%
METHOD=kiaomni_gaussian_r0.0625 SCORE=100.00 ALL_CORRECT=True
TOKENS=1016/16257 RETENTION=6.250% COMPRESSION=16.001x
NEEDLE_RECALL=1.000000 COMPLETE=1/1
--- RAW ANSWER ---
The special magic number for icy-queen mentioned in the provided text is **5055688**.
PPL=7.936152 TTFT=1.9583202119999896 OUT_TOK_S=4.014 GEN_PEAK_VRAM_GB=57.022 PIPELINE_PEAK_VRAM_GB=61.543
ROUTING_ACTUAL TOP1=0.594837 TOP8=0.652325 WORST_TOP8=0.544576 COS=0.813403 LOAD_JSD=0.017748
========================================================================================

========================================================================================
CASE=ruler-niah_single_2-16384-line2 TASK=niah_single_2 TARGET_LEN=16384 DEPTH=89.02%
METHOD=full_context SCORE=100.00 ALL_CORRECT=True
TOKENS=16260/16260 RETENTION=100.000% COMPRESSION=1.000x
NEEDLE_RECALL=1.000000 COMPLETE=1/1
--- RAW ANSWER ---
The special magic number for average-pendulum mentioned in the provided text is **5041154**.
PPL=1.400798 TTFT=3.407184359999974 OUT_TOK_S=3.297 GEN_PEAK_VRAM_GB=59.158 PIPELINE_PEAK_VRAM_GB=59.158
========================================================================================

========================================================================================
CASE=ruler-niah_single_2-16384-line2 TASK=niah_single_2 TARGET_LEN=16384 DEPTH=89.02%
METHOD=kiaomni_s8_r0.25 SCORE=100.00 ALL_CORRECT=True
TOKENS=4065/16260 RETENTION=25.000% COMPRESSION=4.000x
NEEDLE_RECALL=1.000000 COMPLETE=1/1
--- RAW ANSWER ---
The special magic number for average-pendulum mentioned in the provided text is **5041154**.
PPL=4.644656 TTFT=2.0796452739999722 OUT_TOK_S=4.008 GEN_PEAK_VRAM_GB=57.453 PIPELINE_PEAK_VRAM_GB=61.543
ROUTING_ACTUAL TOP1=0.702542 TOP8=0.743966 WORST_TOP8=0.658418 COS=0.882876 LOAD_JSD=0.009247
========================================================================================

========================================================================================
CASE=ruler-niah_single_2-16384-line2 TASK=niah_single_2 TARGET_LEN=16384 DEPTH=89.02%
METHOD=kiaomni_s8_r0.125 SCORE=100.00 ALL_CORRECT=True
TOKENS=2032/16260 RETENTION=12.497% COMPRESSION=8.002x
NEEDLE_RECALL=1.000000 COMPLETE=1/1
--- RAW ANSWER ---
The special magic number for average-pendulum mentioned in the provided text is **5041154**.
PPL=11.342667 TTFT=1.9711384859999725 OUT_TOK_S=4.040 GEN_PEAK_VRAM_GB=57.166 PIPELINE_PEAK_VRAM_GB=61.543
ROUTING_ACTUAL TOP1=0.661961 TOP8=0.710766 WORST_TOP8=0.614864 COS=0.861828 LOAD_JSD=0.010894
========================================================================================

========================================================================================
CASE=ruler-niah_single_2-16384-line2 TASK=niah_single_2 TARGET_LEN=16384 DEPTH=89.02%
METHOD=kiaomni_s8_r0.0625 SCORE=100.00 ALL_CORRECT=True
TOKENS=1016/16260 RETENTION=6.248% COMPRESSION=16.004x
NEEDLE_RECALL=1.000000 COMPLETE=1/1
--- RAW ANSWER ---
The special magic number for average-pendulum mentioned in the provided text is **5041154**.
PPL=19.730051 TTFT=1.976158240000018 OUT_TOK_S=4.032 GEN_PEAK_VRAM_GB=57.022 PIPELINE_PEAK_VRAM_GB=61.543
ROUTING_ACTUAL TOP1=0.622252 TOP8=0.670771 WORST_TOP8=0.554648 COS=0.831827 LOAD_JSD=0.013355
========================================================================================

========================================================================================
CASE=ruler-niah_single_2-16384-line2 TASK=niah_single_2 TARGET_LEN=16384 DEPTH=89.02%
METHOD=kiaomni_gaussian_r0.25 SCORE=100.00 ALL_CORRECT=True
TOKENS=4065/16260 RETENTION=25.000% COMPRESSION=4.000x
NEEDLE_RECALL=1.000000 COMPLETE=1/1
--- RAW ANSWER ---
The special magic number for average-pendulum mentioned in the provided text is **5041154**.
PPL=6.180684 TTFT=2.0815688719999343 OUT_TOK_S=3.983 GEN_PEAK_VRAM_GB=57.453 PIPELINE_PEAK_VRAM_GB=61.543
ROUTING_ACTUAL TOP1=0.703828 TOP8=0.745259 WORST_TOP8=0.654573 COS=0.884510 LOAD_JSD=0.009279
========================================================================================

========================================================================================
CASE=ruler-niah_single_2-16384-line2 TASK=niah_single_2 TARGET_LEN=16384 DEPTH=89.02%
METHOD=kiaomni_gaussian_r0.125 SCORE=100.00 ALL_CORRECT=True
TOKENS=2032/16260 RETENTION=12.497% COMPRESSION=8.002x
NEEDLE_RECALL=1.000000 COMPLETE=1/1
--- RAW ANSWER ---
The special magic number for average-pendulum mentioned in the provided text is **5041154**.
PPL=10.190221 TTFT=1.9338599360000899 OUT_TOK_S=4.105 GEN_PEAK_VRAM_GB=57.166 PIPELINE_PEAK_VRAM_GB=61.543
ROUTING_ACTUAL TOP1=0.653225 TOP8=0.702526 WORST_TOP8=0.605918 COS=0.854573 LOAD_JSD=0.011506
========================================================================================

========================================================================================
CASE=ruler-niah_single_2-16384-line2 TASK=niah_single_2 TARGET_LEN=16384 DEPTH=89.02%
METHOD=kiaomni_gaussian_r0.0625 SCORE=100.00 ALL_CORRECT=True
TOKENS=1016/16260 RETENTION=6.248% COMPRESSION=16.004x
NEEDLE_RECALL=1.000000 COMPLETE=1/1
--- RAW ANSWER ---
The special magic number for average-pendulum mentioned in the provided text is **5041154**.
PPL=14.306506 TTFT=1.8965284910000264 OUT_TOK_S=4.074 GEN_PEAK_VRAM_GB=57.022 PIPELINE_PEAK_VRAM_GB=61.543
ROUTING_ACTUAL TOP1=0.599881 TOP8=0.655640 WORST_TOP8=0.542863 COS=0.819558 LOAD_JSD=0.016832
========================================================================================

========================================================================================
CASE=ruler-niah_multikey_1-8192-line37 TASK=niah_multikey_1 TARGET_LEN=8192 DEPTH=9.50%
METHOD=full_context SCORE=100.00 ALL_CORRECT=True
TOKENS=7489/7489 RETENTION=100.000% COMPRESSION=1.000x
NEEDLE_RECALL=1.000000 COMPLETE=1/1
--- RAW ANSWER ---
The special magic number for obnoxious-praise mentioned in the provided text is **3955709**.
PPL=1.904912 TTFT=2.3778454970000666 OUT_TOK_S=3.835 GEN_PEAK_VRAM_GB=57.935 PIPELINE_PEAK_VRAM_GB=57.935
========================================================================================

========================================================================================
CASE=ruler-niah_multikey_1-8192-line37 TASK=niah_multikey_1 TARGET_LEN=8192 DEPTH=9.50%
METHOD=kiaomni_s8_r0.25 SCORE=100.00 ALL_CORRECT=True
TOKENS=1872/7489 RETENTION=24.997% COMPRESSION=4.001x
NEEDLE_RECALL=1.000000 COMPLETE=1/1
--- RAW ANSWER ---
The special magic number for obnoxious-praise mentioned in the provided text is **3955709**.
PPL=9.832708 TTFT=1.9071036710000726 OUT_TOK_S=4.112 GEN_PEAK_VRAM_GB=57.147 PIPELINE_PEAK_VRAM_GB=59.027
ROUTING_ACTUAL TOP1=0.693588 TOP8=0.740860 WORST_TOP8=0.648256 COS=0.879690 LOAD_JSD=0.008310
========================================================================================

========================================================================================
CASE=ruler-niah_multikey_1-8192-line37 TASK=niah_multikey_1 TARGET_LEN=8192 DEPTH=9.50%
METHOD=kiaomni_s8_r0.125 SCORE=100.00 ALL_CORRECT=True
TOKENS=936/7489 RETENTION=12.498% COMPRESSION=8.001x
NEEDLE_RECALL=1.000000 COMPLETE=1/1
--- RAW ANSWER ---
The special magic number for obnoxious-praise mentioned in the provided text is **3955709**.
PPL=11.141918 TTFT=1.919773133999911 OUT_TOK_S=4.068 GEN_PEAK_VRAM_GB=57.010 PIPELINE_PEAK_VRAM_GB=59.027
ROUTING_ACTUAL TOP1=0.633258 TOP8=0.683155 WORST_TOP8=0.575492 COS=0.842949 LOAD_JSD=0.011288
========================================================================================

========================================================================================
CASE=ruler-niah_multikey_1-8192-line37 TASK=niah_multikey_1 TARGET_LEN=8192 DEPTH=9.50%
METHOD=kiaomni_s8_r0.0625 SCORE=100.00 ALL_CORRECT=True
TOKENS=468/7489 RETENTION=6.249% COMPRESSION=16.002x
NEEDLE_RECALL=1.000000 COMPLETE=1/1
--- RAW ANSWER ---
The special magic number for obnoxious-praise mentioned in the provided text is **3955709**.
PPL=6.879676 TTFT=1.8021635129999822 OUT_TOK_S=4.162 GEN_PEAK_VRAM_GB=56.945 PIPELINE_PEAK_VRAM_GB=59.027
ROUTING_ACTUAL TOP1=0.574608 TOP8=0.625680 WORST_TOP8=0.514912 COS=0.794110 LOAD_JSD=0.019129
========================================================================================

========================================================================================
CASE=ruler-niah_multikey_1-8192-line37 TASK=niah_multikey_1 TARGET_LEN=8192 DEPTH=9.50%
METHOD=kiaomni_gaussian_r0.25 SCORE=100.00 ALL_CORRECT=True
TOKENS=1872/7489 RETENTION=24.997% COMPRESSION=4.001x
NEEDLE_RECALL=1.000000 COMPLETE=1/1
--- RAW ANSWER ---
The special magic number for obnoxious-praise mentioned in the provided text is **3955709**.
PPL=7.389058 TTFT=1.93663252500005 OUT_TOK_S=4.062 GEN_PEAK_VRAM_GB=57.147 PIPELINE_PEAK_VRAM_GB=59.027
ROUTING_ACTUAL TOP1=0.690972 TOP8=0.736970 WORST_TOP8=0.643811 COS=0.878309 LOAD_JSD=0.009416
========================================================================================

========================================================================================
CASE=ruler-niah_multikey_1-8192-line37 TASK=niah_multikey_1 TARGET_LEN=8192 DEPTH=9.50%
METHOD=kiaomni_gaussian_r0.125 SCORE=100.00 ALL_CORRECT=True
TOKENS=936/7489 RETENTION=12.498% COMPRESSION=8.001x
NEEDLE_RECALL=1.000000 COMPLETE=1/1
--- RAW ANSWER ---
The special magic number for obnoxious-praise mentioned in the provided text is **3955709**.
PPL=10.944719 TTFT=1.9197877939999444 OUT_TOK_S=4.087 GEN_PEAK_VRAM_GB=57.010 PIPELINE_PEAK_VRAM_GB=59.027
ROUTING_ACTUAL TOP1=0.623976 TOP8=0.676198 WORST_TOP8=0.569969 COS=0.836783 LOAD_JSD=0.012638
========================================================================================

========================================================================================
CASE=ruler-niah_multikey_1-8192-line37 TASK=niah_multikey_1 TARGET_LEN=8192 DEPTH=9.50%
METHOD=kiaomni_gaussian_r0.0625 SCORE=100.00 ALL_CORRECT=True
TOKENS=468/7489 RETENTION=6.249% COMPRESSION=16.002x
NEEDLE_RECALL=1.000000 COMPLETE=1/1
--- RAW ANSWER ---
The special magic number for obnoxious-praise mentioned in the provided text is **3955709**.
PPL=5.357902 TTFT=1.8087621639999725 OUT_TOK_S=4.161 GEN_PEAK_VRAM_GB=56.945 PIPELINE_PEAK_VRAM_GB=59.027
ROUTING_ACTUAL TOP1=0.569044 TOP8=0.614289 WORST_TOP8=0.518082 COS=0.783074 LOAD_JSD=0.019039
========================================================================================

========================================================================================
CASE=ruler-niah_multikey_1-8192-line48 TASK=niah_multikey_1 TARGET_LEN=8192 DEPTH=26.99%
METHOD=full_context SCORE=100.00 ALL_CORRECT=True
TOKENS=8068/8068 RETENTION=100.000% COMPRESSION=1.000x
NEEDLE_RECALL=1.000000 COMPLETE=1/1
--- RAW ANSWER ---
The special magic number for credible-valley mentioned in the provided text is **6865386**.
PPL=2.118587 TTFT=2.4666253780000034 OUT_TOK_S=3.689 GEN_PEAK_VRAM_GB=58.011 PIPELINE_PEAK_VRAM_GB=58.011
========================================================================================

========================================================================================
CASE=ruler-niah_multikey_1-8192-line48 TASK=niah_multikey_1 TARGET_LEN=8192 DEPTH=26.99%
METHOD=kiaomni_s8_r0.25 SCORE=100.00 ALL_CORRECT=True
TOKENS=2017/8068 RETENTION=25.000% COMPRESSION=4.000x
NEEDLE_RECALL=1.000000 COMPLETE=1/1
--- RAW ANSWER ---
The special magic number for **credible-valley** mentioned in the provided text is:

**6865386**
PPL=12.182494 TTFT=1.9566404900000407 OUT_TOK_S=4.079 GEN_PEAK_VRAM_GB=57.166 PIPELINE_PEAK_VRAM_GB=59.193
ROUTING_ACTUAL TOP1=0.689504 TOP8=0.735096 WORST_TOP8=0.650895 COS=0.875673 LOAD_JSD=0.009598
========================================================================================

========================================================================================
CASE=ruler-niah_multikey_1-8192-line48 TASK=niah_multikey_1 TARGET_LEN=8192 DEPTH=26.99%
METHOD=kiaomni_s8_r0.125 SCORE=100.00 ALL_CORRECT=True
TOKENS=1008/8068 RETENTION=12.494% COMPRESSION=8.004x
NEEDLE_RECALL=1.000000 COMPLETE=1/1
--- RAW ANSWER ---
The special magic number for **credible-valley** mentioned in the provided text is: **6865386**.
PPL=17.411709 TTFT=1.959518203000016 OUT_TOK_S=4.154 GEN_PEAK_VRAM_GB=57.021 PIPELINE_PEAK_VRAM_GB=59.193
ROUTING_ACTUAL TOP1=0.641431 TOP8=0.687029 WORST_TOP8=0.588004 COS=0.846158 LOAD_JSD=0.012029
========================================================================================

========================================================================================
CASE=ruler-niah_multikey_1-8192-line48 TASK=niah_multikey_1 TARGET_LEN=8192 DEPTH=26.99%
METHOD=kiaomni_s8_r0.0625 SCORE=100.00 ALL_CORRECT=True
TOKENS=504/8068 RETENTION=6.247% COMPRESSION=16.008x
NEEDLE_RECALL=1.000000 COMPLETE=1/1
--- RAW ANSWER ---
The special magic number for credible-valley mentioned in the provided text is **6865386**.
PPL=5.963842 TTFT=1.8085595070000409 OUT_TOK_S=4.126 GEN_PEAK_VRAM_GB=56.950 PIPELINE_PEAK_VRAM_GB=59.193
ROUTING_ACTUAL TOP1=0.585483 TOP8=0.629238 WORST_TOP8=0.514920 COS=0.797265 LOAD_JSD=0.018570
========================================================================================

========================================================================================
CASE=ruler-niah_multikey_1-8192-line48 TASK=niah_multikey_1 TARGET_LEN=8192 DEPTH=26.99%
METHOD=kiaomni_gaussian_r0.25 SCORE=100.00 ALL_CORRECT=True
TOKENS=2017/8068 RETENTION=25.000% COMPRESSION=4.000x
NEEDLE_RECALL=1.000000 COMPLETE=1/1
--- RAW ANSWER ---
The special magic number for **credible-valley** mentioned in the provided text is **6865386**.
PPL=14.826684 TTFT=1.955009559999894 OUT_TOK_S=4.115 GEN_PEAK_VRAM_GB=57.166 PIPELINE_PEAK_VRAM_GB=59.193
ROUTING_ACTUAL TOP1=0.694895 TOP8=0.738501 WORST_TOP8=0.653908 COS=0.879903 LOAD_JSD=0.009332
========================================================================================

========================================================================================
CASE=ruler-niah_multikey_1-8192-line48 TASK=niah_multikey_1 TARGET_LEN=8192 DEPTH=26.99%
METHOD=kiaomni_gaussian_r0.125 SCORE=100.00 ALL_CORRECT=True
TOKENS=1008/8068 RETENTION=12.494% COMPRESSION=8.004x
NEEDLE_RECALL=1.000000 COMPLETE=1/1
--- RAW ANSWER ---
The special magic number for **credible-valley** mentioned in the provided text is **6865386**.
PPL=15.365779 TTFT=2.0237285670000347 OUT_TOK_S=4.038 GEN_PEAK_VRAM_GB=57.021 PIPELINE_PEAK_VRAM_GB=59.193
ROUTING_ACTUAL TOP1=0.633226 TOP8=0.680309 WORST_TOP8=0.576228 COS=0.840080 LOAD_JSD=0.012512
========================================================================================

========================================================================================
CASE=ruler-niah_multikey_1-8192-line48 TASK=niah_multikey_1 TARGET_LEN=8192 DEPTH=26.99%
METHOD=kiaomni_gaussian_r0.0625 SCORE=100.00 ALL_CORRECT=True
TOKENS=504/8068 RETENTION=6.247% COMPRESSION=16.008x
NEEDLE_RECALL=1.000000 COMPLETE=1/1
--- RAW ANSWER ---
The special magic number for **credible-valley** mentioned in the provided text is **6865386**.
PPL=8.833678 TTFT=1.7853449309999405 OUT_TOK_S=4.201 GEN_PEAK_VRAM_GB=56.950 PIPELINE_PEAK_VRAM_GB=59.193
ROUTING_ACTUAL TOP1=0.579489 TOP8=0.622295 WORST_TOP8=0.514196 COS=0.792467 LOAD_JSD=0.018021
========================================================================================

========================================================================================
CASE=ruler-niah_multikey_1-8192-line3 TASK=niah_multikey_1 TARGET_LEN=8192 DEPTH=48.48%
METHOD=full_context SCORE=100.00 ALL_CORRECT=True
TOKENS=7487/7487 RETENTION=100.000% COMPRESSION=1.000x
NEEDLE_RECALL=1.000000 COMPLETE=1/1
--- RAW ANSWER ---
The special magic number for **feigned-board** mentioned in the provided text is **7784725**.
PPL=1.714353 TTFT=2.413425555999993 OUT_TOK_S=3.821 GEN_PEAK_VRAM_GB=57.928 PIPELINE_PEAK_VRAM_GB=57.928
========================================================================================

========================================================================================
CASE=ruler-niah_multikey_1-8192-line3 TASK=niah_multikey_1 TARGET_LEN=8192 DEPTH=48.48%
METHOD=kiaomni_s8_r0.25 SCORE=100.00 ALL_CORRECT=True
TOKENS=1872/7487 RETENTION=25.003% COMPRESSION=3.999x
NEEDLE_RECALL=1.000000 COMPLETE=1/1
--- RAW ANSWER ---
The special magic number for **feigned-board** mentioned in the provided text is: **7784725**.
PPL=6.405411 TTFT=1.9196352379999553 OUT_TOK_S=4.180 GEN_PEAK_VRAM_GB=57.147 PIPELINE_PEAK_VRAM_GB=59.027
ROUTING_ACTUAL TOP1=0.692241 TOP8=0.736768 WORST_TOP8=0.641963 COS=0.879522 LOAD_JSD=0.008229
========================================================================================

========================================================================================
CASE=ruler-niah_multikey_1-8192-line3 TASK=niah_multikey_1 TARGET_LEN=8192 DEPTH=48.48%
METHOD=kiaomni_s8_r0.125 SCORE=100.00 ALL_CORRECT=True
TOKENS=936/7487 RETENTION=12.502% COMPRESSION=7.999x
NEEDLE_RECALL=1.000000 COMPLETE=1/1
--- RAW ANSWER ---
The special magic number for **feigned-board** mentioned in the provided text is **7784725**.
PPL=9.154867 TTFT=1.9930116829999633 OUT_TOK_S=4.086 GEN_PEAK_VRAM_GB=57.010 PIPELINE_PEAK_VRAM_GB=59.027
ROUTING_ACTUAL TOP1=0.629696 TOP8=0.679685 WORST_TOP8=0.563630 COS=0.837976 LOAD_JSD=0.011862
========================================================================================

========================================================================================
CASE=ruler-niah_multikey_1-8192-line3 TASK=niah_multikey_1 TARGET_LEN=8192 DEPTH=48.48%
METHOD=kiaomni_s8_r0.0625 SCORE=100.00 ALL_CORRECT=True
TOKENS=468/7487 RETENTION=6.251% COMPRESSION=15.998x
NEEDLE_RECALL=1.000000 COMPLETE=1/1
--- RAW ANSWER ---
The special magic number for **feigned-board** mentioned in the provided text is **7784725**.
PPL=4.988547 TTFT=1.809654194000018 OUT_TOK_S=4.211 GEN_PEAK_VRAM_GB=56.945 PIPELINE_PEAK_VRAM_GB=59.027
ROUTING_ACTUAL TOP1=0.589120 TOP8=0.627003 WORST_TOP8=0.512835 COS=0.795536 LOAD_JSD=0.017830
========================================================================================

========================================================================================
CASE=ruler-niah_multikey_1-8192-line3 TASK=niah_multikey_1 TARGET_LEN=8192 DEPTH=48.48%
METHOD=kiaomni_gaussian_r0.25 SCORE=100.00 ALL_CORRECT=True
TOKENS=1872/7487 RETENTION=25.003% COMPRESSION=3.999x
NEEDLE_RECALL=1.000000 COMPLETE=1/1
--- RAW ANSWER ---
The special magic number for **feigned-board** mentioned in the provided text is: **7784725**.
PPL=6.879676 TTFT=1.902531665999959 OUT_TOK_S=4.204 GEN_PEAK_VRAM_GB=57.147 PIPELINE_PEAK_VRAM_GB=59.027
ROUTING_ACTUAL TOP1=0.688691 TOP8=0.732213 WORST_TOP8=0.639615 COS=0.875963 LOAD_JSD=0.009053
========================================================================================

========================================================================================
CASE=ruler-niah_multikey_1-8192-line3 TASK=niah_multikey_1 TARGET_LEN=8192 DEPTH=48.48%
METHOD=kiaomni_gaussian_r0.125 SCORE=100.00 ALL_CORRECT=True
TOKENS=936/7487 RETENTION=12.502% COMPRESSION=7.999x
NEEDLE_RECALL=1.000000 COMPLETE=1/1
--- RAW ANSWER ---
The special magic number for **feigned-board** mentioned in the provided text is **7784725**.
PPL=10.190221 TTFT=1.8839303329999666 OUT_TOK_S=3.939 GEN_PEAK_VRAM_GB=57.010 PIPELINE_PEAK_VRAM_GB=59.027
ROUTING_ACTUAL TOP1=0.628517 TOP8=0.671061 WORST_TOP8=0.561180 COS=0.832005 LOAD_JSD=0.013050
========================================================================================

========================================================================================
CASE=ruler-niah_multikey_1-8192-line3 TASK=niah_multikey_1 TARGET_LEN=8192 DEPTH=48.48%
METHOD=kiaomni_gaussian_r0.0625 SCORE=100.00 ALL_CORRECT=True
TOKENS=468/7487 RETENTION=6.251% COMPRESSION=15.998x
NEEDLE_RECALL=1.000000 COMPLETE=1/1
--- RAW ANSWER ---
The special magic number for **feigned-board** mentioned in the provided text is **7784725**.
PPL=5.357902 TTFT=1.792566203999968 OUT_TOK_S=4.229 GEN_PEAK_VRAM_GB=56.945 PIPELINE_PEAK_VRAM_GB=59.027
ROUTING_ACTUAL TOP1=0.565438 TOP8=0.603163 WORST_TOP8=0.500332 COS=0.773264 LOAD_JSD=0.020894
========================================================================================

========================================================================================
CASE=ruler-niah_multikey_1-8192-line49 TASK=niah_multikey_1 TARGET_LEN=8192 DEPTH=70.60%
METHOD=full_context SCORE=100.00 ALL_CORRECT=True
TOKENS=7490/7490 RETENTION=100.000% COMPRESSION=1.000x
NEEDLE_RECALL=1.000000 COMPLETE=1/1
--- RAW ANSWER ---
The special magic number for **breezy-allocation** mentioned in the provided text is: **7983542**.
PPL=1.599593 TTFT=2.3858156420000114 OUT_TOK_S=4.010 GEN_PEAK_VRAM_GB=57.935 PIPELINE_PEAK_VRAM_GB=57.935
========================================================================================

========================================================================================
CASE=ruler-niah_multikey_1-8192-line49 TASK=niah_multikey_1 TARGET_LEN=8192 DEPTH=70.60%
METHOD=kiaomni_s8_r0.25 SCORE=100.00 ALL_CORRECT=True
TOKENS=1872/7490 RETENTION=24.993% COMPRESSION=4.001x
NEEDLE_RECALL=1.000000 COMPLETE=1/1
--- RAW ANSWER ---
The special magic number for **breezy-allocation** mentioned in the provided text is: **7983542**.
PPL=5.552713 TTFT=1.9184220209999694 OUT_TOK_S=4.196 GEN_PEAK_VRAM_GB=57.147 PIPELINE_PEAK_VRAM_GB=59.027
ROUTING_ACTUAL TOP1=0.680322 TOP8=0.727424 WORST_TOP8=0.630524 COS=0.872320 LOAD_JSD=0.009635
========================================================================================

========================================================================================
CASE=ruler-niah_multikey_1-8192-line49 TASK=niah_multikey_1 TARGET_LEN=8192 DEPTH=70.60%
METHOD=kiaomni_s8_r0.125 SCORE=100.00 ALL_CORRECT=True
TOKENS=936/7490 RETENTION=12.497% COMPRESSION=8.002x
NEEDLE_RECALL=1.000000 COMPLETE=1/1
--- RAW ANSWER ---
The special magic number for **breezy-allocation** mentioned in the provided text is **7983542**.
PPL=10.751013 TTFT=1.8653527079999321 OUT_TOK_S=4.269 GEN_PEAK_VRAM_GB=57.010 PIPELINE_PEAK_VRAM_GB=59.027
ROUTING_ACTUAL TOP1=0.626269 TOP8=0.672117 WORST_TOP8=0.563385 COS=0.835461 LOAD_JSD=0.012477
========================================================================================

========================================================================================
CASE=ruler-niah_multikey_1-8192-line49 TASK=niah_multikey_1 TARGET_LEN=8192 DEPTH=70.60%
METHOD=kiaomni_s8_r0.0625 SCORE=100.00 ALL_CORRECT=True
TOKENS=468/7490 RETENTION=6.248% COMPRESSION=16.004x
NEEDLE_RECALL=1.000000 COMPLETE=1/1
--- RAW ANSWER ---
The special magic number for **breezy-allocation** mentioned in the provided text is **7983542**.
PPL=5.169927 TTFT=1.8248072460000913 OUT_TOK_S=4.281 GEN_PEAK_VRAM_GB=56.945 PIPELINE_PEAK_VRAM_GB=59.027
ROUTING_ACTUAL TOP1=0.563657 TOP8=0.603104 WORST_TOP8=0.478392 COS=0.775747 LOAD_JSD=0.022780
========================================================================================

========================================================================================
CASE=ruler-niah_multikey_1-8192-line49 TASK=niah_multikey_1 TARGET_LEN=8192 DEPTH=70.60%
METHOD=kiaomni_gaussian_r0.25 SCORE=100.00 ALL_CORRECT=True
TOKENS=1872/7490 RETENTION=24.993% COMPRESSION=4.001x
NEEDLE_RECALL=1.000000 COMPLETE=1/1
--- RAW ANSWER ---
The special magic number for **breezy-allocation** mentioned in the provided text is: **7983542**.
PPL=5.357902 TTFT=1.9306489090000696 OUT_TOK_S=4.245 GEN_PEAK_VRAM_GB=57.147 PIPELINE_PEAK_VRAM_GB=59.027
ROUTING_ACTUAL TOP1=0.683115 TOP8=0.728690 WORST_TOP8=0.630529 COS=0.874529 LOAD_JSD=0.009691
========================================================================================

========================================================================================
CASE=ruler-niah_multikey_1-8192-line49 TASK=niah_multikey_1 TARGET_LEN=8192 DEPTH=70.60%
METHOD=kiaomni_gaussian_r0.125 SCORE=100.00 ALL_CORRECT=True
TOKENS=936/7490 RETENTION=12.497% COMPRESSION=8.002x
NEEDLE_RECALL=1.000000 COMPLETE=1/1
--- RAW ANSWER ---
The special magic number for **breezy-allocation** mentioned in the provided text is **7983542**.
PPL=8.523756 TTFT=1.9482609819999652 OUT_TOK_S=4.128 GEN_PEAK_VRAM_GB=57.010 PIPELINE_PEAK_VRAM_GB=59.027
ROUTING_ACTUAL TOP1=0.597044 TOP8=0.645627 WORST_TOP8=0.529403 COS=0.815466 LOAD_JSD=0.017042
========================================================================================

========================================================================================
CASE=ruler-niah_multikey_1-8192-line49 TASK=niah_multikey_1 TARGET_LEN=8192 DEPTH=70.60%
METHOD=kiaomni_gaussian_r0.0625 SCORE=100.00 ALL_CORRECT=True
TOKENS=468/7490 RETENTION=6.248% COMPRESSION=16.004x
NEEDLE_RECALL=1.000000 COMPLETE=1/1
--- RAW ANSWER ---
The special magic number for **breezy-allocation** mentioned in the provided text is **7983542**.
PPL=4.988547 TTFT=1.782234184999993 OUT_TOK_S=4.305 GEN_PEAK_VRAM_GB=56.945 PIPELINE_PEAK_VRAM_GB=59.027
ROUTING_ACTUAL TOP1=0.555422 TOP8=0.590518 WORST_TOP8=0.472080 COS=0.766396 LOAD_JSD=0.022827
========================================================================================

========================================================================================
CASE=ruler-niah_multikey_1-8192-line14 TASK=niah_multikey_1 TARGET_LEN=8192 DEPTH=88.28%
METHOD=full_context SCORE=100.00 ALL_CORRECT=True
TOKENS=8071/8071 RETENTION=100.000% COMPRESSION=1.000x
NEEDLE_RECALL=1.000000 COMPLETE=1/1
--- RAW ANSWER ---
The special magic number for **wakeful-guy** mentioned in the provided text is **4789255**.
PPL=1.973488 TTFT=2.4384437639999987 OUT_TOK_S=3.891 GEN_PEAK_VRAM_GB=58.012 PIPELINE_PEAK_VRAM_GB=58.012
========================================================================================

========================================================================================
CASE=ruler-niah_multikey_1-8192-line14 TASK=niah_multikey_1 TARGET_LEN=8192 DEPTH=88.28%
METHOD=kiaomni_s8_r0.25 SCORE=100.00 ALL_CORRECT=True
TOKENS=2018/8071 RETENTION=25.003% COMPRESSION=4.000x
NEEDLE_RECALL=1.000000 COMPLETE=1/1
--- RAW ANSWER ---
The special magic number for **wakeful-guy** mentioned in the provided text is **4789255**.
PPL=5.754607 TTFT=1.923031925000032 OUT_TOK_S=4.189 GEN_PEAK_VRAM_GB=57.166 PIPELINE_PEAK_VRAM_GB=59.194
ROUTING_ACTUAL TOP1=0.686798 TOP8=0.733973 WORST_TOP8=0.638349 COS=0.876684 LOAD_JSD=0.009455
========================================================================================

========================================================================================
CASE=ruler-niah_multikey_1-8192-line14 TASK=niah_multikey_1 TARGET_LEN=8192 DEPTH=88.28%
METHOD=kiaomni_s8_r0.125 SCORE=100.00 ALL_CORRECT=True
TOKENS=1009/8071 RETENTION=12.502% COMPRESSION=7.999x
NEEDLE_RECALL=1.000000 COMPLETE=1/1
--- RAW ANSWER ---
The special magic number for **wakeful-guy** mentioned in the provided text is **4789255**.
PPL=7.389058 TTFT=1.9556298620000234 OUT_TOK_S=4.155 GEN_PEAK_VRAM_GB=57.021 PIPELINE_PEAK_VRAM_GB=59.194
ROUTING_ACTUAL TOP1=0.621944 TOP8=0.669097 WORST_TOP8=0.567623 COS=0.835537 LOAD_JSD=0.012448
========================================================================================

========================================================================================
CASE=ruler-niah_multikey_1-8192-line14 TASK=niah_multikey_1 TARGET_LEN=8192 DEPTH=88.28%
METHOD=kiaomni_s8_r0.0625 SCORE=100.00 ALL_CORRECT=True
TOKENS=504/8071 RETENTION=6.245% COMPRESSION=16.014x
NEEDLE_RECALL=1.000000 COMPLETE=1/1
--- RAW ANSWER ---
The special magic number for **wakeful-guy** mentioned in the provided text is **4789255**.
PPL=8.833678 TTFT=1.8038637019999442 OUT_TOK_S=4.248 GEN_PEAK_VRAM_GB=56.950 PIPELINE_PEAK_VRAM_GB=59.194
ROUTING_ACTUAL TOP1=0.573909 TOP8=0.615183 WORST_TOP8=0.511933 COS=0.785147 LOAD_JSD=0.019411
========================================================================================

========================================================================================
CASE=ruler-niah_multikey_1-8192-line14 TASK=niah_multikey_1 TARGET_LEN=8192 DEPTH=88.28%
METHOD=kiaomni_gaussian_r0.25 SCORE=100.00 ALL_CORRECT=True
TOKENS=2018/8071 RETENTION=25.003% COMPRESSION=4.000x
NEEDLE_RECALL=1.000000 COMPLETE=1/1
--- RAW ANSWER ---
The special magic number for **wakeful-guy** mentioned in the provided text is: **4789255**.
PPL=7.657721 TTFT=1.9559868110000025 OUT_TOK_S=4.195 GEN_PEAK_VRAM_GB=57.166 PIPELINE_PEAK_VRAM_GB=59.194
ROUTING_ACTUAL TOP1=0.685838 TOP8=0.729205 WORST_TOP8=0.638639 COS=0.874087 LOAD_JSD=0.009607
========================================================================================

========================================================================================
CASE=ruler-niah_multikey_1-8192-line14 TASK=niah_multikey_1 TARGET_LEN=8192 DEPTH=88.28%
METHOD=kiaomni_gaussian_r0.125 SCORE=100.00 ALL_CORRECT=True
TOKENS=1009/8071 RETENTION=12.502% COMPRESSION=7.999x
NEEDLE_RECALL=1.000000 COMPLETE=1/1
--- RAW ANSWER ---
The special magic number for **wakeful-guy** mentioned in the provided text is: **4789255**.
PPL=7.936152 TTFT=1.910120562999964 OUT_TOK_S=4.193 GEN_PEAK_VRAM_GB=57.021 PIPELINE_PEAK_VRAM_GB=59.194
ROUTING_ACTUAL TOP1=0.595495 TOP8=0.649736 WORST_TOP8=0.541734 COS=0.815846 LOAD_JSD=0.016850
========================================================================================

========================================================================================
CASE=ruler-niah_multikey_1-8192-line14 TASK=niah_multikey_1 TARGET_LEN=8192 DEPTH=88.28%
METHOD=kiaomni_gaussian_r0.0625 SCORE=100.00 ALL_CORRECT=True
TOKENS=504/8071 RETENTION=6.245% COMPRESSION=16.014x
NEEDLE_RECALL=1.000000 COMPLETE=1/1
--- RAW ANSWER ---
The special magic number for **wakeful-guy** mentioned in the provided text is **4789255**.
PPL=7.936152 TTFT=1.780690304000018 OUT_TOK_S=4.263 GEN_PEAK_VRAM_GB=56.950 PIPELINE_PEAK_VRAM_GB=59.194
ROUTING_ACTUAL TOP1=0.549066 TOP8=0.596446 WORST_TOP8=0.500248 COS=0.769027 LOAD_JSD=0.024323
========================================================================================

========================================================================================
CASE=ruler-niah_multikey_1-16384-line30 TASK=niah_multikey_1 TARGET_LEN=16384 DEPTH=7.56%
METHOD=full_context SCORE=100.00 ALL_CORRECT=True
TOKENS=16260/16260 RETENTION=100.000% COMPRESSION=1.000x
NEEDLE_RECALL=1.000000 COMPLETE=1/1
--- RAW ANSWER ---
The special magic number for fearless-adoption mentioned in the provided text is **2189067**.
PPL=1.841686 TTFT=3.4132483689998026 OUT_TOK_S=3.267 GEN_PEAK_VRAM_GB=59.158 PIPELINE_PEAK_VRAM_GB=59.158
========================================================================================

========================================================================================
CASE=ruler-niah_multikey_1-16384-line30 TASK=niah_multikey_1 TARGET_LEN=16384 DEPTH=7.56%
METHOD=kiaomni_s8_r0.25 SCORE=100.00 ALL_CORRECT=True
TOKENS=4065/16260 RETENTION=25.000% COMPRESSION=4.000x
NEEDLE_RECALL=1.000000 COMPLETE=1/1
--- RAW ANSWER ---
The special magic number for **fearless-adoption** mentioned in the provided text is:

**2189067**
PPL=12.182494 TTFT=2.0682785530000274 OUT_TOK_S=4.137 GEN_PEAK_VRAM_GB=57.453 PIPELINE_PEAK_VRAM_GB=61.543
ROUTING_ACTUAL TOP1=0.714550 TOP8=0.754041 WORST_TOP8=0.669042 COS=0.887167 LOAD_JSD=0.008181
========================================================================================

========================================================================================
CASE=ruler-niah_multikey_1-16384-line30 TASK=niah_multikey_1 TARGET_LEN=16384 DEPTH=7.56%
METHOD=kiaomni_s8_r0.125 SCORE=100.00 ALL_CORRECT=True
TOKENS=2032/16260 RETENTION=12.497% COMPRESSION=8.002x
NEEDLE_RECALL=1.000000 COMPLETE=1/1
--- RAW ANSWER ---
The special magic number for **fearless-adoption** mentioned in the provided text is:

**2189067**
PPL=22.759895 TTFT=1.9335649009999543 OUT_TOK_S=4.191 GEN_PEAK_VRAM_GB=57.166 PIPELINE_PEAK_VRAM_GB=61.543
ROUTING_ACTUAL TOP1=0.671844 TOP8=0.715309 WORST_TOP8=0.618650 COS=0.865214 LOAD_JSD=0.009910
========================================================================================

========================================================================================
CASE=ruler-niah_multikey_1-16384-line30 TASK=niah_multikey_1 TARGET_LEN=16384 DEPTH=7.56%
METHOD=kiaomni_s8_r0.0625 SCORE=100.00 ALL_CORRECT=True
TOKENS=1016/16260 RETENTION=6.248% COMPRESSION=16.004x
NEEDLE_RECALL=1.000000 COMPLETE=1/1
--- RAW ANSWER ---
The special magic number for **fearless-adoption** mentioned in the provided text is **2189067**.
PPL=20.815843 TTFT=1.983755100000053 OUT_TOK_S=4.168 GEN_PEAK_VRAM_GB=57.022 PIPELINE_PEAK_VRAM_GB=61.543
ROUTING_ACTUAL TOP1=0.610933 TOP8=0.658881 WORST_TOP8=0.540032 COS=0.823938 LOAD_JSD=0.013286
========================================================================================

========================================================================================
CASE=ruler-niah_multikey_1-16384-line30 TASK=niah_multikey_1 TARGET_LEN=16384 DEPTH=7.56%
METHOD=kiaomni_gaussian_r0.25 SCORE=100.00 ALL_CORRECT=True
TOKENS=4065/16260 RETENTION=25.000% COMPRESSION=4.000x
NEEDLE_RECALL=1.000000 COMPLETE=1/1
--- RAW ANSWER ---
The special magic number for **fearless-adoption** mentioned in the provided text is:

**2189067**
PPL=7.258281 TTFT=2.0784267799999725 OUT_TOK_S=4.083 GEN_PEAK_VRAM_GB=57.453 PIPELINE_PEAK_VRAM_GB=61.543
ROUTING_ACTUAL TOP1=0.719316 TOP8=0.758672 WORST_TOP8=0.680358 COS=0.891944 LOAD_JSD=0.007735
========================================================================================

========================================================================================
CASE=ruler-niah_multikey_1-16384-line30 TASK=niah_multikey_1 TARGET_LEN=16384 DEPTH=7.56%
METHOD=kiaomni_gaussian_r0.125 SCORE=100.00 ALL_CORRECT=True
TOKENS=2032/16260 RETENTION=12.497% COMPRESSION=8.002x
NEEDLE_RECALL=1.000000 COMPLETE=1/1
--- RAW ANSWER ---
The special magic number for **fearless-adoption** mentioned in the provided text is:

**2189067**
PPL=10.944719 TTFT=1.9918053320000126 OUT_TOK_S=4.172 GEN_PEAK_VRAM_GB=57.166 PIPELINE_PEAK_VRAM_GB=61.543
ROUTING_ACTUAL TOP1=0.664452 TOP8=0.710317 WORST_TOP8=0.616041 COS=0.859698 LOAD_JSD=0.010695
========================================================================================

========================================================================================
CASE=ruler-niah_multikey_1-16384-line30 TASK=niah_multikey_1 TARGET_LEN=16384 DEPTH=7.56%
METHOD=kiaomni_gaussian_r0.0625 SCORE=100.00 ALL_CORRECT=True
TOKENS=1016/16260 RETENTION=6.248% COMPRESSION=16.004x
NEEDLE_RECALL=1.000000 COMPLETE=1/1
--- RAW ANSWER ---
The special magic number for **fearless-adoption** mentioned in the provided text is: **2189067**.
PPL=16.503483 TTFT=1.9259812259999762 OUT_TOK_S=4.211 GEN_PEAK_VRAM_GB=57.022 PIPELINE_PEAK_VRAM_GB=61.543
ROUTING_ACTUAL TOP1=0.588439 TOP8=0.636833 WORST_TOP8=0.530428 COS=0.804832 LOAD_JSD=0.017066
========================================================================================

========================================================================================
CASE=ruler-niah_multikey_1-16384-line32 TASK=niah_multikey_1 TARGET_LEN=16384 DEPTH=29.95%
METHOD=full_context SCORE=100.00 ALL_CORRECT=True
TOKENS=16255/16255 RETENTION=100.000% COMPRESSION=1.000x
NEEDLE_RECALL=1.000000 COMPLETE=1/1
--- RAW ANSWER ---
The special magic number for slippery-option mentioned in the provided text is **3562705**.
PPL=1.548958 TTFT=3.4112358330000916 OUT_TOK_S=3.204 GEN_PEAK_VRAM_GB=59.156 PIPELINE_PEAK_VRAM_GB=59.156
========================================================================================

========================================================================================
CASE=ruler-niah_multikey_1-16384-line32 TASK=niah_multikey_1 TARGET_LEN=16384 DEPTH=29.95%
METHOD=kiaomni_s8_r0.25 SCORE=100.00 ALL_CORRECT=True
TOKENS=4064/16255 RETENTION=25.002% COMPRESSION=4.000x
NEEDLE_RECALL=1.000000 COMPLETE=1/1
--- RAW ANSWER ---
The special magic number for **slippery-option** mentioned in the provided text is **3562705**.
PPL=4.026371 TTFT=2.0749448919998486 OUT_TOK_S=4.092 GEN_PEAK_VRAM_GB=57.453 PIPELINE_PEAK_VRAM_GB=61.541
ROUTING_ACTUAL TOP1=0.701192 TOP8=0.743344 WORST_TOP8=0.656237 COS=0.881389 LOAD_JSD=0.008965
========================================================================================

========================================================================================
CASE=ruler-niah_multikey_1-16384-line32 TASK=niah_multikey_1 TARGET_LEN=16384 DEPTH=29.95%
METHOD=kiaomni_s8_r0.125 SCORE=100.00 ALL_CORRECT=True
TOKENS=2032/16255 RETENTION=12.501% COMPRESSION=8.000x
NEEDLE_RECALL=1.000000 COMPLETE=1/1
--- RAW ANSWER ---
The special magic number for **slippery-option** mentioned in the provided text is **3562705**.
PPL=9.487736 TTFT=1.9520277990000068 OUT_TOK_S=4.209 GEN_PEAK_VRAM_GB=57.166 PIPELINE_PEAK_VRAM_GB=61.541
ROUTING_ACTUAL TOP1=0.654845 TOP8=0.701567 WORST_TOP8=0.607308 COS=0.854068 LOAD_JSD=0.011563
========================================================================================

========================================================================================
CASE=ruler-niah_multikey_1-16384-line32 TASK=niah_multikey_1 TARGET_LEN=16384 DEPTH=29.95%
METHOD=kiaomni_s8_r0.0625 SCORE=100.00 ALL_CORRECT=True
TOKENS=1016/16255 RETENTION=6.250% COMPRESSION=15.999x
NEEDLE_RECALL=1.000000 COMPLETE=1/1
--- RAW ANSWER ---
The special magic number for **slippery-option** mentioned in the provided text is **3562705**.
PPL=9.832708 TTFT=1.9656919850001486 OUT_TOK_S=4.113 GEN_PEAK_VRAM_GB=57.022 PIPELINE_PEAK_VRAM_GB=61.541
ROUTING_ACTUAL TOP1=0.603777 TOP8=0.651486 WORST_TOP8=0.538916 COS=0.818772 LOAD_JSD=0.014146
========================================================================================

========================================================================================
CASE=ruler-niah_multikey_1-16384-line32 TASK=niah_multikey_1 TARGET_LEN=16384 DEPTH=29.95%
METHOD=kiaomni_gaussian_r0.25 SCORE=100.00 ALL_CORRECT=True
TOKENS=4064/16255 RETENTION=25.002% COMPRESSION=4.000x
NEEDLE_RECALL=1.000000 COMPLETE=1/1
--- RAW ANSWER ---
The special magic number for **slippery-option** mentioned in the provided text is **3562705**.
PPL=3.748825 TTFT=2.080911541999967 OUT_TOK_S=4.086 GEN_PEAK_VRAM_GB=57.453 PIPELINE_PEAK_VRAM_GB=61.541
ROUTING_ACTUAL TOP1=0.706032 TOP8=0.746553 WORST_TOP8=0.660379 COS=0.884761 LOAD_JSD=0.008507
========================================================================================

========================================================================================
CASE=ruler-niah_multikey_1-16384-line32 TASK=niah_multikey_1 TARGET_LEN=16384 DEPTH=29.95%
METHOD=kiaomni_gaussian_r0.125 SCORE=100.00 ALL_CORRECT=True
TOKENS=2032/16255 RETENTION=12.501% COMPRESSION=8.000x
NEEDLE_RECALL=1.000000 COMPLETE=1/1
--- RAW ANSWER ---
The special magic number for **slippery-option** mentioned in the provided text is **3562705**.
PPL=9.487738 TTFT=1.9618175359998986 OUT_TOK_S=4.172 GEN_PEAK_VRAM_GB=57.166 PIPELINE_PEAK_VRAM_GB=61.541
ROUTING_ACTUAL TOP1=0.646233 TOP8=0.693354 WORST_TOP8=0.598327 COS=0.846160 LOAD_JSD=0.012317
========================================================================================

========================================================================================
CASE=ruler-niah_multikey_1-16384-line32 TASK=niah_multikey_1 TARGET_LEN=16384 DEPTH=29.95%
METHOD=kiaomni_gaussian_r0.0625 SCORE=100.00 ALL_CORRECT=True
TOKENS=1016/16255 RETENTION=6.250% COMPRESSION=15.999x
NEEDLE_RECALL=1.000000 COMPLETE=1/1
--- RAW ANSWER ---
The special magic number for **slippery-option** mentioned in the provided text is **3562705**.
PPL=11.547033 TTFT=1.9378652339999007 OUT_TOK_S=4.144 GEN_PEAK_VRAM_GB=57.022 PIPELINE_PEAK_VRAM_GB=61.541
ROUTING_ACTUAL TOP1=0.584441 TOP8=0.634966 WORST_TOP8=0.527422 COS=0.804551 LOAD_JSD=0.016849
========================================================================================

========================================================================================
CASE=ruler-niah_multikey_1-16384-line49 TASK=niah_multikey_1 TARGET_LEN=16384 DEPTH=49.45%
METHOD=full_context SCORE=100.00 ALL_CORRECT=True
TOKENS=16261/16261 RETENTION=100.000% COMPRESSION=1.000x
NEEDLE_RECALL=1.000000 COMPLETE=1/1
--- RAW ANSWER ---
The special magic number for **brief-proposition** mentioned in the provided text is **9951380**.
PPL=1.400170 TTFT=3.433164556000065 OUT_TOK_S=3.392 GEN_PEAK_VRAM_GB=59.158 PIPELINE_PEAK_VRAM_GB=59.158
========================================================================================

========================================================================================
CASE=ruler-niah_multikey_1-16384-line49 TASK=niah_multikey_1 TARGET_LEN=16384 DEPTH=49.45%
METHOD=kiaomni_s8_r0.25 SCORE=100.00 ALL_CORRECT=True
TOKENS=4065/16261 RETENTION=24.998% COMPRESSION=4.000x
NEEDLE_RECALL=1.000000 COMPLETE=1/1
--- RAW ANSWER ---
The special magic number for **brief-proposition** mentioned in the provided text is **9951380**.
PPL=4.644656 TTFT=2.0765126520000194 OUT_TOK_S=4.072 GEN_PEAK_VRAM_GB=57.453 PIPELINE_PEAK_VRAM_GB=61.543
ROUTING_ACTUAL TOP1=0.684507 TOP8=0.728068 WORST_TOP8=0.635338 COS=0.872470 LOAD_JSD=0.011014
========================================================================================

========================================================================================
CASE=ruler-niah_multikey_1-16384-line49 TASK=niah_multikey_1 TARGET_LEN=16384 DEPTH=49.45%
METHOD=kiaomni_s8_r0.125 SCORE=100.00 ALL_CORRECT=True
TOKENS=2033/16261 RETENTION=12.502% COMPRESSION=7.999x
NEEDLE_RECALL=1.000000 COMPLETE=1/1
--- RAW ANSWER ---
The special magic number for **brief-proposition** mentioned in the provided text is **9951380**.
PPL=8.992838 TTFT=1.983442105999984 OUT_TOK_S=4.092 GEN_PEAK_VRAM_GB=57.166 PIPELINE_PEAK_VRAM_GB=61.543
ROUTING_ACTUAL TOP1=0.649686 TOP8=0.695915 WORST_TOP8=0.598997 COS=0.850478 LOAD_JSD=0.011951
========================================================================================

========================================================================================
CASE=ruler-niah_multikey_1-16384-line49 TASK=niah_multikey_1 TARGET_LEN=16384 DEPTH=49.45%
METHOD=kiaomni_s8_r0.0625 SCORE=100.00 ALL_CORRECT=True
TOKENS=1016/16261 RETENTION=6.248% COMPRESSION=16.005x
NEEDLE_RECALL=1.000000 COMPLETE=1/1
--- RAW ANSWER ---
The special magic number for **brief-proposition** mentioned in the provided text is **9951380**.
PPL=8.833678 TTFT=1.9336906629998794 OUT_TOK_S=4.128 GEN_PEAK_VRAM_GB=57.022 PIPELINE_PEAK_VRAM_GB=61.543
ROUTING_ACTUAL TOP1=0.588460 TOP8=0.639454 WORST_TOP8=0.527274 COS=0.807140 LOAD_JSD=0.016869
========================================================================================

========================================================================================
CASE=ruler-niah_multikey_1-16384-line49 TASK=niah_multikey_1 TARGET_LEN=16384 DEPTH=49.45%
METHOD=kiaomni_gaussian_r0.25 SCORE=100.00 ALL_CORRECT=True
TOKENS=4065/16261 RETENTION=24.998% COMPRESSION=4.000x
NEEDLE_RECALL=1.000000 COMPLETE=1/1
--- RAW ANSWER ---
The special magic number for **brief-proposition** mentioned in the provided text is **9951380**.
PPL=4.026371 TTFT=2.097211265999931 OUT_TOK_S=4.027 GEN_PEAK_VRAM_GB=57.453 PIPELINE_PEAK_VRAM_GB=61.543
ROUTING_ACTUAL TOP1=0.696248 TOP8=0.736253 WORST_TOP8=0.643949 COS=0.879326 LOAD_JSD=0.009848
========================================================================================

========================================================================================
CASE=ruler-niah_multikey_1-16384-line49 TASK=niah_multikey_1 TARGET_LEN=16384 DEPTH=49.45%
METHOD=kiaomni_gaussian_r0.125 SCORE=100.00 ALL_CORRECT=True
TOKENS=2033/16261 RETENTION=12.502% COMPRESSION=7.999x
NEEDLE_RECALL=1.000000 COMPLETE=1/1
--- RAW ANSWER ---
The special magic number for **brief-proposition** mentioned in the provided text is **9951380**.
PPL=9.154867 TTFT=1.9568318259998705 OUT_TOK_S=4.092 GEN_PEAK_VRAM_GB=57.166 PIPELINE_PEAK_VRAM_GB=61.543
ROUTING_ACTUAL TOP1=0.641294 TOP8=0.687615 WORST_TOP8=0.580078 COS=0.841666 LOAD_JSD=0.012951
========================================================================================

========================================================================================
CASE=ruler-niah_multikey_1-16384-line49 TASK=niah_multikey_1 TARGET_LEN=16384 DEPTH=49.45%
METHOD=kiaomni_gaussian_r0.0625 SCORE=100.00 ALL_CORRECT=True
TOKENS=1016/16261 RETENTION=6.248% COMPRESSION=16.005x
NEEDLE_RECALL=1.000000 COMPLETE=1/1
--- RAW ANSWER ---
The special magic number for **brief-proposition** mentioned in the provided text is **9951380**.
PPL=10.944719 TTFT=1.9105718680000336 OUT_TOK_S=4.150 GEN_PEAK_VRAM_GB=57.022 PIPELINE_PEAK_VRAM_GB=61.543
ROUTING_ACTUAL TOP1=0.572876 TOP8=0.624913 WORST_TOP8=0.515462 COS=0.794584 LOAD_JSD=0.018427
========================================================================================

========================================================================================
CASE=ruler-niah_multikey_1-16384-line5 TASK=niah_multikey_1 TARGET_LEN=16384 DEPTH=69.93%
METHOD=full_context SCORE=100.00 ALL_CORRECT=True
TOKENS=16263/16263 RETENTION=100.000% COMPRESSION=1.000x
NEEDLE_RECALL=1.000000 COMPLETE=1/1
--- RAW ANSWER ---
The special magic number for royal-compliment mentioned in the provided text is **7138070**.
PPL=1.276241 TTFT=3.4204272160000073 OUT_TOK_S=3.319 GEN_PEAK_VRAM_GB=59.159 PIPELINE_PEAK_VRAM_GB=59.159
========================================================================================

========================================================================================
CASE=ruler-niah_multikey_1-16384-line5 TASK=niah_multikey_1 TARGET_LEN=16384 DEPTH=69.93%
METHOD=kiaomni_s8_r0.25 SCORE=100.00 ALL_CORRECT=True
TOKENS=4066/16263 RETENTION=25.002% COMPRESSION=4.000x
NEEDLE_RECALL=1.000000 COMPLETE=1/1
--- RAW ANSWER ---
The special magic number for **royal-compliment** mentioned in the provided text is **7138070**.
PPL=3.617315 TTFT=2.0857200839998313 OUT_TOK_S=4.117 GEN_PEAK_VRAM_GB=57.453 PIPELINE_PEAK_VRAM_GB=61.544
ROUTING_ACTUAL TOP1=0.680373 TOP8=0.726441 WORST_TOP8=0.628119 COS=0.870268 LOAD_JSD=0.010829
========================================================================================

========================================================================================
CASE=ruler-niah_multikey_1-16384-line5 TASK=niah_multikey_1 TARGET_LEN=16384 DEPTH=69.93%
METHOD=kiaomni_s8_r0.125 SCORE=100.00 ALL_CORRECT=True
TOKENS=2033/16263 RETENTION=12.501% COMPRESSION=8.000x
NEEDLE_RECALL=1.000000 COMPLETE=1/1
--- RAW ANSWER ---
The special magic number for **royal-compliment** mentioned in the provided text is: **7138070**.
PPL=6.879676 TTFT=1.9482809510000152 OUT_TOK_S=4.130 GEN_PEAK_VRAM_GB=57.166 PIPELINE_PEAK_VRAM_GB=61.544
ROUTING_ACTUAL TOP1=0.642667 TOP8=0.689913 WORST_TOP8=0.586765 COS=0.845094 LOAD_JSD=0.012512
========================================================================================

========================================================================================
CASE=ruler-niah_multikey_1-16384-line5 TASK=niah_multikey_1 TARGET_LEN=16384 DEPTH=69.93%
METHOD=kiaomni_s8_r0.0625 SCORE=100.00 ALL_CORRECT=True
TOKENS=1016/16263 RETENTION=6.247% COMPRESSION=16.007x
NEEDLE_RECALL=1.000000 COMPLETE=1/1
--- RAW ANSWER ---
The special magic number for **royal-compliment** mentioned in the provided text is **7138070**.
PPL=6.879676 TTFT=1.9395416140000634 OUT_TOK_S=4.202 GEN_PEAK_VRAM_GB=57.022 PIPELINE_PEAK_VRAM_GB=61.544
ROUTING_ACTUAL TOP1=0.600619 TOP8=0.647782 WORST_TOP8=0.542427 COS=0.814992 LOAD_JSD=0.014538
========================================================================================

========================================================================================
CASE=ruler-niah_multikey_1-16384-line5 TASK=niah_multikey_1 TARGET_LEN=16384 DEPTH=69.93%
METHOD=kiaomni_gaussian_r0.25 SCORE=100.00 ALL_CORRECT=True
TOKENS=4066/16263 RETENTION=25.002% COMPRESSION=4.000x
NEEDLE_RECALL=1.000000 COMPLETE=1/1
--- RAW ANSWER ---
The special magic number for **royal-compliment** mentioned in the provided text is:

**7138070**
PPL=3.617315 TTFT=2.1062121200000092 OUT_TOK_S=4.032 GEN_PEAK_VRAM_GB=57.453 PIPELINE_PEAK_VRAM_GB=61.544
ROUTING_ACTUAL TOP1=0.690405 TOP8=0.733383 WORST_TOP8=0.639578 COS=0.876438 LOAD_JSD=0.009700
========================================================================================

========================================================================================
CASE=ruler-niah_multikey_1-16384-line5 TASK=niah_multikey_1 TARGET_LEN=16384 DEPTH=69.93%
METHOD=kiaomni_gaussian_r0.125 SCORE=100.00 ALL_CORRECT=True
TOKENS=2033/16263 RETENTION=12.501% COMPRESSION=8.000x
NEEDLE_RECALL=1.000000 COMPLETE=1/1
--- RAW ANSWER ---
The special magic number for **royal-compliment** mentioned in the provided text is **7138070**.
PPL=6.180684 TTFT=1.9534939209997901 OUT_TOK_S=4.175 GEN_PEAK_VRAM_GB=57.166 PIPELINE_PEAK_VRAM_GB=61.544
ROUTING_ACTUAL TOP1=0.643866 TOP8=0.689543 WORST_TOP8=0.590604 COS=0.844509 LOAD_JSD=0.012950
========================================================================================

========================================================================================
CASE=ruler-niah_multikey_1-16384-line5 TASK=niah_multikey_1 TARGET_LEN=16384 DEPTH=69.93%
METHOD=kiaomni_gaussian_r0.0625 SCORE=100.00 ALL_CORRECT=True
TOKENS=1016/16263 RETENTION=6.247% COMPRESSION=16.007x
NEEDLE_RECALL=1.000000 COMPLETE=1/1
--- RAW ANSWER ---
The special magic number for **royal-compliment** mentioned in the provided text is **7138070**.
PPL=7.657721 TTFT=2.0152977770001144 OUT_TOK_S=4.067 GEN_PEAK_VRAM_GB=57.022 PIPELINE_PEAK_VRAM_GB=61.544
ROUTING_ACTUAL TOP1=0.573183 TOP8=0.625617 WORST_TOP8=0.510831 COS=0.794559 LOAD_JSD=0.018253
========================================================================================

========================================================================================
CASE=ruler-niah_multikey_1-16384-line2 TASK=niah_multikey_1 TARGET_LEN=16384 DEPTH=89.09%
METHOD=full_context SCORE=100.00 ALL_CORRECT=True
TOKENS=16257/16257 RETENTION=100.000% COMPRESSION=1.000x
NEEDLE_RECALL=1.000000 COMPLETE=1/1
--- RAW ANSWER ---
The special magic number for addicted-flow mentioned in the provided text is **7610562**.
PPL=1.400754 TTFT=3.4286089170000196 OUT_TOK_S=3.208 GEN_PEAK_VRAM_GB=59.158 PIPELINE_PEAK_VRAM_GB=59.158
========================================================================================

========================================================================================
CASE=ruler-niah_multikey_1-16384-line2 TASK=niah_multikey_1 TARGET_LEN=16384 DEPTH=89.09%
METHOD=kiaomni_s8_r0.25 SCORE=100.00 ALL_CORRECT=True
TOKENS=4064/16257 RETENTION=24.998% COMPRESSION=4.000x
NEEDLE_RECALL=1.000000 COMPLETE=1/1
--- RAW ANSWER ---
The special magic number for **addicted-flow** mentioned in the provided text is: **7610562**.
PPL=4.026371 TTFT=2.07256664800002 OUT_TOK_S=4.095 GEN_PEAK_VRAM_GB=57.453 PIPELINE_PEAK_VRAM_GB=61.543
ROUTING_ACTUAL TOP1=0.714757 TOP8=0.753776 WORST_TOP8=0.668619 COS=0.888717 LOAD_JSD=0.007927
========================================================================================

========================================================================================
CASE=ruler-niah_multikey_1-16384-line2 TASK=niah_multikey_1 TARGET_LEN=16384 DEPTH=89.09%
METHOD=kiaomni_s8_r0.125 SCORE=100.00 ALL_CORRECT=True
TOKENS=2032/16257 RETENTION=12.499% COMPRESSION=8.000x
NEEDLE_RECALL=1.000000 COMPLETE=1/1
--- RAW ANSWER ---
The special magic number for **addicted-flow** mentioned in the provided text is **7610562**.
PPL=7.657721 TTFT=1.952672646999872 OUT_TOK_S=4.125 GEN_PEAK_VRAM_GB=57.166 PIPELINE_PEAK_VRAM_GB=61.543
ROUTING_ACTUAL TOP1=0.671127 TOP8=0.716249 WORST_TOP8=0.620208 COS=0.865366 LOAD_JSD=0.010667
========================================================================================

========================================================================================
CASE=ruler-niah_multikey_1-16384-line2 TASK=niah_multikey_1 TARGET_LEN=16384 DEPTH=89.09%
METHOD=kiaomni_s8_r0.0625 SCORE=100.00 ALL_CORRECT=True
TOKENS=1016/16257 RETENTION=6.250% COMPRESSION=16.001x
NEEDLE_RECALL=1.000000 COMPLETE=1/1
--- RAW ANSWER ---
The special magic number for **addicted-flow** mentioned in the provided text is **7610562**.
PPL=8.523756 TTFT=2.1430270719999953 OUT_TOK_S=3.962 GEN_PEAK_VRAM_GB=57.022 PIPELINE_PEAK_VRAM_GB=61.543
ROUTING_ACTUAL TOP1=0.615916 TOP8=0.667730 WORST_TOP8=0.548008 COS=0.829411 LOAD_JSD=0.013972
========================================================================================

========================================================================================
CASE=ruler-niah_multikey_1-16384-line2 TASK=niah_multikey_1 TARGET_LEN=16384 DEPTH=89.09%
METHOD=kiaomni_gaussian_r0.25 SCORE=100.00 ALL_CORRECT=True
TOKENS=4064/16257 RETENTION=24.998% COMPRESSION=4.000x
NEEDLE_RECALL=1.000000 COMPLETE=1/1
--- RAW ANSWER ---
The special magic number for **addicted-flow** mentioned in the provided text is: **7610562**.
PPL=4.481707 TTFT=2.0496289100001377 OUT_TOK_S=4.085 GEN_PEAK_VRAM_GB=57.453 PIPELINE_PEAK_VRAM_GB=61.543
ROUTING_ACTUAL TOP1=0.723092 TOP8=0.761063 WORST_TOP8=0.679809 COS=0.893356 LOAD_JSD=0.007625
========================================================================================

========================================================================================
CASE=ruler-niah_multikey_1-16384-line2 TASK=niah_multikey_1 TARGET_LEN=16384 DEPTH=89.09%
METHOD=kiaomni_gaussian_r0.125 SCORE=100.00 ALL_CORRECT=True
TOKENS=2032/16257 RETENTION=12.499% COMPRESSION=8.000x
NEEDLE_RECALL=1.000000 COMPLETE=1/1
--- RAW ANSWER ---
The special magic number for **addicted-flow** mentioned in the provided text is **7610562**.
PPL=6.879676 TTFT=2.0139468669999587 OUT_TOK_S=4.046 GEN_PEAK_VRAM_GB=57.166 PIPELINE_PEAK_VRAM_GB=61.543
ROUTING_ACTUAL TOP1=0.658413 TOP8=0.706308 WORST_TOP8=0.606213 COS=0.856479 LOAD_JSD=0.011635
========================================================================================

========================================================================================
CASE=ruler-niah_multikey_1-16384-line2 TASK=niah_multikey_1 TARGET_LEN=16384 DEPTH=89.09%
METHOD=kiaomni_gaussian_r0.0625 SCORE=100.00 ALL_CORRECT=True
TOKENS=1016/16257 RETENTION=6.250% COMPRESSION=16.001x
NEEDLE_RECALL=1.000000 COMPLETE=1/1
--- RAW ANSWER ---
The special magic number for **addicted-flow** mentioned in the provided text is: **7610562**.
PPL=7.657721 TTFT=1.990014007000127 OUT_TOK_S=4.015 GEN_PEAK_VRAM_GB=57.022 PIPELINE_PEAK_VRAM_GB=61.543
ROUTING_ACTUAL TOP1=0.600845 TOP8=0.652442 WORST_TOP8=0.533752 COS=0.817010 LOAD_JSD=0.015851
========================================================================================

========================================================================================
CASE=ruler-niah_multivalue-8192-line13 TASK=niah_multivalue TARGET_LEN=8192 DEPTH=10.40%
METHOD=full_context SCORE=100.00 ALL_CORRECT=True
TOKENS=7502/7502 RETENTION=100.000% COMPRESSION=1.000x
NEEDLE_RECALL=1.000000 COMPLETE=4/4
--- RAW ANSWER ---
The special magic numbers for dazzling-bull-fighter mentioned in the provided text are:

- 1985360  
- 4087809  
- 9790328  
- 9192588
PPL=2.237925 TTFT=2.4391692519998287 OUT_TOK_S=4.525 GEN_PEAK_VRAM_GB=57.935 PIPELINE_PEAK_VRAM_GB=57.935
========================================================================================

========================================================================================
CASE=ruler-niah_multivalue-8192-line13 TASK=niah_multivalue TARGET_LEN=8192 DEPTH=10.40%
METHOD=kiaomni_s8_r0.25 SCORE=75.00 ALL_CORRECT=False
TOKENS=1876/7502 RETENTION=25.007% COMPRESSION=3.999x
NEEDLE_RECALL=1.000000 COMPLETE=4/4
--- RAW ANSWER ---
The special magic numbers for **dazzling-bull-fighter** mentioned in the provided text are:

1. **1985360**  
2. **4087809**  
3. **9790328**  
4. **9192
PPL=3.191938 TTFT=1.9325404079997952 OUT_TOK_S=4.872 GEN_PEAK_VRAM_GB=57.147 PIPELINE_PEAK_VRAM_GB=59.031
ROUTING_ACTUAL TOP1=0.703758 TOP8=0.743820 WORST_TOP8=0.654165 COS=0.882174 LOAD_JSD=0.008315
========================================================================================

========================================================================================
CASE=ruler-niah_multivalue-8192-line13 TASK=niah_multivalue TARGET_LEN=8192 DEPTH=10.40%
METHOD=kiaomni_s8_r0.125 SCORE=75.00 ALL_CORRECT=False
TOKENS=938/7502 RETENTION=12.503% COMPRESSION=7.998x
NEEDLE_RECALL=1.000000 COMPLETE=4/4
--- RAW ANSWER ---
The special magic numbers for **dazzling-bull-fighter** mentioned in the provided text are:

1. **1985360**  
2. **4087809**  
3. **9790328**  
4. **9192
PPL=3.211395 TTFT=1.9954278080001586 OUT_TOK_S=4.821 GEN_PEAK_VRAM_GB=57.010 PIPELINE_PEAK_VRAM_GB=59.031
ROUTING_ACTUAL TOP1=0.656494 TOP8=0.697530 WORST_TOP8=0.601455 COS=0.847669 LOAD_JSD=0.011070
========================================================================================

========================================================================================
CASE=ruler-niah_multivalue-8192-line13 TASK=niah_multivalue TARGET_LEN=8192 DEPTH=10.40%
METHOD=kiaomni_s8_r0.0625 SCORE=100.00 ALL_CORRECT=True
TOKENS=469/7502 RETENTION=6.252% COMPRESSION=15.996x
NEEDLE_RECALL=1.000000 COMPLETE=4/4
--- RAW ANSWER ---
The special magic numbers for **dazzling-bull-fighter** mentioned in the provided text are:

- **1985360**  
- **4087809**  
- **9790328**  
- **9192588**


PPL=3.253615 TTFT=1.8213297029999467 OUT_TOK_S=4.927 GEN_PEAK_VRAM_GB=56.945 PIPELINE_PEAK_VRAM_GB=59.031
ROUTING_ACTUAL TOP1=0.632241 TOP8=0.665527 WORST_TOP8=0.576799 COS=0.822515 LOAD_JSD=0.014861
========================================================================================

========================================================================================
CASE=ruler-niah_multivalue-8192-line13 TASK=niah_multivalue TARGET_LEN=8192 DEPTH=10.40%
METHOD=kiaomni_gaussian_r0.25 SCORE=75.00 ALL_CORRECT=False
TOKENS=1876/7502 RETENTION=25.007% COMPRESSION=3.999x
NEEDLE_RECALL=1.000000 COMPLETE=4/4
--- RAW ANSWER ---
The special magic numbers for **dazzling-bull-fighter** mentioned in the provided text are:

1. **1985360**  
2. **4087809**  
3. **9790328**  
4. **9192
PPL=3.181704 TTFT=1.948412823000126 OUT_TOK_S=4.894 GEN_PEAK_VRAM_GB=57.147 PIPELINE_PEAK_VRAM_GB=59.031
ROUTING_ACTUAL TOP1=0.715030 TOP8=0.752888 WORST_TOP8=0.672855 COS=0.888767 LOAD_JSD=0.007704
========================================================================================

========================================================================================
CASE=ruler-niah_multivalue-8192-line13 TASK=niah_multivalue TARGET_LEN=8192 DEPTH=10.40%
METHOD=kiaomni_gaussian_r0.125 SCORE=100.00 ALL_CORRECT=True
TOKENS=938/7502 RETENTION=12.503% COMPRESSION=7.998x
NEEDLE_RECALL=1.000000 COMPLETE=4/4
--- RAW ANSWER ---
The special magic numbers for **dazzling-bull-fighter** mentioned in the provided text are:

- **1985360**  
- **4087809**  
- **9790328**  
- **9192588**


PPL=3.154035 TTFT=1.927334127999984 OUT_TOK_S=4.895 GEN_PEAK_VRAM_GB=57.010 PIPELINE_PEAK_VRAM_GB=59.031
ROUTING_ACTUAL TOP1=0.653407 TOP8=0.697004 WORST_TOP8=0.604992 COS=0.846759 LOAD_JSD=0.010939
========================================================================================

========================================================================================
CASE=ruler-niah_multivalue-8192-line13 TASK=niah_multivalue TARGET_LEN=8192 DEPTH=10.40%
METHOD=kiaomni_gaussian_r0.0625 SCORE=100.00 ALL_CORRECT=True
TOKENS=469/7502 RETENTION=6.252% COMPRESSION=15.996x
NEEDLE_RECALL=1.000000 COMPLETE=4/4
--- RAW ANSWER ---
The special magic numbers for **dazzling-bull-fighter** mentioned in the provided text are:

- **1985360**  
- **4087809**  
- **9790328**  
- **9192588**


PPL=3.312140 TTFT=1.8217121570000927 OUT_TOK_S=4.926 GEN_PEAK_VRAM_GB=56.945 PIPELINE_PEAK_VRAM_GB=59.031
ROUTING_ACTUAL TOP1=0.621180 TOP8=0.655665 WORST_TOP8=0.555971 COS=0.812396 LOAD_JSD=0.015586
========================================================================================

========================================================================================
CASE=ruler-niah_multivalue-8192-line22 TASK=niah_multivalue TARGET_LEN=8192 DEPTH=18.41%
METHOD=full_context SCORE=100.00 ALL_CORRECT=True
TOKENS=8072/8072 RETENTION=100.000% COMPRESSION=1.000x
NEEDLE_RECALL=1.000000 COMPLETE=4/4
--- RAW ANSWER ---
The special magic numbers for **tested-adapter** mentioned in the provided text are:

1. **1815153**  
2. **9971338**  
3. **1804641**  
4. **5291430**


PPL=2.132154 TTFT=2.4614995189999718 OUT_TOK_S=4.718 GEN_PEAK_VRAM_GB=58.012 PIPELINE_PEAK_VRAM_GB=58.012
========================================================================================

========================================================================================
CASE=ruler-niah_multivalue-8192-line22 TASK=niah_multivalue TARGET_LEN=8192 DEPTH=18.41%
METHOD=kiaomni_s8_r0.25 SCORE=100.00 ALL_CORRECT=True
TOKENS=2018/8072 RETENTION=25.000% COMPRESSION=4.000x
NEEDLE_RECALL=1.000000 COMPLETE=4/4
--- RAW ANSWER ---
The special magic numbers for **tested-adapter** mentioned in the provided text are:

1. **1815153**  
2. **9971338**  
3. **1804641**  
4. **5291430**


PPL=3.094560 TTFT=1.9781481649999932 OUT_TOK_S=4.824 GEN_PEAK_VRAM_GB=57.166 PIPELINE_PEAK_VRAM_GB=59.195
ROUTING_ACTUAL TOP1=0.710697 TOP8=0.748574 WORST_TOP8=0.665672 COS=0.885920 LOAD_JSD=0.007904
========================================================================================

========================================================================================
CASE=ruler-niah_multivalue-8192-line22 TASK=niah_multivalue TARGET_LEN=8192 DEPTH=18.41%
METHOD=kiaomni_s8_r0.125 SCORE=100.00 ALL_CORRECT=True
TOKENS=1009/8072 RETENTION=12.500% COMPRESSION=8.000x
NEEDLE_RECALL=1.000000 COMPLETE=4/4
--- RAW ANSWER ---
The special magic numbers for **tested-adapter** mentioned in the provided text are:

1. **1815153**  
2. **9971338**  
3. **1804641**  
4. **5291430**


PPL=3.077426 TTFT=2.1211134269999548 OUT_TOK_S=4.523 GEN_PEAK_VRAM_GB=57.021 PIPELINE_PEAK_VRAM_GB=59.195
ROUTING_ACTUAL TOP1=0.643067 TOP8=0.686580 WORST_TOP8=0.579596 COS=0.842787 LOAD_JSD=0.012005
========================================================================================

========================================================================================
CASE=ruler-niah_multivalue-8192-line22 TASK=niah_multivalue TARGET_LEN=8192 DEPTH=18.41%
METHOD=kiaomni_s8_r0.0625 SCORE=100.00 ALL_CORRECT=True
TOKENS=504/8072 RETENTION=6.244% COMPRESSION=16.016x
NEEDLE_RECALL=1.000000 COMPLETE=4/4
--- RAW ANSWER ---
The special magic numbers for **tested-adapter** mentioned in the provided text are:

1. **1815153**  
2. **9971338**  
3. **1804641**  
4. **5291430**


PPL=3.058463 TTFT=1.8670275229999334 OUT_TOK_S=4.844 GEN_PEAK_VRAM_GB=56.950 PIPELINE_PEAK_VRAM_GB=59.195
ROUTING_ACTUAL TOP1=0.604993 TOP8=0.641666 WORST_TOP8=0.542069 COS=0.810405 LOAD_JSD=0.016787
========================================================================================

========================================================================================
CASE=ruler-niah_multivalue-8192-line22 TASK=niah_multivalue TARGET_LEN=8192 DEPTH=18.41%
METHOD=kiaomni_gaussian_r0.25 SCORE=100.00 ALL_CORRECT=True
TOKENS=2018/8072 RETENTION=25.000% COMPRESSION=4.000x
NEEDLE_RECALL=1.000000 COMPLETE=4/4
--- RAW ANSWER ---
The special magic numbers for **tested-adapter** mentioned in the provided text are:

1. **1815153**  
2. **9971338**  
3. **1804641**  
4. **5291430**


PPL=3.131609 TTFT=2.0878743440000562 OUT_TOK_S=4.616 GEN_PEAK_VRAM_GB=57.166 PIPELINE_PEAK_VRAM_GB=59.195
ROUTING_ACTUAL TOP1=0.710212 TOP8=0.746875 WORST_TOP8=0.666193 COS=0.886084 LOAD_JSD=0.008446
========================================================================================

========================================================================================
CASE=ruler-niah_multivalue-8192-line22 TASK=niah_multivalue TARGET_LEN=8192 DEPTH=18.41%
METHOD=kiaomni_gaussian_r0.125 SCORE=100.00 ALL_CORRECT=True
TOKENS=1009/8072 RETENTION=12.500% COMPRESSION=8.000x
NEEDLE_RECALL=1.000000 COMPLETE=4/4
--- RAW ANSWER ---
The special magic numbers for **tested-adapter** mentioned in the provided text are:

1. **1815153**  
2. **9971338**  
3. **1804641**  
4. **5291430**


PPL=3.217330 TTFT=1.9759274079999614 OUT_TOK_S=4.771 GEN_PEAK_VRAM_GB=57.021 PIPELINE_PEAK_VRAM_GB=59.195
ROUTING_ACTUAL TOP1=0.650252 TOP8=0.695137 WORST_TOP8=0.592341 COS=0.849387 LOAD_JSD=0.010872
========================================================================================

========================================================================================
CASE=ruler-niah_multivalue-8192-line22 TASK=niah_multivalue TARGET_LEN=8192 DEPTH=18.41%
METHOD=kiaomni_gaussian_r0.0625 SCORE=100.00 ALL_CORRECT=True
TOKENS=504/8072 RETENTION=6.244% COMPRESSION=16.016x
NEEDLE_RECALL=1.000000 COMPLETE=4/4
--- RAW ANSWER ---
The special magic numbers for **tested-adapter** mentioned in the provided text are:

1. **1815153**  
2. **9971338**  
3. **1804641**  
4. **5291430**


PPL=2.975104 TTFT=1.8360932000000503 OUT_TOK_S=4.918 GEN_PEAK_VRAM_GB=56.950 PIPELINE_PEAK_VRAM_GB=59.195
ROUTING_ACTUAL TOP1=0.591146 TOP8=0.635383 WORST_TOP8=0.528951 COS=0.806071 LOAD_JSD=0.018340
========================================================================================

========================================================================================
CASE=ruler-niah_multivalue-8192-line21 TASK=niah_multivalue TARGET_LEN=8192 DEPTH=49.32%
METHOD=full_context SCORE=75.00 ALL_CORRECT=False
TOKENS=7502/7502 RETENTION=100.000% COMPRESSION=1.000x
NEEDLE_RECALL=1.000000 COMPLETE=4/4
--- RAW ANSWER ---
The special magic numbers for **placid-strawman** mentioned in the provided text are:

- **5638619**  
- **6641903**  
- **6454894**

These numbers are explicitly stated in the text as being "one of
PPL=2.365170 TTFT=2.391772825000089 OUT_TOK_S=4.712 GEN_PEAK_VRAM_GB=57.935 PIPELINE_PEAK_VRAM_GB=57.935
========================================================================================

========================================================================================
CASE=ruler-niah_multivalue-8192-line21 TASK=niah_multivalue TARGET_LEN=8192 DEPTH=49.32%
METHOD=kiaomni_s8_r0.25 SCORE=75.00 ALL_CORRECT=False
TOKENS=1876/7502 RETENTION=25.007% COMPRESSION=3.999x
NEEDLE_RECALL=1.000000 COMPLETE=4/4
--- RAW ANSWER ---
The special magic numbers for **placid-strawman** mentioned in the provided text are:

1. **5638619**  
2. **6641903**  
3. **6454894**  
4. **207100
PPL=3.730572 TTFT=1.91212305199997 OUT_TOK_S=4.868 GEN_PEAK_VRAM_GB=57.147 PIPELINE_PEAK_VRAM_GB=59.031
ROUTING_ACTUAL TOP1=0.687189 TOP8=0.731519 WORST_TOP8=0.638598 COS=0.873804 LOAD_JSD=0.009230
========================================================================================

========================================================================================
CASE=ruler-niah_multivalue-8192-line21 TASK=niah_multivalue TARGET_LEN=8192 DEPTH=49.32%
METHOD=kiaomni_s8_r0.125 SCORE=100.00 ALL_CORRECT=True
TOKENS=938/7502 RETENTION=12.503% COMPRESSION=7.998x
NEEDLE_RECALL=1.000000 COMPLETE=4/4
--- RAW ANSWER ---
The special magic numbers for **placid-strawman** mentioned in the provided text are:

- **5638619**  
- **6641903**  
- **6454894**  
- **2071008**

These numbers
PPL=4.155627 TTFT=1.9248448799999096 OUT_TOK_S=4.907 GEN_PEAK_VRAM_GB=57.010 PIPELINE_PEAK_VRAM_GB=59.031
ROUTING_ACTUAL TOP1=0.620380 TOP8=0.668801 WORST_TOP8=0.563341 COS=0.833017 LOAD_JSD=0.012583
========================================================================================

========================================================================================
CASE=ruler-niah_multivalue-8192-line21 TASK=niah_multivalue TARGET_LEN=8192 DEPTH=49.32%
METHOD=kiaomni_s8_r0.0625 SCORE=100.00 ALL_CORRECT=True
TOKENS=469/7502 RETENTION=6.252% COMPRESSION=15.996x
NEEDLE_RECALL=1.000000 COMPLETE=4/4
--- RAW ANSWER ---
The special magic numbers for **placid-strawman** mentioned in the provided text are:

- **5638619**  
- **6641903**  
- **6454894**  
- **2071008**

These are
PPL=4.424561 TTFT=1.8195304679998117 OUT_TOK_S=4.922 GEN_PEAK_VRAM_GB=56.945 PIPELINE_PEAK_VRAM_GB=59.031
ROUTING_ACTUAL TOP1=0.589330 TOP8=0.624068 WORST_TOP8=0.518000 COS=0.792132 LOAD_JSD=0.016981
========================================================================================

========================================================================================
CASE=ruler-niah_multivalue-8192-line21 TASK=niah_multivalue TARGET_LEN=8192 DEPTH=49.32%
METHOD=kiaomni_gaussian_r0.25 SCORE=100.00 ALL_CORRECT=True
TOKENS=1876/7502 RETENTION=25.007% COMPRESSION=3.999x
NEEDLE_RECALL=1.000000 COMPLETE=4/4
--- RAW ANSWER ---
The special magic numbers for **placid-strawman** mentioned in the provided text are:

- **5638619**  
- **6641903**  
- **6454894**  
- **2071008**

These numbers
PPL=3.582268 TTFT=1.9388062840000657 OUT_TOK_S=4.862 GEN_PEAK_VRAM_GB=57.147 PIPELINE_PEAK_VRAM_GB=59.031
ROUTING_ACTUAL TOP1=0.692842 TOP8=0.734579 WORST_TOP8=0.647088 COS=0.878163 LOAD_JSD=0.008763
========================================================================================

========================================================================================
CASE=ruler-niah_multivalue-8192-line21 TASK=niah_multivalue TARGET_LEN=8192 DEPTH=49.32%
METHOD=kiaomni_gaussian_r0.125 SCORE=100.00 ALL_CORRECT=True
TOKENS=938/7502 RETENTION=12.503% COMPRESSION=7.998x
NEEDLE_RECALL=1.000000 COMPLETE=4/4
--- RAW ANSWER ---
The special magic numbers for **placid-strawman** mentioned in the provided text are:

- **5638619**  
- **6641903**  
- **6454894**  
- **2071008**

These numbers
PPL=4.087569 TTFT=1.9543670130001374 OUT_TOK_S=4.840 GEN_PEAK_VRAM_GB=57.010 PIPELINE_PEAK_VRAM_GB=59.031
ROUTING_ACTUAL TOP1=0.611740 TOP8=0.662030 WORST_TOP8=0.560017 COS=0.826812 LOAD_JSD=0.014028
========================================================================================

========================================================================================
CASE=ruler-niah_multivalue-8192-line21 TASK=niah_multivalue TARGET_LEN=8192 DEPTH=49.32%
METHOD=kiaomni_gaussian_r0.0625 SCORE=100.00 ALL_CORRECT=True
TOKENS=469/7502 RETENTION=6.252% COMPRESSION=15.996x
NEEDLE_RECALL=1.000000 COMPLETE=4/4
--- RAW ANSWER ---
The special magic numbers for **placid-strawman** mentioned in the provided text are:

- **5638619**  
- **6641903**  
- **6454894**  
- **2071008**

These are
PPL=4.130003 TTFT=1.7909419340001023 OUT_TOK_S=4.926 GEN_PEAK_VRAM_GB=56.945 PIPELINE_PEAK_VRAM_GB=59.031
ROUTING_ACTUAL TOP1=0.584311 TOP8=0.621234 WORST_TOP8=0.522827 COS=0.791454 LOAD_JSD=0.017794
========================================================================================

========================================================================================
CASE=ruler-niah_multivalue-8192-line16 TASK=niah_multivalue TARGET_LEN=8192 DEPTH=69.42%
METHOD=full_context SCORE=100.00 ALL_CORRECT=True
TOKENS=7484/7484 RETENTION=100.000% COMPRESSION=1.000x
NEEDLE_RECALL=1.000000 COMPLETE=4/4
--- RAW ANSWER ---
The special magic numbers for unusual-hit mentioned in the provided text are:

- **3385244**
- **9211754**
- **5508325**
- **7588425**

These are the four numbers explicitly labeled as "special
PPL=2.015998 TTFT=2.3962208319999263 OUT_TOK_S=4.736 GEN_PEAK_VRAM_GB=57.927 PIPELINE_PEAK_VRAM_GB=57.927
========================================================================================

========================================================================================
CASE=ruler-niah_multivalue-8192-line16 TASK=niah_multivalue TARGET_LEN=8192 DEPTH=69.42%
METHOD=kiaomni_s8_r0.25 SCORE=100.00 ALL_CORRECT=True
TOKENS=1871/7484 RETENTION=25.000% COMPRESSION=4.000x
NEEDLE_RECALL=1.000000 COMPLETE=4/4
--- RAW ANSWER ---
The special magic numbers for **unusual-hit** mentioned in the provided text are:

1. **3385244**  
2. **9211754**  
3. **5508325**  
4. **7588425**


PPL=2.967926 TTFT=1.9301663579999513 OUT_TOK_S=4.899 GEN_PEAK_VRAM_GB=57.147 PIPELINE_PEAK_VRAM_GB=59.026
ROUTING_ACTUAL TOP1=0.683714 TOP8=0.729127 WORST_TOP8=0.633399 COS=0.871790 LOAD_JSD=0.009445
========================================================================================

========================================================================================
CASE=ruler-niah_multivalue-8192-line16 TASK=niah_multivalue TARGET_LEN=8192 DEPTH=69.42%
METHOD=kiaomni_s8_r0.125 SCORE=100.00 ALL_CORRECT=True
TOKENS=936/7484 RETENTION=12.507% COMPRESSION=7.996x
NEEDLE_RECALL=1.000000 COMPLETE=4/4
--- RAW ANSWER ---
The special magic numbers for **unusual-hit** mentioned in the provided text are:

- **3385244**  
- **9211754**  
- **5508325**  
- **7588425**

These numbers are explicitly
PPL=2.933504 TTFT=1.9063414940001167 OUT_TOK_S=4.921 GEN_PEAK_VRAM_GB=57.010 PIPELINE_PEAK_VRAM_GB=59.026
ROUTING_ACTUAL TOP1=0.626402 TOP8=0.675849 WORST_TOP8=0.567412 COS=0.831514 LOAD_JSD=0.012900
========================================================================================

========================================================================================
CASE=ruler-niah_multivalue-8192-line16 TASK=niah_multivalue TARGET_LEN=8192 DEPTH=69.42%
METHOD=kiaomni_s8_r0.0625 SCORE=100.00 ALL_CORRECT=True
TOKENS=468/7484 RETENTION=6.253% COMPRESSION=15.991x
NEEDLE_RECALL=1.000000 COMPLETE=4/4
--- RAW ANSWER ---
The special magic numbers for "unusual-hit" mentioned in the provided text are:

- **3385244**  
- **9211754**  
- **5508325**  
- **7588425**

These are the only
PPL=3.257671 TTFT=1.7976469039999756 OUT_TOK_S=4.971 GEN_PEAK_VRAM_GB=56.945 PIPELINE_PEAK_VRAM_GB=59.026
ROUTING_ACTUAL TOP1=0.577279 TOP8=0.620045 WORST_TOP8=0.505584 COS=0.789519 LOAD_JSD=0.020643
========================================================================================

========================================================================================
CASE=ruler-niah_multivalue-8192-line16 TASK=niah_multivalue TARGET_LEN=8192 DEPTH=69.42%
METHOD=kiaomni_gaussian_r0.25 SCORE=100.00 ALL_CORRECT=True
TOKENS=1871/7484 RETENTION=25.000% COMPRESSION=4.000x
NEEDLE_RECALL=1.000000 COMPLETE=4/4
--- RAW ANSWER ---
The special magic numbers for **unusual-hit** mentioned in the provided text are:

1. **3385244**  
2. **9211754**  
3. **5508325**  
4. **7588425**


PPL=2.932385 TTFT=1.9113216170001124 OUT_TOK_S=4.926 GEN_PEAK_VRAM_GB=57.147 PIPELINE_PEAK_VRAM_GB=59.026
ROUTING_ACTUAL TOP1=0.688513 TOP8=0.731753 WORST_TOP8=0.640162 COS=0.875711 LOAD_JSD=0.009660
========================================================================================

========================================================================================
CASE=ruler-niah_multivalue-8192-line16 TASK=niah_multivalue TARGET_LEN=8192 DEPTH=69.42%
METHOD=kiaomni_gaussian_r0.125 SCORE=100.00 ALL_CORRECT=True
TOKENS=936/7484 RETENTION=12.507% COMPRESSION=7.996x
NEEDLE_RECALL=1.000000 COMPLETE=4/4
--- RAW ANSWER ---
The special magic numbers for "unusual-hit" mentioned in the provided text are:

- **3385244**  
- **9211754**  
- **5508325**  
- **7588425**

These numbers are explicitly
PPL=3.041862 TTFT=1.954597104999948 OUT_TOK_S=4.845 GEN_PEAK_VRAM_GB=57.010 PIPELINE_PEAK_VRAM_GB=59.026
ROUTING_ACTUAL TOP1=0.621728 TOP8=0.672979 WORST_TOP8=0.566154 COS=0.828948 LOAD_JSD=0.012917
========================================================================================

========================================================================================
CASE=ruler-niah_multivalue-8192-line16 TASK=niah_multivalue TARGET_LEN=8192 DEPTH=69.42%
METHOD=kiaomni_gaussian_r0.0625 SCORE=100.00 ALL_CORRECT=True
TOKENS=468/7484 RETENTION=6.253% COMPRESSION=15.991x
NEEDLE_RECALL=1.000000 COMPLETE=4/4
--- RAW ANSWER ---
The special magic numbers for "unusual-hit" mentioned in the provided text are:

- **3385244**  
- **9211754**  
- **5508325**  
- **7588425**

These are the four
PPL=3.014513 TTFT=1.797339544000124 OUT_TOK_S=4.908 GEN_PEAK_VRAM_GB=56.945 PIPELINE_PEAK_VRAM_GB=59.026
ROUTING_ACTUAL TOP1=0.556179 TOP8=0.604949 WORST_TOP8=0.484365 COS=0.775355 LOAD_JSD=0.021850
========================================================================================

========================================================================================
CASE=ruler-niah_multivalue-8192-line25 TASK=niah_multivalue TARGET_LEN=8192 DEPTH=89.72%
METHOD=full_context SCORE=100.00 ALL_CORRECT=True
TOKENS=7496/7496 RETENTION=100.000% COMPRESSION=1.000x
NEEDLE_RECALL=1.000000 COMPLETE=4/4
--- RAW ANSWER ---
The special magic numbers for **dirty-biosphere** mentioned in the provided text are:

1. **5240303**  
2. **4704207**  
3. **4260252**  
4. **4086885
PPL=2.563455 TTFT=2.3974012080000193 OUT_TOK_S=4.736 GEN_PEAK_VRAM_GB=57.935 PIPELINE_PEAK_VRAM_GB=57.935
========================================================================================

========================================================================================
CASE=ruler-niah_multivalue-8192-line25 TASK=niah_multivalue TARGET_LEN=8192 DEPTH=89.72%
METHOD=kiaomni_s8_r0.25 SCORE=100.00 ALL_CORRECT=True
TOKENS=1874/7496 RETENTION=25.000% COMPRESSION=4.000x
NEEDLE_RECALL=1.000000 COMPLETE=4/4
--- RAW ANSWER ---
The special magic numbers for **dirty-biosphere** mentioned in the provided text are:

1. **5240303**  
2. **4704207**  
3. **4260252**  
4. **4086885
PPL=3.636939 TTFT=1.9222914659999333 OUT_TOK_S=4.900 GEN_PEAK_VRAM_GB=57.147 PIPELINE_PEAK_VRAM_GB=59.029
ROUTING_ACTUAL TOP1=0.709556 TOP8=0.748551 WORST_TOP8=0.655392 COS=0.884988 LOAD_JSD=0.007596
========================================================================================

========================================================================================
CASE=ruler-niah_multivalue-8192-line25 TASK=niah_multivalue TARGET_LEN=8192 DEPTH=89.72%
METHOD=kiaomni_s8_r0.125 SCORE=100.00 ALL_CORRECT=True
TOKENS=937/7496 RETENTION=12.500% COMPRESSION=8.000x
NEEDLE_RECALL=1.000000 COMPLETE=4/4
--- RAW ANSWER ---
The special magic numbers for **dirty-biosphere** mentioned in the provided text are:

- **5240303**  
- **4704207**  
- **4260252**  
- **4086885**

These numbers are
PPL=4.441741 TTFT=1.9404081949999181 OUT_TOK_S=4.880 GEN_PEAK_VRAM_GB=57.010 PIPELINE_PEAK_VRAM_GB=59.029
ROUTING_ACTUAL TOP1=0.630536 TOP8=0.675602 WORST_TOP8=0.566059 COS=0.835206 LOAD_JSD=0.012636
========================================================================================

========================================================================================
CASE=ruler-niah_multivalue-8192-line25 TASK=niah_multivalue TARGET_LEN=8192 DEPTH=89.72%
METHOD=kiaomni_s8_r0.0625 SCORE=100.00 ALL_CORRECT=True
TOKENS=468/7496 RETENTION=6.243% COMPRESSION=16.017x
NEEDLE_RECALL=1.000000 COMPLETE=4/4
--- RAW ANSWER ---
The special magic numbers for "dirty-biosphere" mentioned in the provided text are:

1. **5240303**  
2. **4704207**  
3. **4260252**  
4. **4086885
PPL=4.122925 TTFT=1.8207459630000358 OUT_TOK_S=4.913 GEN_PEAK_VRAM_GB=56.945 PIPELINE_PEAK_VRAM_GB=59.029
ROUTING_ACTUAL TOP1=0.595709 TOP8=0.630372 WORST_TOP8=0.514154 COS=0.800726 LOAD_JSD=0.017244
========================================================================================

========================================================================================
CASE=ruler-niah_multivalue-8192-line25 TASK=niah_multivalue TARGET_LEN=8192 DEPTH=89.72%
METHOD=kiaomni_gaussian_r0.25 SCORE=100.00 ALL_CORRECT=True
TOKENS=1874/7496 RETENTION=25.000% COMPRESSION=4.000x
NEEDLE_RECALL=1.000000 COMPLETE=4/4
--- RAW ANSWER ---
The special magic numbers for "dirty-biosphere" mentioned in the provided text are:

1. **5240303**  
2. **4704207**  
3. **4260252**  
4. **4086885
PPL=3.660888 TTFT=1.929569686999912 OUT_TOK_S=4.888 GEN_PEAK_VRAM_GB=57.147 PIPELINE_PEAK_VRAM_GB=59.029
ROUTING_ACTUAL TOP1=0.704176 TOP8=0.741762 WORST_TOP8=0.646259 COS=0.880105 LOAD_JSD=0.008390
========================================================================================

========================================================================================
CASE=ruler-niah_multivalue-8192-line25 TASK=niah_multivalue TARGET_LEN=8192 DEPTH=89.72%
METHOD=kiaomni_gaussian_r0.125 SCORE=100.00 ALL_CORRECT=True
TOKENS=937/7496 RETENTION=12.500% COMPRESSION=8.000x
NEEDLE_RECALL=1.000000 COMPLETE=4/4
--- RAW ANSWER ---
The special magic numbers for **dirty-biosphere** mentioned in the provided text are:

- **5240303**  
- **4704207**  
- **4260252**  
- **4086885**

These numbers are
PPL=4.046194 TTFT=1.9248298150000664 OUT_TOK_S=4.878 GEN_PEAK_VRAM_GB=57.010 PIPELINE_PEAK_VRAM_GB=59.029
ROUTING_ACTUAL TOP1=0.621220 TOP8=0.671013 WORST_TOP8=0.567766 COS=0.829402 LOAD_JSD=0.013914
========================================================================================

========================================================================================
CASE=ruler-niah_multivalue-8192-line25 TASK=niah_multivalue TARGET_LEN=8192 DEPTH=89.72%
METHOD=kiaomni_gaussian_r0.0625 SCORE=100.00 ALL_CORRECT=True
TOKENS=468/7496 RETENTION=6.243% COMPRESSION=16.017x
NEEDLE_RECALL=1.000000 COMPLETE=4/4
--- RAW ANSWER ---
The special magic numbers for "dirty-biosphere" mentioned in the provided text are:

- **5240303**  
- **4704207**  
- **4260252**  
- **4086885**

These are the
PPL=3.928166 TTFT=1.842837685999939 OUT_TOK_S=4.836 GEN_PEAK_VRAM_GB=56.945 PIPELINE_PEAK_VRAM_GB=59.029
ROUTING_ACTUAL TOP1=0.569845 TOP8=0.611537 WORST_TOP8=0.507008 COS=0.782261 LOAD_JSD=0.021109
========================================================================================

========================================================================================
CASE=ruler-niah_multivalue-16384-line34 TASK=niah_multivalue TARGET_LEN=16384 DEPTH=40.74%
METHOD=full_context SCORE=100.00 ALL_CORRECT=True
TOKENS=16255/16255 RETENTION=100.000% COMPRESSION=1.000x
NEEDLE_RECALL=1.000000 COMPLETE=4/4
--- RAW ANSWER ---
Based on the text provided, the special magic numbers for numerous-broadcast mentioned are:

*   2293325
*   4858604
*   9632570
*   3778404
PPL=1.696980 TTFT=3.382567280000103 OUT_TOK_S=4.349 GEN_PEAK_VRAM_GB=59.156 PIPELINE_PEAK_VRAM_GB=59.156
========================================================================================

========================================================================================
CASE=ruler-niah_multivalue-16384-line34 TASK=niah_multivalue TARGET_LEN=16384 DEPTH=40.74%
METHOD=kiaomni_s8_r0.25 SCORE=100.00 ALL_CORRECT=True
TOKENS=4064/16255 RETENTION=25.002% COMPRESSION=4.000x
NEEDLE_RECALL=1.000000 COMPLETE=4/4
--- RAW ANSWER ---
The special magic numbers for **numerous-broadcast** mentioned in the provided text are:

- **2293325**  
- **4858604**  
- **9632570**  
- **3778404**

These numbers appear
PPL=2.574881 TTFT=2.0825588340001104 OUT_TOK_S=4.846 GEN_PEAK_VRAM_GB=57.453 PIPELINE_PEAK_VRAM_GB=61.541
ROUTING_ACTUAL TOP1=0.696661 TOP8=0.738913 WORST_TOP8=0.645635 COS=0.879160 LOAD_JSD=0.009475
========================================================================================

========================================================================================
CASE=ruler-niah_multivalue-16384-line34 TASK=niah_multivalue TARGET_LEN=16384 DEPTH=40.74%
METHOD=kiaomni_s8_r0.125 SCORE=100.00 ALL_CORRECT=True
TOKENS=2032/16255 RETENTION=12.501% COMPRESSION=8.000x
NEEDLE_RECALL=1.000000 COMPLETE=4/4
--- RAW ANSWER ---
The special magic numbers for **numerous-broadcast** mentioned in the provided text are:

- **2293325**  
- **4858604**  
- **9632570**  
- **3778404**

These numbers are
PPL=3.021793 TTFT=1.9623112500000843 OUT_TOK_S=4.877 GEN_PEAK_VRAM_GB=57.166 PIPELINE_PEAK_VRAM_GB=61.541
ROUTING_ACTUAL TOP1=0.646910 TOP8=0.695113 WORST_TOP8=0.595938 COS=0.849424 LOAD_JSD=0.012472
========================================================================================

========================================================================================
CASE=ruler-niah_multivalue-16384-line34 TASK=niah_multivalue TARGET_LEN=16384 DEPTH=40.74%
METHOD=kiaomni_s8_r0.0625 SCORE=100.00 ALL_CORRECT=True
TOKENS=1016/16255 RETENTION=6.250% COMPRESSION=15.999x
NEEDLE_RECALL=1.000000 COMPLETE=4/4
--- RAW ANSWER ---
The special magic numbers for **numerous-broadcast** mentioned in the provided text are:

- **2293325**  
- **4858604**  
- **9632570**  
- **3778404**

These numbers are
PPL=3.168656 TTFT=1.927391845000102 OUT_TOK_S=4.884 GEN_PEAK_VRAM_GB=57.022 PIPELINE_PEAK_VRAM_GB=61.541
ROUTING_ACTUAL TOP1=0.618889 TOP8=0.666988 WORST_TOP8=0.554017 COS=0.829534 LOAD_JSD=0.012090
========================================================================================

========================================================================================
CASE=ruler-niah_multivalue-16384-line34 TASK=niah_multivalue TARGET_LEN=16384 DEPTH=40.74%
METHOD=kiaomni_gaussian_r0.25 SCORE=100.00 ALL_CORRECT=True
TOKENS=4064/16255 RETENTION=25.002% COMPRESSION=4.000x
NEEDLE_RECALL=1.000000 COMPLETE=4/4
--- RAW ANSWER ---
The special magic numbers for **numerous-broadcast** mentioned in the provided text are:

- **2293325**  
- **4858604**  
- **9632570**  
- **3778404**

These numbers appear
PPL=2.596608 TTFT=2.0951933420001296 OUT_TOK_S=4.825 GEN_PEAK_VRAM_GB=57.453 PIPELINE_PEAK_VRAM_GB=61.541
ROUTING_ACTUAL TOP1=0.695410 TOP8=0.737803 WORST_TOP8=0.649082 COS=0.879509 LOAD_JSD=0.009664
========================================================================================

========================================================================================
CASE=ruler-niah_multivalue-16384-line34 TASK=niah_multivalue TARGET_LEN=16384 DEPTH=40.74%
METHOD=kiaomni_gaussian_r0.125 SCORE=100.00 ALL_CORRECT=True
TOKENS=2032/16255 RETENTION=12.501% COMPRESSION=8.000x
NEEDLE_RECALL=1.000000 COMPLETE=4/4
--- RAW ANSWER ---
The special magic numbers for **numerous-broadcast** mentioned in the provided text are:

- **2293325**  
- **4858604**  
- **9632570**  
- **3778404**

These numbers are
PPL=2.970442 TTFT=1.9542179900004157 OUT_TOK_S=4.897 GEN_PEAK_VRAM_GB=57.166 PIPELINE_PEAK_VRAM_GB=61.541
ROUTING_ACTUAL TOP1=0.644583 TOP8=0.691276 WORST_TOP8=0.591818 COS=0.844479 LOAD_JSD=0.012776
========================================================================================

========================================================================================
CASE=ruler-niah_multivalue-16384-line34 TASK=niah_multivalue TARGET_LEN=16384 DEPTH=40.74%
METHOD=kiaomni_gaussian_r0.0625 SCORE=100.00 ALL_CORRECT=True
TOKENS=1016/16255 RETENTION=6.250% COMPRESSION=15.999x
NEEDLE_RECALL=1.000000 COMPLETE=4/4
--- RAW ANSWER ---
The special magic numbers for **numerous-broadcast** mentioned in the provided text are:

- **2293325**  
- **4858604**  
- **9632570**  
- **3778404**

These numbers are
PPL=3.205660 TTFT=1.9481996039999103 OUT_TOK_S=4.858 GEN_PEAK_VRAM_GB=57.022 PIPELINE_PEAK_VRAM_GB=61.541
ROUTING_ACTUAL TOP1=0.595534 TOP8=0.645393 WORST_TOP8=0.538463 COS=0.810302 LOAD_JSD=0.016118
========================================================================================

========================================================================================
CASE=ruler-niah_multivalue-16384-line2 TASK=niah_multivalue TARGET_LEN=16384 DEPTH=45.37%
METHOD=full_context SCORE=100.00 ALL_CORRECT=True
TOKENS=16261/16261 RETENTION=100.000% COMPRESSION=1.000x
NEEDLE_RECALL=1.000000 COMPLETE=4/4
--- RAW ANSWER ---
The special magic numbers for trite-triangle mentioned in the provided text are:

1. 9647849
2. 5761145
3. 6623525
4. 2422633
PPL=1.855902 TTFT=3.415862205999929 OUT_TOK_S=4.321 GEN_PEAK_VRAM_GB=59.158 PIPELINE_PEAK_VRAM_GB=59.158
========================================================================================

========================================================================================
CASE=ruler-niah_multivalue-16384-line2 TASK=niah_multivalue TARGET_LEN=16384 DEPTH=45.37%
METHOD=kiaomni_s8_r0.25 SCORE=100.00 ALL_CORRECT=True
TOKENS=4065/16261 RETENTION=24.998% COMPRESSION=4.000x
NEEDLE_RECALL=1.000000 COMPLETE=4/4
--- RAW ANSWER ---
The special magic numbers for **trite-triangle** mentioned in the provided text are:

1. **9647849**  
2. **5761145**  
3. **6623525**  
4. **2422633
PPL=3.090795 TTFT=2.1160134080000716 OUT_TOK_S=4.823 GEN_PEAK_VRAM_GB=57.453 PIPELINE_PEAK_VRAM_GB=61.543
ROUTING_ACTUAL TOP1=0.691446 TOP8=0.735136 WORST_TOP8=0.642935 COS=0.877075 LOAD_JSD=0.009663
========================================================================================

========================================================================================
CASE=ruler-niah_multivalue-16384-line2 TASK=niah_multivalue TARGET_LEN=16384 DEPTH=45.37%
METHOD=kiaomni_s8_r0.125 SCORE=100.00 ALL_CORRECT=True
TOKENS=2033/16261 RETENTION=12.502% COMPRESSION=7.999x
NEEDLE_RECALL=1.000000 COMPLETE=4/4
--- RAW ANSWER ---
The special magic numbers for **trite-triangle** mentioned in the provided text are:

- **9647849**  
- **5761145**  
- **6623525**  
- **2422633**

These numbers appear
PPL=3.968373 TTFT=1.9528642370000853 OUT_TOK_S=4.873 GEN_PEAK_VRAM_GB=57.166 PIPELINE_PEAK_VRAM_GB=61.543
ROUTING_ACTUAL TOP1=0.644542 TOP8=0.693505 WORST_TOP8=0.594944 COS=0.847569 LOAD_JSD=0.012461
========================================================================================

========================================================================================
CASE=ruler-niah_multivalue-16384-line2 TASK=niah_multivalue TARGET_LEN=16384 DEPTH=45.37%
METHOD=kiaomni_s8_r0.0625 SCORE=100.00 ALL_CORRECT=True
TOKENS=1016/16261 RETENTION=6.248% COMPRESSION=16.005x
NEEDLE_RECALL=1.000000 COMPLETE=4/4
--- RAW ANSWER ---
The special magic numbers for **trite-triangle** mentioned in the provided text are:

- **9647849**  
- **5761145**  
- **6623525**  
- **2422633**

These numbers are
PPL=4.401241 TTFT=2.039290492999953 OUT_TOK_S=4.856 GEN_PEAK_VRAM_GB=57.022 PIPELINE_PEAK_VRAM_GB=61.543
ROUTING_ACTUAL TOP1=0.598036 TOP8=0.649604 WORST_TOP8=0.537393 COS=0.815345 LOAD_JSD=0.015177
========================================================================================

========================================================================================
CASE=ruler-niah_multivalue-16384-line2 TASK=niah_multivalue TARGET_LEN=16384 DEPTH=45.37%
METHOD=kiaomni_gaussian_r0.25 SCORE=100.00 ALL_CORRECT=True
TOKENS=4065/16261 RETENTION=24.998% COMPRESSION=4.000x
NEEDLE_RECALL=1.000000 COMPLETE=4/4
--- RAW ANSWER ---
The special magic numbers for **trite-triangle** mentioned in the provided text are:

1. **9647849**  
2. **5761145**  
3. **6623525**  
4. **2422633
PPL=3.088013 TTFT=2.081091450999793 OUT_TOK_S=4.834 GEN_PEAK_VRAM_GB=57.453 PIPELINE_PEAK_VRAM_GB=61.543
ROUTING_ACTUAL TOP1=0.698129 TOP8=0.739770 WORST_TOP8=0.657812 COS=0.881174 LOAD_JSD=0.009211
========================================================================================

========================================================================================
CASE=ruler-niah_multivalue-16384-line2 TASK=niah_multivalue TARGET_LEN=16384 DEPTH=45.37%
METHOD=kiaomni_gaussian_r0.125 SCORE=100.00 ALL_CORRECT=True
TOKENS=2033/16261 RETENTION=12.502% COMPRESSION=7.999x
NEEDLE_RECALL=1.000000 COMPLETE=4/4
--- RAW ANSWER ---
The special magic numbers for **trite-triangle** mentioned in the provided text are:

- **9647849**  
- **5761145**  
- **6623525**  
- **2422633**

These numbers are
PPL=3.645275 TTFT=1.9778502449998996 OUT_TOK_S=4.860 GEN_PEAK_VRAM_GB=57.166 PIPELINE_PEAK_VRAM_GB=61.543
ROUTING_ACTUAL TOP1=0.646120 TOP8=0.695150 WORST_TOP8=0.601703 COS=0.847615 LOAD_JSD=0.011828
========================================================================================

========================================================================================
CASE=ruler-niah_multivalue-16384-line2 TASK=niah_multivalue TARGET_LEN=16384 DEPTH=45.37%
METHOD=kiaomni_gaussian_r0.0625 SCORE=100.00 ALL_CORRECT=True
TOKENS=1016/16261 RETENTION=6.248% COMPRESSION=16.005x
NEEDLE_RECALL=1.000000 COMPLETE=4/4
--- RAW ANSWER ---
The special magic numbers for **trite-triangle** mentioned in the provided text are:

- **9647849**  
- **5761145**  
- **6623525**  
- **2422633**

These numbers appear
PPL=4.020707 TTFT=1.9821094040003118 OUT_TOK_S=4.856 GEN_PEAK_VRAM_GB=57.022 PIPELINE_PEAK_VRAM_GB=61.543
ROUTING_ACTUAL TOP1=0.579560 TOP8=0.632173 WORST_TOP8=0.520936 COS=0.800776 LOAD_JSD=0.017309
========================================================================================

========================================================================================
CASE=ruler-niah_multivalue-16384-line15 TASK=niah_multivalue TARGET_LEN=16384 DEPTH=47.05%
METHOD=full_context SCORE=50.00 ALL_CORRECT=False
TOKENS=16255/16255 RETENTION=100.000% COMPRESSION=1.000x
NEEDLE_RECALL=1.000000 COMPLETE=4/4
--- RAW ANSWER ---
The special magic numbers for scattered-reception mentioned in the provided text are:

1.  **8980915** (mentioned in the July 2010 section)
2.  **7826774** (mentioned in the November 2009 section)
3
PPL=1.573990 TTFT=3.406306604999827 OUT_TOK_S=4.390 GEN_PEAK_VRAM_GB=59.156 PIPELINE_PEAK_VRAM_GB=59.156
========================================================================================

========================================================================================
CASE=ruler-niah_multivalue-16384-line15 TASK=niah_multivalue TARGET_LEN=16384 DEPTH=47.05%
METHOD=kiaomni_s8_r0.25 SCORE=100.00 ALL_CORRECT=True
TOKENS=4064/16255 RETENTION=25.002% COMPRESSION=4.000x
NEEDLE_RECALL=1.000000 COMPLETE=4/4
--- RAW ANSWER ---
The special magic numbers for scattered-reception mentioned in the provided text are:

- **8980915**  
- **7826774**  
- **9010256**  
- **3649811**

These numbers appear in the text
PPL=2.369122 TTFT=2.098382913000023 OUT_TOK_S=4.807 GEN_PEAK_VRAM_GB=57.453 PIPELINE_PEAK_VRAM_GB=61.541
ROUTING_ACTUAL TOP1=0.700757 TOP8=0.740962 WORST_TOP8=0.651566 COS=0.880305 LOAD_JSD=0.008727
========================================================================================

========================================================================================
CASE=ruler-niah_multivalue-16384-line15 TASK=niah_multivalue TARGET_LEN=16384 DEPTH=47.05%
METHOD=kiaomni_s8_r0.125 SCORE=100.00 ALL_CORRECT=True
TOKENS=2032/16255 RETENTION=12.501% COMPRESSION=8.000x
NEEDLE_RECALL=1.000000 COMPLETE=4/4
--- RAW ANSWER ---
The special magic numbers for **scattered-reception** mentioned in the provided text are:

1. **8980915**  
2. **7826774**  
3. **9010256**  
4. **3649811
PPL=2.776781 TTFT=1.9740023750000546 OUT_TOK_S=4.842 GEN_PEAK_VRAM_GB=57.166 PIPELINE_PEAK_VRAM_GB=61.541
ROUTING_ACTUAL TOP1=0.647587 TOP8=0.695735 WORST_TOP8=0.592979 COS=0.848489 LOAD_JSD=0.012309
========================================================================================

========================================================================================
CASE=ruler-niah_multivalue-16384-line15 TASK=niah_multivalue TARGET_LEN=16384 DEPTH=47.05%
METHOD=kiaomni_s8_r0.0625 SCORE=100.00 ALL_CORRECT=True
TOKENS=1016/16255 RETENTION=6.250% COMPRESSION=15.999x
NEEDLE_RECALL=1.000000 COMPLETE=4/4
--- RAW ANSWER ---
The special magic numbers for scattered-reception mentioned in the provided text are:

- **8980915**  
- **7826774**  
- **9010256**  
- **3649811**

These numbers appear explicitly in the
PPL=2.947246 TTFT=2.0257282070001565 OUT_TOK_S=4.871 GEN_PEAK_VRAM_GB=57.022 PIPELINE_PEAK_VRAM_GB=61.541
ROUTING_ACTUAL TOP1=0.624098 TOP8=0.671500 WORST_TOP8=0.566135 COS=0.835136 LOAD_JSD=0.011133
========================================================================================

========================================================================================
CASE=ruler-niah_multivalue-16384-line15 TASK=niah_multivalue TARGET_LEN=16384 DEPTH=47.05%
METHOD=kiaomni_gaussian_r0.25 SCORE=100.00 ALL_CORRECT=True
TOKENS=4064/16255 RETENTION=25.002% COMPRESSION=4.000x
NEEDLE_RECALL=1.000000 COMPLETE=4/4
--- RAW ANSWER ---
The special magic numbers for scattered-reception mentioned in the provided text are:

- **8980915**  
- **7826774**  
- **9010256**  
- **3649811**

These numbers appear in the text
PPL=2.547379 TTFT=2.0787873640001635 OUT_TOK_S=4.824 GEN_PEAK_VRAM_GB=57.453 PIPELINE_PEAK_VRAM_GB=61.541
ROUTING_ACTUAL TOP1=0.701167 TOP8=0.741014 WORST_TOP8=0.652132 COS=0.880567 LOAD_JSD=0.009084
========================================================================================

========================================================================================
CASE=ruler-niah_multivalue-16384-line15 TASK=niah_multivalue TARGET_LEN=16384 DEPTH=47.05%
METHOD=kiaomni_gaussian_r0.125 SCORE=100.00 ALL_CORRECT=True
TOKENS=2032/16255 RETENTION=12.501% COMPRESSION=8.000x
NEEDLE_RECALL=1.000000 COMPLETE=4/4
--- RAW ANSWER ---
The special magic numbers for scattered-reception mentioned in the provided text are:

- **8980915**  
- **7826774**  
- **9010256**  
- **3649811**

These numbers appear in the text
PPL=2.773395 TTFT=1.9668654060001245 OUT_TOK_S=4.874 GEN_PEAK_VRAM_GB=57.166 PIPELINE_PEAK_VRAM_GB=61.541
ROUTING_ACTUAL TOP1=0.638431 TOP8=0.686924 WORST_TOP8=0.587684 COS=0.841597 LOAD_JSD=0.012699
========================================================================================

========================================================================================
CASE=ruler-niah_multivalue-16384-line15 TASK=niah_multivalue TARGET_LEN=16384 DEPTH=47.05%
METHOD=kiaomni_gaussian_r0.0625 SCORE=100.00 ALL_CORRECT=True
TOKENS=1016/16255 RETENTION=6.250% COMPRESSION=15.999x
NEEDLE_RECALL=1.000000 COMPLETE=4/4
--- RAW ANSWER ---
The special magic numbers for scattered-reception mentioned in the provided text are:

- **8980915**  
- **7826774**  
- **9010256**  
- **3649811**

These numbers are explicitly stated in
PPL=2.884846 TTFT=1.91958574399996 OUT_TOK_S=4.845 GEN_PEAK_VRAM_GB=57.022 PIPELINE_PEAK_VRAM_GB=61.541
ROUTING_ACTUAL TOP1=0.591720 TOP8=0.642590 WORST_TOP8=0.541977 COS=0.808612 LOAD_JSD=0.015809
========================================================================================

========================================================================================
CASE=ruler-niah_multivalue-16384-line43 TASK=niah_multivalue TARGET_LEN=16384 DEPTH=69.94%
METHOD=full_context SCORE=100.00 ALL_CORRECT=True
TOKENS=16261/16261 RETENTION=100.000% COMPRESSION=1.000x
NEEDLE_RECALL=1.000000 COMPLETE=4/4
--- RAW ANSWER ---
The special magic numbers for healthy-choir mentioned in the provided text are:

1. 6109570
2. 7678001
3. 5796850
4. 8374490
PPL=1.687988 TTFT=3.487563203999798 OUT_TOK_S=4.310 GEN_PEAK_VRAM_GB=59.158 PIPELINE_PEAK_VRAM_GB=59.158
========================================================================================

========================================================================================
CASE=ruler-niah_multivalue-16384-line43 TASK=niah_multivalue TARGET_LEN=16384 DEPTH=69.94%
METHOD=kiaomni_s8_r0.25 SCORE=100.00 ALL_CORRECT=True
TOKENS=4065/16261 RETENTION=24.998% COMPRESSION=4.000x
NEEDLE_RECALL=1.000000 COMPLETE=4/4
--- RAW ANSWER ---
The special magic numbers for healthy-choir mentioned in the provided text are:

- **6109570**  
- **7678001**  
- **5796850**  
- **8374490**

These numbers appear in the
PPL=2.643663 TTFT=2.078924865999852 OUT_TOK_S=4.791 GEN_PEAK_VRAM_GB=57.453 PIPELINE_PEAK_VRAM_GB=61.543
ROUTING_ACTUAL TOP1=0.697555 TOP8=0.741000 WORST_TOP8=0.651692 COS=0.879621 LOAD_JSD=0.009255
========================================================================================

========================================================================================
CASE=ruler-niah_multivalue-16384-line43 TASK=niah_multivalue TARGET_LEN=16384 DEPTH=69.94%
METHOD=kiaomni_s8_r0.125 SCORE=100.00 ALL_CORRECT=True
TOKENS=2033/16261 RETENTION=12.502% COMPRESSION=7.999x
NEEDLE_RECALL=1.000000 COMPLETE=4/4
--- RAW ANSWER ---
The special magic numbers for **healthy-choir** mentioned in the provided text are:

- **6109570**  
- **7678001**  
- **5796850**  
- **8374490**

These numbers appear
PPL=2.973876 TTFT=1.9681642430000466 OUT_TOK_S=4.857 GEN_PEAK_VRAM_GB=57.166 PIPELINE_PEAK_VRAM_GB=61.543
ROUTING_ACTUAL TOP1=0.643671 TOP8=0.693227 WORST_TOP8=0.589875 COS=0.846086 LOAD_JSD=0.012756
========================================================================================

========================================================================================
CASE=ruler-niah_multivalue-16384-line43 TASK=niah_multivalue TARGET_LEN=16384 DEPTH=69.94%
METHOD=kiaomni_s8_r0.0625 SCORE=100.00 ALL_CORRECT=True
TOKENS=1016/16261 RETENTION=6.248% COMPRESSION=16.005x
NEEDLE_RECALL=1.000000 COMPLETE=4/4
--- RAW ANSWER ---
The special magic numbers for **healthy-choir** mentioned in the provided text are:

- **6109570**  
- **7678001**  
- **5796850**  
- **8374490**

These numbers are
PPL=3.046819 TTFT=1.960954650000076 OUT_TOK_S=4.862 GEN_PEAK_VRAM_GB=57.022 PIPELINE_PEAK_VRAM_GB=61.543
ROUTING_ACTUAL TOP1=0.616183 TOP8=0.664670 WORST_TOP8=0.551579 COS=0.824343 LOAD_JSD=0.013404
========================================================================================

========================================================================================
CASE=ruler-niah_multivalue-16384-line43 TASK=niah_multivalue TARGET_LEN=16384 DEPTH=69.94%
METHOD=kiaomni_gaussian_r0.25 SCORE=100.00 ALL_CORRECT=True
TOKENS=4065/16261 RETENTION=24.998% COMPRESSION=4.000x
NEEDLE_RECALL=1.000000 COMPLETE=4/4
--- RAW ANSWER ---
The special magic numbers for **healthy-choir** mentioned in the provided text are:

- **6109570**  
- **7678001**  
- **5796850**  
- **8374490**

These numbers are
PPL=2.654614 TTFT=2.093721412999912 OUT_TOK_S=4.816 GEN_PEAK_VRAM_GB=57.453 PIPELINE_PEAK_VRAM_GB=61.543
ROUTING_ACTUAL TOP1=0.700256 TOP8=0.742120 WORST_TOP8=0.656145 COS=0.882042 LOAD_JSD=0.008790
========================================================================================

========================================================================================
CASE=ruler-niah_multivalue-16384-line43 TASK=niah_multivalue TARGET_LEN=16384 DEPTH=69.94%
METHOD=kiaomni_gaussian_r0.125 SCORE=100.00 ALL_CORRECT=True
TOKENS=2033/16261 RETENTION=12.502% COMPRESSION=7.999x
NEEDLE_RECALL=1.000000 COMPLETE=4/4
--- RAW ANSWER ---
The special magic numbers for **healthy-choir** mentioned in the provided text are:

- **6109570**  
- **7678001**  
- **5796850**  
- **8374490**

These numbers appear
PPL=2.937996 TTFT=1.945744748999914 OUT_TOK_S=4.894 GEN_PEAK_VRAM_GB=57.166 PIPELINE_PEAK_VRAM_GB=61.543
ROUTING_ACTUAL TOP1=0.642585 TOP8=0.689481 WORST_TOP8=0.592803 COS=0.843342 LOAD_JSD=0.012069
========================================================================================

========================================================================================
CASE=ruler-niah_multivalue-16384-line43 TASK=niah_multivalue TARGET_LEN=16384 DEPTH=69.94%
METHOD=kiaomni_gaussian_r0.0625 SCORE=100.00 ALL_CORRECT=True
TOKENS=1016/16261 RETENTION=6.248% COMPRESSION=16.005x
NEEDLE_RECALL=1.000000 COMPLETE=4/4
--- RAW ANSWER ---
The special magic numbers for **healthy-choir** mentioned in the provided text are:

- **6109570**  
- **7678001**  
- **5796850**  
- **8374490**

These numbers are
PPL=3.050431 TTFT=1.9234688970000207 OUT_TOK_S=4.917 GEN_PEAK_VRAM_GB=57.022 PIPELINE_PEAK_VRAM_GB=61.543
ROUTING_ACTUAL TOP1=0.598200 TOP8=0.648046 WORST_TOP8=0.541532 COS=0.810410 LOAD_JSD=0.015491
========================================================================================

========================================================================================
CASE=ruler-niah_multivalue-16384-line3 TASK=niah_multivalue TARGET_LEN=16384 DEPTH=89.21%
METHOD=full_context SCORE=100.00 ALL_CORRECT=True
TOKENS=16261/16261 RETENTION=100.000% COMPRESSION=1.000x
NEEDLE_RECALL=1.000000 COMPLETE=4/4
--- RAW ANSWER ---
The special magic numbers for spooky-forever mentioned in the provided text are:

1.  **6059717**
2.  **2709620**
3.  **3030966**
4.  **5074336**
PPL=1.744153 TTFT=3.4136163769999257 OUT_TOK_S=4.409 GEN_PEAK_VRAM_GB=59.158 PIPELINE_PEAK_VRAM_GB=59.158
========================================================================================

========================================================================================
CASE=ruler-niah_multivalue-16384-line3 TASK=niah_multivalue TARGET_LEN=16384 DEPTH=89.21%
METHOD=kiaomni_s8_r0.25 SCORE=100.00 ALL_CORRECT=True
TOKENS=4065/16261 RETENTION=24.998% COMPRESSION=4.000x
NEEDLE_RECALL=1.000000 COMPLETE=4/4
--- RAW ANSWER ---
The special magic numbers for spooky-forever mentioned in the provided text are:

- **6059717**  
- **2709620**  
- **3030966**  
- **5074336**

These numbers are explicitly labeled
PPL=2.866335 TTFT=2.085161943999992 OUT_TOK_S=4.816 GEN_PEAK_VRAM_GB=57.453 PIPELINE_PEAK_VRAM_GB=61.543
ROUTING_ACTUAL TOP1=0.713602 TOP8=0.753294 WORST_TOP8=0.669003 COS=0.888867 LOAD_JSD=0.007817
========================================================================================

========================================================================================
CASE=ruler-niah_multivalue-16384-line3 TASK=niah_multivalue TARGET_LEN=16384 DEPTH=89.21%
METHOD=kiaomni_s8_r0.125 SCORE=75.00 ALL_CORRECT=False
TOKENS=2033/16261 RETENTION=12.502% COMPRESSION=7.999x
NEEDLE_RECALL=1.000000 COMPLETE=4/4
--- RAW ANSWER ---
The special magic numbers for "spooky-forever" mentioned in the provided text are:

1. **6059717**  
2. **2709620**  
3. **3030966**  
4. **507433
PPL=3.354747 TTFT=1.9616838430001735 OUT_TOK_S=4.885 GEN_PEAK_VRAM_GB=57.166 PIPELINE_PEAK_VRAM_GB=61.543
ROUTING_ACTUAL TOP1=0.651705 TOP8=0.699949 WORST_TOP8=0.595124 COS=0.852527 LOAD_JSD=0.011279
========================================================================================

========================================================================================
CASE=ruler-niah_multivalue-16384-line3 TASK=niah_multivalue TARGET_LEN=16384 DEPTH=89.21%
METHOD=kiaomni_s8_r0.0625 SCORE=75.00 ALL_CORRECT=False
TOKENS=1016/16261 RETENTION=6.248% COMPRESSION=16.005x
NEEDLE_RECALL=1.000000 COMPLETE=4/4
--- RAW ANSWER ---
The special magic numbers for "spooky-forever" mentioned in the provided text are:

1. **6059717**  
2. **2709620**  
3. **3030966**  
4. **507433
PPL=3.354617 TTFT=1.9846080859997528 OUT_TOK_S=4.865 GEN_PEAK_VRAM_GB=57.022 PIPELINE_PEAK_VRAM_GB=61.543
ROUTING_ACTUAL TOP1=0.602936 TOP8=0.652554 WORST_TOP8=0.537547 COS=0.819687 LOAD_JSD=0.014646
========================================================================================

========================================================================================
CASE=ruler-niah_multivalue-16384-line3 TASK=niah_multivalue TARGET_LEN=16384 DEPTH=89.21%
METHOD=kiaomni_gaussian_r0.25 SCORE=100.00 ALL_CORRECT=True
TOKENS=4065/16261 RETENTION=24.998% COMPRESSION=4.000x
NEEDLE_RECALL=1.000000 COMPLETE=4/4
--- RAW ANSWER ---
The special magic numbers for spooky-forever mentioned in the provided text are:

- **6059717**  
- **2709620**  
- **3030966**  
- **5074336**

These numbers are explicitly labeled
PPL=2.924053 TTFT=2.111867641000117 OUT_TOK_S=4.799 GEN_PEAK_VRAM_GB=57.453 PIPELINE_PEAK_VRAM_GB=61.543
ROUTING_ACTUAL TOP1=0.713156 TOP8=0.751714 WORST_TOP8=0.666341 COS=0.888620 LOAD_JSD=0.008154
========================================================================================

========================================================================================
CASE=ruler-niah_multivalue-16384-line3 TASK=niah_multivalue TARGET_LEN=16384 DEPTH=89.21%
METHOD=kiaomni_gaussian_r0.125 SCORE=75.00 ALL_CORRECT=False
TOKENS=2033/16261 RETENTION=12.502% COMPRESSION=7.999x
NEEDLE_RECALL=1.000000 COMPLETE=4/4
--- RAW ANSWER ---
The special magic numbers for "spooky-forever" mentioned in the provided text are:

1. **6059717**  
2. **2709620**  
3. **3030966**  
4. **507433
PPL=3.482288 TTFT=1.972673445000055 OUT_TOK_S=4.881 GEN_PEAK_VRAM_GB=57.166 PIPELINE_PEAK_VRAM_GB=61.543
ROUTING_ACTUAL TOP1=0.645813 TOP8=0.694437 WORST_TOP8=0.598428 COS=0.846536 LOAD_JSD=0.012559
========================================================================================

========================================================================================
CASE=ruler-niah_multivalue-16384-line3 TASK=niah_multivalue TARGET_LEN=16384 DEPTH=89.21%
METHOD=kiaomni_gaussian_r0.0625 SCORE=75.00 ALL_CORRECT=False
TOKENS=1016/16261 RETENTION=6.248% COMPRESSION=16.005x
NEEDLE_RECALL=1.000000 COMPLETE=4/4
--- RAW ANSWER ---
The special magic numbers for "spooky-forever" mentioned in the provided text are:

1. **6059717**  
2. **2709620**  
3. **3030966**  
4. **507433
PPL=3.333064 TTFT=1.9456184119999307 OUT_TOK_S=4.834 GEN_PEAK_VRAM_GB=57.022 PIPELINE_PEAK_VRAM_GB=61.543
ROUTING_ACTUAL TOP1=0.586901 TOP8=0.642806 WORST_TOP8=0.530381 COS=0.809082 LOAD_JSD=0.016201
========================================================================================

========================================================================================
CASE=ruler-niah_multiquery-8192-line31 TASK=niah_multiquery TARGET_LEN=8192 DEPTH=10.14%
METHOD=full_context SCORE=75.00 ALL_CORRECT=False
TOKENS=8065/8065 RETENTION=100.000% COMPRESSION=1.000x
NEEDLE_RECALL=1.000000 COMPLETE=4/4
--- RAW ANSWER ---
The special magic numbers mentioned in the text for each entity are:

- **silent-onion**: 9909769  
- **grotesque-call**: 2128599  
- **perfect-stopsign**: 8165647  
- **spooky
PPL=2.090011 TTFT=2.475300873999913 OUT_TOK_S=4.660 GEN_PEAK_VRAM_GB=58.011 PIPELINE_PEAK_VRAM_GB=58.011
========================================================================================

========================================================================================
CASE=ruler-niah_multiquery-8192-line31 TASK=niah_multiquery TARGET_LEN=8192 DEPTH=10.14%
METHOD=kiaomni_s8_r0.25 SCORE=75.00 ALL_CORRECT=False
TOKENS=2016/8065 RETENTION=24.997% COMPRESSION=4.000x
NEEDLE_RECALL=1.000000 COMPLETE=4/4
--- RAW ANSWER ---
The special magic numbers mentioned in the text for each entity are:

- **silent-onion**: **9909769**  
- **grotesque-call**: **2128599**  
- **perfect-stopsign**: **8165647**  
-
PPL=3.005870 TTFT=1.9666202470002645 OUT_TOK_S=4.858 GEN_PEAK_VRAM_GB=57.166 PIPELINE_PEAK_VRAM_GB=59.193
ROUTING_ACTUAL TOP1=0.692636 TOP8=0.731995 WORST_TOP8=0.639043 COS=0.873691 LOAD_JSD=0.009301
========================================================================================

========================================================================================
CASE=ruler-niah_multiquery-8192-line31 TASK=niah_multiquery TARGET_LEN=8192 DEPTH=10.14%
METHOD=kiaomni_s8_r0.125 SCORE=75.00 ALL_CORRECT=False
TOKENS=1008/8065 RETENTION=12.498% COMPRESSION=8.001x
NEEDLE_RECALL=1.000000 COMPLETE=4/4
--- RAW ANSWER ---
The special magic numbers mentioned in the text are:

- **silent-onion**: **9909769**  
- **grotesque-call**: **2128599**  
- **perfect-stopsign**: **8165647**  
- **spooky
PPL=3.028528 TTFT=1.9304795769999146 OUT_TOK_S=4.883 GEN_PEAK_VRAM_GB=57.021 PIPELINE_PEAK_VRAM_GB=59.193
ROUTING_ACTUAL TOP1=0.619130 TOP8=0.668346 WORST_TOP8=0.561484 COS=0.831995 LOAD_JSD=0.012861
========================================================================================

========================================================================================
CASE=ruler-niah_multiquery-8192-line31 TASK=niah_multiquery TARGET_LEN=8192 DEPTH=10.14%
METHOD=kiaomni_s8_r0.0625 SCORE=75.00 ALL_CORRECT=False
TOKENS=504/8065 RETENTION=6.249% COMPRESSION=16.002x
NEEDLE_RECALL=1.000000 COMPLETE=4/4
--- RAW ANSWER ---
The special magic numbers mentioned in the text are:

- **silent-onion**: 9909769  
- **grotesque-call**: 2128599  
- **perfect-stopsign**: 8165647  
- **spooky-beanie**:
PPL=3.027535 TTFT=1.8483905740004047 OUT_TOK_S=4.914 GEN_PEAK_VRAM_GB=56.950 PIPELINE_PEAK_VRAM_GB=59.193
ROUTING_ACTUAL TOP1=0.592923 TOP8=0.628765 WORST_TOP8=0.524921 COS=0.796828 LOAD_JSD=0.017576
========================================================================================

========================================================================================
CASE=ruler-niah_multiquery-8192-line31 TASK=niah_multiquery TARGET_LEN=8192 DEPTH=10.14%
METHOD=kiaomni_gaussian_r0.25 SCORE=75.00 ALL_CORRECT=False
TOKENS=2016/8065 RETENTION=24.997% COMPRESSION=4.000x
NEEDLE_RECALL=1.000000 COMPLETE=4/4
--- RAW ANSWER ---
The special magic numbers mentioned in the text for each of the specified terms are:

- **silent-onion**: **9909769**  
- **grotesque-call**: **2128599**  
- **perfect-stopsign**: **8165647
PPL=2.936909 TTFT=1.9552110869999524 OUT_TOK_S=4.917 GEN_PEAK_VRAM_GB=57.166 PIPELINE_PEAK_VRAM_GB=59.193
ROUTING_ACTUAL TOP1=0.688151 TOP8=0.729077 WORST_TOP8=0.634444 COS=0.872419 LOAD_JSD=0.009237
========================================================================================

========================================================================================
CASE=ruler-niah_multiquery-8192-line31 TASK=niah_multiquery TARGET_LEN=8192 DEPTH=10.14%
METHOD=kiaomni_gaussian_r0.125 SCORE=75.00 ALL_CORRECT=False
TOKENS=1008/8065 RETENTION=12.498% COMPRESSION=8.001x
NEEDLE_RECALL=1.000000 COMPLETE=4/4
--- RAW ANSWER ---
The special magic numbers mentioned in the text for each entity are:

- **silent-onion**: **9909769**  
- **grotesque-call**: **2128599**  
- **perfect-stopsign**: **8165647**  
-
PPL=3.067463 TTFT=1.9469455769999513 OUT_TOK_S=4.873 GEN_PEAK_VRAM_GB=57.021 PIPELINE_PEAK_VRAM_GB=59.193
ROUTING_ACTUAL TOP1=0.615141 TOP8=0.662133 WORST_TOP8=0.561406 COS=0.826598 LOAD_JSD=0.013732
========================================================================================

========================================================================================
CASE=ruler-niah_multiquery-8192-line31 TASK=niah_multiquery TARGET_LEN=8192 DEPTH=10.14%
METHOD=kiaomni_gaussian_r0.0625 SCORE=75.00 ALL_CORRECT=False
TOKENS=504/8065 RETENTION=6.249% COMPRESSION=16.002x
NEEDLE_RECALL=1.000000 COMPLETE=4/4
--- RAW ANSWER ---
The special magic numbers mentioned in the text are:

- **silent-onion**: 9909769  
- **grotesque-call**: 2128599  
- **perfect-stopsign**: 8165647  
- **spooky-beanie**:
PPL=3.014082 TTFT=1.8406238360003044 OUT_TOK_S=4.926 GEN_PEAK_VRAM_GB=56.950 PIPELINE_PEAK_VRAM_GB=59.193
ROUTING_ACTUAL TOP1=0.578869 TOP8=0.616626 WORST_TOP8=0.518019 COS=0.784982 LOAD_JSD=0.018556
========================================================================================

========================================================================================
CASE=ruler-niah_multiquery-8192-line5 TASK=niah_multiquery TARGET_LEN=8192 DEPTH=30.32%
METHOD=full_context SCORE=75.00 ALL_CORRECT=False
TOKENS=8065/8065 RETENTION=100.000% COMPRESSION=1.000x
NEEDLE_RECALL=1.000000 COMPLETE=4/4
--- RAW ANSWER ---
The special magic numbers mentioned in the text are:

- **gentle-atom**: 5856117  
- **important-stepdaughter**: 3013003  
- **ablaze-milepost**: 9344741  
- **faint-dock**:
PPL=2.031238 TTFT=2.465147646999867 OUT_TOK_S=4.707 GEN_PEAK_VRAM_GB=58.011 PIPELINE_PEAK_VRAM_GB=58.011
========================================================================================

========================================================================================
CASE=ruler-niah_multiquery-8192-line5 TASK=niah_multiquery TARGET_LEN=8192 DEPTH=30.32%
METHOD=kiaomni_s8_r0.25 SCORE=75.00 ALL_CORRECT=False
TOKENS=2016/8065 RETENTION=24.997% COMPRESSION=4.000x
NEEDLE_RECALL=1.000000 COMPLETE=4/4
--- RAW ANSWER ---
The special magic numbers mentioned in the provided text are:

- **important-stepdaughter**: **3013003**  
- **gentle-atom**: **5856117**  
- **ablaze-milepost**: **9344741**  
- **f
PPL=2.696954 TTFT=1.954261618000146 OUT_TOK_S=4.876 GEN_PEAK_VRAM_GB=57.166 PIPELINE_PEAK_VRAM_GB=59.193
ROUTING_ACTUAL TOP1=0.684637 TOP8=0.729158 WORST_TOP8=0.642551 COS=0.872232 LOAD_JSD=0.009467
========================================================================================

========================================================================================
CASE=ruler-niah_multiquery-8192-line5 TASK=niah_multiquery TARGET_LEN=8192 DEPTH=30.32%
METHOD=kiaomni_s8_r0.125 SCORE=75.00 ALL_CORRECT=False
TOKENS=1008/8065 RETENTION=12.498% COMPRESSION=8.001x
NEEDLE_RECALL=1.000000 COMPLETE=4/4
--- RAW ANSWER ---
The special magic numbers mentioned in the text for each entity are:

- **gentle-atom**: **5856117**  
- **important-stepdaughter**: **3013003**  
- **ablaze-milepost**: **9344741**  
-
PPL=2.884547 TTFT=1.935215318000246 OUT_TOK_S=4.889 GEN_PEAK_VRAM_GB=57.021 PIPELINE_PEAK_VRAM_GB=59.193
ROUTING_ACTUAL TOP1=0.638166 TOP8=0.684482 WORST_TOP8=0.591634 COS=0.845186 LOAD_JSD=0.011284
========================================================================================

========================================================================================
CASE=ruler-niah_multiquery-8192-line5 TASK=niah_multiquery TARGET_LEN=8192 DEPTH=30.32%
METHOD=kiaomni_s8_r0.0625 SCORE=75.00 ALL_CORRECT=False
TOKENS=504/8065 RETENTION=6.249% COMPRESSION=16.002x
NEEDLE_RECALL=1.000000 COMPLETE=4/4
--- RAW ANSWER ---
The special magic numbers mentioned in the text are:

- **important-stepdaughter**: 3013003  
- **gentle-atom**: 5856117  
- **ablaze-milepost**: 9344741  
- **faint-dock**:
PPL=2.662501 TTFT=1.8102216299998872 OUT_TOK_S=4.917 GEN_PEAK_VRAM_GB=56.950 PIPELINE_PEAK_VRAM_GB=59.193
ROUTING_ACTUAL TOP1=0.577877 TOP8=0.620348 WORST_TOP8=0.525103 COS=0.792603 LOAD_JSD=0.018231
========================================================================================

========================================================================================
CASE=ruler-niah_multiquery-8192-line5 TASK=niah_multiquery TARGET_LEN=8192 DEPTH=30.32%
METHOD=kiaomni_gaussian_r0.25 SCORE=75.00 ALL_CORRECT=False
TOKENS=2016/8065 RETENTION=24.997% COMPRESSION=4.000x
NEEDLE_RECALL=1.000000 COMPLETE=4/4
--- RAW ANSWER ---
The special magic numbers mentioned in the text for each entity are:

- **important-stepdaughter**: **3013003**  
- **gentle-atom**: **5856117**  
- **ablaze-milepost**: **9344741**  
-
PPL=2.766124 TTFT=1.949842733999958 OUT_TOK_S=4.892 GEN_PEAK_VRAM_GB=57.166 PIPELINE_PEAK_VRAM_GB=59.193
ROUTING_ACTUAL TOP1=0.692874 TOP8=0.734042 WORST_TOP8=0.650091 COS=0.877183 LOAD_JSD=0.009105
========================================================================================

========================================================================================
CASE=ruler-niah_multiquery-8192-line5 TASK=niah_multiquery TARGET_LEN=8192 DEPTH=30.32%
METHOD=kiaomni_gaussian_r0.125 SCORE=75.00 ALL_CORRECT=False
TOKENS=1008/8065 RETENTION=12.498% COMPRESSION=8.001x
NEEDLE_RECALL=1.000000 COMPLETE=4/4
--- RAW ANSWER ---
The special magic numbers mentioned in the provided text are:

- **gentle-atom**: **5856117**  
- **important-stepdaughter**: **3013003**  
- **ablaze-milepost**: **9344741**  
- **f
PPL=2.757330 TTFT=1.9439627520000613 OUT_TOK_S=4.875 GEN_PEAK_VRAM_GB=57.021 PIPELINE_PEAK_VRAM_GB=59.193
ROUTING_ACTUAL TOP1=0.610615 TOP8=0.660083 WORST_TOP8=0.559537 COS=0.827051 LOAD_JSD=0.014888
========================================================================================

========================================================================================
CASE=ruler-niah_multiquery-8192-line5 TASK=niah_multiquery TARGET_LEN=8192 DEPTH=30.32%
METHOD=kiaomni_gaussian_r0.0625 SCORE=75.00 ALL_CORRECT=False
TOKENS=504/8065 RETENTION=6.249% COMPRESSION=16.002x
NEEDLE_RECALL=1.000000 COMPLETE=4/4
--- RAW ANSWER ---
The special magic numbers mentioned in the text are:

- **important-stepdaughter**: 3013003  
- **gentle-atom**: 5856117  
- **ablaze-milepost**: 9344741  
- **faint-dock**:
PPL=2.688441 TTFT=1.8119813489997796 OUT_TOK_S=4.914 GEN_PEAK_VRAM_GB=56.950 PIPELINE_PEAK_VRAM_GB=59.193
ROUTING_ACTUAL TOP1=0.549024 TOP8=0.587930 WORST_TOP8=0.483150 COS=0.763854 LOAD_JSD=0.023993
========================================================================================

========================================================================================
CASE=ruler-niah_multiquery-8192-line8 TASK=niah_multiquery TARGET_LEN=8192 DEPTH=50.55%
METHOD=full_context SCORE=75.00 ALL_CORRECT=False
TOKENS=7485/7485 RETENTION=100.000% COMPRESSION=1.000x
NEEDLE_RECALL=1.000000 COMPLETE=4/4
--- RAW ANSWER ---
The special magic numbers mentioned in the text for each category are:

- **fierce-cast**: 5993143  
- **empty-skeleton**: 5135904  
- **gullible-boy**: 6007984  
- **stupid
PPL=2.059042 TTFT=2.416289628999948 OUT_TOK_S=4.716 GEN_PEAK_VRAM_GB=57.928 PIPELINE_PEAK_VRAM_GB=57.928
========================================================================================

========================================================================================
CASE=ruler-niah_multiquery-8192-line8 TASK=niah_multiquery TARGET_LEN=8192 DEPTH=50.55%
METHOD=kiaomni_s8_r0.25 SCORE=50.00 ALL_CORRECT=False
TOKENS=1871/7485 RETENTION=24.997% COMPRESSION=4.001x
NEEDLE_RECALL=1.000000 COMPLETE=4/4
--- RAW ANSWER ---
The special magic numbers mentioned in the text for each of the specified entities are as follows:

- **fierce-cast**: **5993143**  
- **empty-skeleton**: **5135904**  
- **gullible-boy**: **60079
PPL=2.657965 TTFT=1.9533076899997468 OUT_TOK_S=4.868 GEN_PEAK_VRAM_GB=57.147 PIPELINE_PEAK_VRAM_GB=59.027
ROUTING_ACTUAL TOP1=0.691742 TOP8=0.735343 WORST_TOP8=0.638658 COS=0.876497 LOAD_JSD=0.008810
========================================================================================

========================================================================================
CASE=ruler-niah_multiquery-8192-line8 TASK=niah_multiquery TARGET_LEN=8192 DEPTH=50.55%
METHOD=kiaomni_s8_r0.125 SCORE=75.00 ALL_CORRECT=False
TOKENS=936/7485 RETENTION=12.505% COMPRESSION=7.997x
NEEDLE_RECALL=1.000000 COMPLETE=4/4
--- RAW ANSWER ---
The special magic numbers mentioned in the text for each of the specified entities are:

- **fierce-cast**: **5993143**  
- **empty-skeleton**: **5135904**  
- **gullible-boy**: **6007984
PPL=2.632682 TTFT=1.990832427999976 OUT_TOK_S=4.865 GEN_PEAK_VRAM_GB=57.010 PIPELINE_PEAK_VRAM_GB=59.027
ROUTING_ACTUAL TOP1=0.622997 TOP8=0.667749 WORST_TOP8=0.563846 COS=0.832286 LOAD_JSD=0.012110
========================================================================================

========================================================================================
CASE=ruler-niah_multiquery-8192-line8 TASK=niah_multiquery TARGET_LEN=8192 DEPTH=50.55%
METHOD=kiaomni_s8_r0.0625 SCORE=75.00 ALL_CORRECT=False
TOKENS=468/7485 RETENTION=6.253% COMPRESSION=15.994x
NEEDLE_RECALL=1.000000 COMPLETE=4/4
--- RAW ANSWER ---
The special magic numbers mentioned in the text are:

- **fierce-cast**: 5993143  
- **empty-skeleton**: 5135904  
- **gullible-boy**: 6007984  
- **stupid-notepad**:
PPL=2.455351 TTFT=1.8075752279996777 OUT_TOK_S=4.935 GEN_PEAK_VRAM_GB=56.945 PIPELINE_PEAK_VRAM_GB=59.027
ROUTING_ACTUAL TOP1=0.565304 TOP8=0.606237 WORST_TOP8=0.478936 COS=0.779572 LOAD_JSD=0.021762
========================================================================================

========================================================================================
CASE=ruler-niah_multiquery-8192-line8 TASK=niah_multiquery TARGET_LEN=8192 DEPTH=50.55%
METHOD=kiaomni_gaussian_r0.25 SCORE=75.00 ALL_CORRECT=False
TOKENS=1871/7485 RETENTION=24.997% COMPRESSION=4.001x
NEEDLE_RECALL=1.000000 COMPLETE=4/4
--- RAW ANSWER ---
The special magic numbers mentioned in the text for each of the specified entities are:

- **fierce-cast**: **5993143**  
- **empty-skeleton**: **5135904**  
- **gullible-boy**: **6007984
PPL=2.729356 TTFT=1.9285067230002824 OUT_TOK_S=4.871 GEN_PEAK_VRAM_GB=57.147 PIPELINE_PEAK_VRAM_GB=59.027
ROUTING_ACTUAL TOP1=0.684059 TOP8=0.727241 WORST_TOP8=0.634861 COS=0.871461 LOAD_JSD=0.009976
========================================================================================

========================================================================================
CASE=ruler-niah_multiquery-8192-line8 TASK=niah_multiquery TARGET_LEN=8192 DEPTH=50.55%
METHOD=kiaomni_gaussian_r0.125 SCORE=75.00 ALL_CORRECT=False
TOKENS=936/7485 RETENTION=12.505% COMPRESSION=7.997x
NEEDLE_RECALL=1.000000 COMPLETE=4/4
--- RAW ANSWER ---
The special magic numbers mentioned in the text for each of the specified entities are:

- **fierce-cast**: **5993143**  
- **empty-skeleton**: **5135904**  
- **gullible-boy**: **6007984
PPL=2.620711 TTFT=1.9353884100000869 OUT_TOK_S=4.877 GEN_PEAK_VRAM_GB=57.010 PIPELINE_PEAK_VRAM_GB=59.027
ROUTING_ACTUAL TOP1=0.603276 TOP8=0.652366 WORST_TOP8=0.537487 COS=0.816998 LOAD_JSD=0.014955
========================================================================================

========================================================================================
CASE=ruler-niah_multiquery-8192-line8 TASK=niah_multiquery TARGET_LEN=8192 DEPTH=50.55%
METHOD=kiaomni_gaussian_r0.0625 SCORE=75.00 ALL_CORRECT=False
TOKENS=468/7485 RETENTION=6.253% COMPRESSION=15.994x
NEEDLE_RECALL=1.000000 COMPLETE=4/4
--- RAW ANSWER ---
The special magic numbers mentioned in the text for each entity are:

- **fierce-cast**: 5993143  
- **empty-skeleton**: 5135904  
- **gullible-boy**: 6007984  
- **stupid
PPL=2.443839 TTFT=1.816216759999861 OUT_TOK_S=4.896 GEN_PEAK_VRAM_GB=56.945 PIPELINE_PEAK_VRAM_GB=59.027
ROUTING_ACTUAL TOP1=0.528935 TOP8=0.562013 WORST_TOP8=0.443584 COS=0.738195 LOAD_JSD=0.030910
========================================================================================

========================================================================================
CASE=ruler-niah_multiquery-8192-line27 TASK=niah_multiquery TARGET_LEN=8192 DEPTH=70.65%
METHOD=full_context SCORE=75.00 ALL_CORRECT=False
TOKENS=8068/8068 RETENTION=100.000% COMPRESSION=1.000x
NEEDLE_RECALL=1.000000 COMPLETE=4/4
--- RAW ANSWER ---
The special magic numbers mentioned in the text for each category are:

- **wooden-slide**: 1718308  
- **auspicious-fallacy**: 6665977  
- **mere-moat**: 2982850  
- **
PPL=2.219436 TTFT=2.450879160999648 OUT_TOK_S=4.686 GEN_PEAK_VRAM_GB=58.011 PIPELINE_PEAK_VRAM_GB=58.011
========================================================================================

========================================================================================
CASE=ruler-niah_multiquery-8192-line27 TASK=niah_multiquery TARGET_LEN=8192 DEPTH=70.65%
METHOD=kiaomni_s8_r0.25 SCORE=50.00 ALL_CORRECT=False
TOKENS=2017/8068 RETENTION=25.000% COMPRESSION=4.000x
NEEDLE_RECALL=1.000000 COMPLETE=4/4
--- RAW ANSWER ---
The special magic numbers mentioned in the text for each of the specified terms are:

- **wooden-slide**: **1718308**  
- **auspicious-fallacy**: **6665977**  
- **mere-moat**: **29828
PPL=3.097092 TTFT=1.9572447089999514 OUT_TOK_S=4.884 GEN_PEAK_VRAM_GB=57.166 PIPELINE_PEAK_VRAM_GB=59.193
ROUTING_ACTUAL TOP1=0.681551 TOP8=0.725026 WORST_TOP8=0.629975 COS=0.869651 LOAD_JSD=0.009923
========================================================================================

========================================================================================
CASE=ruler-niah_multiquery-8192-line27 TASK=niah_multiquery TARGET_LEN=8192 DEPTH=70.65%
METHOD=kiaomni_s8_r0.125 SCORE=50.00 ALL_CORRECT=False
TOKENS=1008/8068 RETENTION=12.494% COMPRESSION=8.004x
NEEDLE_RECALL=1.000000 COMPLETE=4/4
--- RAW ANSWER ---
The special magic numbers mentioned in the text for each of the specified terms are:

- **wooden-slide**: **1718308**  
- **auspicious-fallacy**: **6665977**  
- **mere-moat**: **29828
PPL=3.047715 TTFT=2.0199164809996546 OUT_TOK_S=4.851 GEN_PEAK_VRAM_GB=57.021 PIPELINE_PEAK_VRAM_GB=59.193
ROUTING_ACTUAL TOP1=0.631035 TOP8=0.674446 WORST_TOP8=0.569713 COS=0.839078 LOAD_JSD=0.011588
========================================================================================

========================================================================================
CASE=ruler-niah_multiquery-8192-line27 TASK=niah_multiquery TARGET_LEN=8192 DEPTH=70.65%
METHOD=kiaomni_s8_r0.0625 SCORE=75.00 ALL_CORRECT=False
TOKENS=504/8068 RETENTION=6.247% COMPRESSION=16.008x
NEEDLE_RECALL=1.000000 COMPLETE=4/4
--- RAW ANSWER ---
The special magic numbers mentioned in the text are:

- **wooden-slide**: 1718308  
- **auspicious-fallacy**: 6665977  
- **mere-moat**: 2982850  
- **faint-
PPL=2.837727 TTFT=1.8193696470002578 OUT_TOK_S=4.907 GEN_PEAK_VRAM_GB=56.950 PIPELINE_PEAK_VRAM_GB=59.193
ROUTING_ACTUAL TOP1=0.574694 TOP8=0.616003 WORST_TOP8=0.491460 COS=0.788608 LOAD_JSD=0.020573
========================================================================================

========================================================================================
CASE=ruler-niah_multiquery-8192-line27 TASK=niah_multiquery TARGET_LEN=8192 DEPTH=70.65%
METHOD=kiaomni_gaussian_r0.25 SCORE=50.00 ALL_CORRECT=False
TOKENS=2017/8068 RETENTION=25.000% COMPRESSION=4.000x
NEEDLE_RECALL=1.000000 COMPLETE=4/4
--- RAW ANSWER ---
The special magic numbers mentioned in the text for each category are as follows:

- **wooden-slide**: **1718308**  
- **auspicious-fallacy**: **6665977**  
- **mere-moat**: **298285
PPL=2.987939 TTFT=2.0467035609999584 OUT_TOK_S=4.849 GEN_PEAK_VRAM_GB=57.166 PIPELINE_PEAK_VRAM_GB=59.193
ROUTING_ACTUAL TOP1=0.684577 TOP8=0.726631 WORST_TOP8=0.636951 COS=0.871598 LOAD_JSD=0.010264
========================================================================================

========================================================================================
CASE=ruler-niah_multiquery-8192-line27 TASK=niah_multiquery TARGET_LEN=8192 DEPTH=70.65%
METHOD=kiaomni_gaussian_r0.125 SCORE=50.00 ALL_CORRECT=False
TOKENS=1008/8068 RETENTION=12.494% COMPRESSION=8.004x
NEEDLE_RECALL=1.000000 COMPLETE=4/4
--- RAW ANSWER ---
The special magic numbers mentioned in the text for each of the specified terms are:

- **wooden-slide**: **1718308**  
- **auspicious-fallacy**: **6665977**  
- **mere-moat**: **29828
PPL=3.003019 TTFT=1.9653870540000753 OUT_TOK_S=4.837 GEN_PEAK_VRAM_GB=57.021 PIPELINE_PEAK_VRAM_GB=59.193
ROUTING_ACTUAL TOP1=0.605179 TOP8=0.654670 WORST_TOP8=0.551416 COS=0.820839 LOAD_JSD=0.014958
========================================================================================

========================================================================================
CASE=ruler-niah_multiquery-8192-line27 TASK=niah_multiquery TARGET_LEN=8192 DEPTH=70.65%
METHOD=kiaomni_gaussian_r0.0625 SCORE=75.00 ALL_CORRECT=False
TOKENS=504/8068 RETENTION=6.247% COMPRESSION=16.008x
NEEDLE_RECALL=1.000000 COMPLETE=4/4
--- RAW ANSWER ---
The special magic numbers mentioned in the text for each term are:

- **wooden-slide**: **1718308**  
- **auspicious-fallacy**: **6665977**  
- **mere-moat**: **2982850**
PPL=2.794793 TTFT=1.818529498999851 OUT_TOK_S=4.911 GEN_PEAK_VRAM_GB=56.950 PIPELINE_PEAK_VRAM_GB=59.193
ROUTING_ACTUAL TOP1=0.569940 TOP8=0.604102 WORST_TOP8=0.494743 COS=0.780904 LOAD_JSD=0.020250
========================================================================================

========================================================================================
CASE=ruler-niah_multiquery-8192-line20 TASK=niah_multiquery TARGET_LEN=8192 DEPTH=90.16%
METHOD=full_context SCORE=75.00 ALL_CORRECT=False
TOKENS=8071/8071 RETENTION=100.000% COMPRESSION=1.000x
NEEDLE_RECALL=1.000000 COMPLETE=4/4
--- RAW ANSWER ---
The special magic numbers mentioned in the text are:

- **naughty-fund**: 4532148  
- **lean-million**: 7720828  
- **mute-fusarium**: 7246319  
- **gullible-supernatural
PPL=1.996571 TTFT=2.462441764000232 OUT_TOK_S=4.675 GEN_PEAK_VRAM_GB=58.012 PIPELINE_PEAK_VRAM_GB=58.012
========================================================================================

========================================================================================
CASE=ruler-niah_multiquery-8192-line20 TASK=niah_multiquery TARGET_LEN=8192 DEPTH=90.16%
METHOD=kiaomni_s8_r0.25 SCORE=75.00 ALL_CORRECT=False
TOKENS=2018/8071 RETENTION=25.003% COMPRESSION=4.000x
NEEDLE_RECALL=1.000000 COMPLETE=4/4
--- RAW ANSWER ---
The special magic numbers mentioned in the text for each of the specified terms are:

- **naughty-fund**: **4532148**  
- **lean-million**: **7720828**  
- **mute-fusarium**: **7246319**
PPL=2.583175 TTFT=1.9504735119999168 OUT_TOK_S=4.862 GEN_PEAK_VRAM_GB=57.166 PIPELINE_PEAK_VRAM_GB=59.194
ROUTING_ACTUAL TOP1=0.697483 TOP8=0.737464 WORST_TOP8=0.643166 COS=0.878282 LOAD_JSD=0.009126
========================================================================================

========================================================================================
CASE=ruler-niah_multiquery-8192-line20 TASK=niah_multiquery TARGET_LEN=8192 DEPTH=90.16%
METHOD=kiaomni_s8_r0.125 SCORE=75.00 ALL_CORRECT=False
TOKENS=1009/8071 RETENTION=12.502% COMPRESSION=7.999x
NEEDLE_RECALL=1.000000 COMPLETE=4/4
--- RAW ANSWER ---
The special magic numbers mentioned in the text for each category are:

- **naughty-fund**: **4532148**  
- **lean-million**: **7720828**  
- **mute-fusarium**: **7246319**  
- **
PPL=2.624469 TTFT=1.9854127140001765 OUT_TOK_S=4.844 GEN_PEAK_VRAM_GB=57.021 PIPELINE_PEAK_VRAM_GB=59.194
ROUTING_ACTUAL TOP1=0.652564 TOP8=0.692892 WORST_TOP8=0.591945 COS=0.852404 LOAD_JSD=0.010095
========================================================================================

========================================================================================
CASE=ruler-niah_multiquery-8192-line20 TASK=niah_multiquery TARGET_LEN=8192 DEPTH=90.16%
METHOD=kiaomni_s8_r0.0625 SCORE=75.00 ALL_CORRECT=False
TOKENS=504/8071 RETENTION=6.245% COMPRESSION=16.014x
NEEDLE_RECALL=1.000000 COMPLETE=4/4
--- RAW ANSWER ---
The special magic numbers mentioned in the text are:

- **naughty-fund**: 4532148  
- **lean-million**: 7720828  
- **mute-fusarium**: 7246319  
- **gullible-supernatural
PPL=2.495700 TTFT=1.8074495119999483 OUT_TOK_S=4.930 GEN_PEAK_VRAM_GB=56.950 PIPELINE_PEAK_VRAM_GB=59.194
ROUTING_ACTUAL TOP1=0.573785 TOP8=0.615027 WORST_TOP8=0.502352 COS=0.787619 LOAD_JSD=0.020259
========================================================================================

========================================================================================
CASE=ruler-niah_multiquery-8192-line20 TASK=niah_multiquery TARGET_LEN=8192 DEPTH=90.16%
METHOD=kiaomni_gaussian_r0.25 SCORE=75.00 ALL_CORRECT=False
TOKENS=2018/8071 RETENTION=25.003% COMPRESSION=4.000x
NEEDLE_RECALL=1.000000 COMPLETE=4/4
--- RAW ANSWER ---
The special magic numbers mentioned in the text for each of the specified terms are:

- **naughty-fund**: **4532148**  
- **lean-million**: **7720828**  
- **mute-fusarium**: **7246319**
PPL=2.599080 TTFT=1.9665469349997693 OUT_TOK_S=4.853 GEN_PEAK_VRAM_GB=57.166 PIPELINE_PEAK_VRAM_GB=59.194
ROUTING_ACTUAL TOP1=0.702872 TOP8=0.741158 WORST_TOP8=0.652883 COS=0.883070 LOAD_JSD=0.008266
========================================================================================

========================================================================================
CASE=ruler-niah_multiquery-8192-line20 TASK=niah_multiquery TARGET_LEN=8192 DEPTH=90.16%
METHOD=kiaomni_gaussian_r0.125 SCORE=75.00 ALL_CORRECT=False
TOKENS=1009/8071 RETENTION=12.502% COMPRESSION=7.999x
NEEDLE_RECALL=1.000000 COMPLETE=4/4
--- RAW ANSWER ---
The special magic numbers mentioned in the text are:

- **naughty-fund**: **4532148**  
- **lean-million**: **7720828**  
- **mute-fusarium**: **7246319**  
- **gullible
PPL=2.492184 TTFT=1.9197960490000696 OUT_TOK_S=4.898 GEN_PEAK_VRAM_GB=57.021 PIPELINE_PEAK_VRAM_GB=59.194
ROUTING_ACTUAL TOP1=0.632578 TOP8=0.679999 WORST_TOP8=0.589316 COS=0.841631 LOAD_JSD=0.012164
========================================================================================

========================================================================================
CASE=ruler-niah_multiquery-8192-line20 TASK=niah_multiquery TARGET_LEN=8192 DEPTH=90.16%
METHOD=kiaomni_gaussian_r0.0625 SCORE=75.00 ALL_CORRECT=False
TOKENS=504/8071 RETENTION=6.245% COMPRESSION=16.014x
NEEDLE_RECALL=1.000000 COMPLETE=4/4
--- RAW ANSWER ---
The special magic numbers mentioned in the text are:

- **naughty-fund**: 4532148  
- **lean-million**: 7720828  
- **mute-fusarium**: 7246319  
- **gullible-supernatural
PPL=2.564155 TTFT=1.8506122539997705 OUT_TOK_S=4.883 GEN_PEAK_VRAM_GB=56.950 PIPELINE_PEAK_VRAM_GB=59.194
ROUTING_ACTUAL TOP1=0.550843 TOP8=0.591408 WORST_TOP8=0.478360 COS=0.766372 LOAD_JSD=0.022580
========================================================================================

========================================================================================
CASE=ruler-niah_multiquery-16384-line4 TASK=niah_multiquery TARGET_LEN=16384 DEPTH=7.57%
METHOD=full_context SCORE=50.00 ALL_CORRECT=False
TOKENS=16256/16256 RETENTION=100.000% COMPRESSION=1.000x
NEEDLE_RECALL=1.000000 COMPLETE=4/4
--- RAW ANSWER ---
Based on the provided text, the special magic numbers for each entity are:

*   **laughable-oasis:** 2666893
*   **fantastic-reporter:** 8438733
*   **vast-builder:** 716285
PPL=1.484892 TTFT=3.3698976209998364 OUT_TOK_S=4.387 GEN_PEAK_VRAM_GB=59.158 PIPELINE_PEAK_VRAM_GB=59.158
========================================================================================

========================================================================================
CASE=ruler-niah_multiquery-16384-line4 TASK=niah_multiquery TARGET_LEN=16384 DEPTH=7.57%
METHOD=kiaomni_s8_r0.25 SCORE=50.00 ALL_CORRECT=False
TOKENS=4064/16256 RETENTION=25.000% COMPRESSION=4.000x
NEEDLE_RECALL=1.000000 COMPLETE=4/4
--- RAW ANSWER ---
The special magic numbers mentioned in the provided text for each of the specified terms are:

- **laughable-oasis**: **2666893**  
- **fantastic-reporter**: **8438733**  
- **vast-builder**: **71628
PPL=2.520452 TTFT=2.0837213970003177 OUT_TOK_S=4.794 GEN_PEAK_VRAM_GB=57.453 PIPELINE_PEAK_VRAM_GB=61.542
ROUTING_ACTUAL TOP1=0.683148 TOP8=0.728098 WORST_TOP8=0.635826 COS=0.872548 LOAD_JSD=0.009955
========================================================================================

========================================================================================
CASE=ruler-niah_multiquery-16384-line4 TASK=niah_multiquery TARGET_LEN=16384 DEPTH=7.57%
METHOD=kiaomni_s8_r0.125 SCORE=50.00 ALL_CORRECT=False
TOKENS=2032/16256 RETENTION=12.500% COMPRESSION=8.000x
NEEDLE_RECALL=1.000000 COMPLETE=4/4
--- RAW ANSWER ---
The special magic numbers mentioned in the provided text for each of the specified entities are:

- **laughable-oasis**: **2666893**  
- **fantastic-reporter**: **8438733**  
- **vast-builder**: **71628
PPL=2.682355 TTFT=2.0037978960003784 OUT_TOK_S=4.820 GEN_PEAK_VRAM_GB=57.166 PIPELINE_PEAK_VRAM_GB=61.542
ROUTING_ACTUAL TOP1=0.627973 TOP8=0.678548 WORST_TOP8=0.577720 COS=0.838954 LOAD_JSD=0.013186
========================================================================================

========================================================================================
CASE=ruler-niah_multiquery-16384-line4 TASK=niah_multiquery TARGET_LEN=16384 DEPTH=7.57%
METHOD=kiaomni_s8_r0.0625 SCORE=50.00 ALL_CORRECT=False
TOKENS=1016/16256 RETENTION=6.250% COMPRESSION=16.000x
NEEDLE_RECALL=1.000000 COMPLETE=4/4
--- RAW ANSWER ---
The special magic numbers mentioned in the text for each of the specified entities are:

- **laughable-oasis**: **2666893**  
- **fantastic-reporter**: **8438733**  
- **vast-builder**: **716285
PPL=2.760512 TTFT=1.9629493110001022 OUT_TOK_S=4.868 GEN_PEAK_VRAM_GB=57.022 PIPELINE_PEAK_VRAM_GB=61.542
ROUTING_ACTUAL TOP1=0.597625 TOP8=0.644679 WORST_TOP8=0.543379 COS=0.813664 LOAD_JSD=0.015104
========================================================================================

========================================================================================
CASE=ruler-niah_multiquery-16384-line4 TASK=niah_multiquery TARGET_LEN=16384 DEPTH=7.57%
METHOD=kiaomni_gaussian_r0.25 SCORE=75.00 ALL_CORRECT=False
TOKENS=4064/16256 RETENTION=25.000% COMPRESSION=4.000x
NEEDLE_RECALL=1.000000 COMPLETE=4/4
--- RAW ANSWER ---
The special magic numbers mentioned in the provided text are:

- **For laughable-oasis**: **2666893**  
- **For fantastic-reporter**: **8438733**  
- **For vast-builder**: **7162857**  
- **
PPL=2.556055 TTFT=2.094064767999953 OUT_TOK_S=4.798 GEN_PEAK_VRAM_GB=57.453 PIPELINE_PEAK_VRAM_GB=61.542
ROUTING_ACTUAL TOP1=0.687403 TOP8=0.730174 WORST_TOP8=0.640916 COS=0.876267 LOAD_JSD=0.009185
========================================================================================

========================================================================================
CASE=ruler-niah_multiquery-16384-line4 TASK=niah_multiquery TARGET_LEN=16384 DEPTH=7.57%
METHOD=kiaomni_gaussian_r0.125 SCORE=50.00 ALL_CORRECT=False
TOKENS=2032/16256 RETENTION=12.500% COMPRESSION=8.000x
NEEDLE_RECALL=1.000000 COMPLETE=4/4
--- RAW ANSWER ---
The special magic numbers mentioned in the provided text for each of the specified entities are as follows:

- **laughable-oasis**: **2666893**  
- **fantastic-reporter**: **8438733**  
- **vast-builder**: **716
PPL=2.639133 TTFT=1.9682039399999667 OUT_TOK_S=4.872 GEN_PEAK_VRAM_GB=57.166 PIPELINE_PEAK_VRAM_GB=61.542
ROUTING_ACTUAL TOP1=0.629460 TOP8=0.677010 WORST_TOP8=0.583551 COS=0.836879 LOAD_JSD=0.013463
========================================================================================

========================================================================================
CASE=ruler-niah_multiquery-16384-line4 TASK=niah_multiquery TARGET_LEN=16384 DEPTH=7.57%
METHOD=kiaomni_gaussian_r0.0625 SCORE=50.00 ALL_CORRECT=False
TOKENS=1016/16256 RETENTION=6.250% COMPRESSION=16.000x
NEEDLE_RECALL=1.000000 COMPLETE=4/4
--- RAW ANSWER ---
The special magic numbers mentioned in the text for each of the specified terms are:

- **laughable-oasis**: **2666893**  
- **fantastic-reporter**: **8438733**  
- **vast-builder**: **716285
PPL=2.748287 TTFT=1.931522244000007 OUT_TOK_S=4.856 GEN_PEAK_VRAM_GB=57.022 PIPELINE_PEAK_VRAM_GB=61.542
ROUTING_ACTUAL TOP1=0.577530 TOP8=0.628986 WORST_TOP8=0.514853 COS=0.799406 LOAD_JSD=0.017614
========================================================================================

========================================================================================
CASE=ruler-niah_multiquery-16384-line35 TASK=niah_multiquery TARGET_LEN=16384 DEPTH=29.95%
METHOD=full_context SCORE=50.00 ALL_CORRECT=False
TOKENS=16259/16259 RETENTION=100.000% COMPRESSION=1.000x
NEEDLE_RECALL=1.000000 COMPLETE=4/4
--- RAW ANSWER ---
Based on the provided text, the special magic numbers for each entity are:

*   **heavy-owl:** 9152477
*   **adhesive-oboe:** 3396950
*   **deadpan-skylight:** 807590
PPL=1.574193 TTFT=3.4181053369998153 OUT_TOK_S=4.407 GEN_PEAK_VRAM_GB=59.158 PIPELINE_PEAK_VRAM_GB=59.158
========================================================================================

========================================================================================
CASE=ruler-niah_multiquery-16384-line35 TASK=niah_multiquery TARGET_LEN=16384 DEPTH=29.95%
METHOD=kiaomni_s8_r0.25 SCORE=75.00 ALL_CORRECT=False
TOKENS=4065/16259 RETENTION=25.002% COMPRESSION=4.000x
NEEDLE_RECALL=1.000000 COMPLETE=4/4
--- RAW ANSWER ---
The special magic numbers mentioned in the provided text for each entity are:

- **adhesive-oboe**: **3396950**  
- **heavy-owl**: **9152477**  
- **deadpan-skylight**: **8075907**
PPL=2.670377 TTFT=2.1375053749998187 OUT_TOK_S=4.800 GEN_PEAK_VRAM_GB=57.453 PIPELINE_PEAK_VRAM_GB=61.543
ROUTING_ACTUAL TOP1=0.687274 TOP8=0.729078 WORST_TOP8=0.633484 COS=0.872327 LOAD_JSD=0.010092
========================================================================================

========================================================================================
CASE=ruler-niah_multiquery-16384-line35 TASK=niah_multiquery TARGET_LEN=16384 DEPTH=29.95%
METHOD=kiaomni_s8_r0.125 SCORE=50.00 ALL_CORRECT=False
TOKENS=2032/16259 RETENTION=12.498% COMPRESSION=8.001x
NEEDLE_RECALL=1.000000 COMPLETE=4/4
--- RAW ANSWER ---
The special magic numbers mentioned in the text for each of the specified terms are as follows:

- **heavy-owl**: 9152477  
- **adhesive-oboe**: 3396950  
- **deadpan-skylight**: 807590
PPL=2.881236 TTFT=1.9873370380000779 OUT_TOK_S=4.831 GEN_PEAK_VRAM_GB=57.166 PIPELINE_PEAK_VRAM_GB=61.543
ROUTING_ACTUAL TOP1=0.626804 TOP8=0.676856 WORST_TOP8=0.566753 COS=0.833493 LOAD_JSD=0.013851
========================================================================================

========================================================================================
CASE=ruler-niah_multiquery-16384-line35 TASK=niah_multiquery TARGET_LEN=16384 DEPTH=29.95%
METHOD=kiaomni_s8_r0.0625 SCORE=50.00 ALL_CORRECT=False
TOKENS=1016/16259 RETENTION=6.249% COMPRESSION=16.003x
NEEDLE_RECALL=1.000000 COMPLETE=4/4
--- RAW ANSWER ---
The special magic numbers mentioned in the text for each of the specified terms are:

- **heavy-owl**: **9152477**  
- **adhesive-oboe**: **3396950**  
- **deadpan-skylight**: **807590
PPL=2.913991 TTFT=1.9467298320000737 OUT_TOK_S=4.876 GEN_PEAK_VRAM_GB=57.022 PIPELINE_PEAK_VRAM_GB=61.543
ROUTING_ACTUAL TOP1=0.612779 TOP8=0.656318 WORST_TOP8=0.544452 COS=0.822316 LOAD_JSD=0.012642
========================================================================================

========================================================================================
CASE=ruler-niah_multiquery-16384-line35 TASK=niah_multiquery TARGET_LEN=16384 DEPTH=29.95%
METHOD=kiaomni_gaussian_r0.25 SCORE=50.00 ALL_CORRECT=False
TOKENS=4065/16259 RETENTION=25.002% COMPRESSION=4.000x
NEEDLE_RECALL=1.000000 COMPLETE=4/4
--- RAW ANSWER ---
The special magic numbers mentioned in the provided text for each of the specified terms are:

- **adhesive-oboe**: **3396950**  
- **heavy-owl**: **9152477**  
- **deadpan-skylight**: **80759
PPL=2.649828 TTFT=2.0903790799998205 OUT_TOK_S=4.829 GEN_PEAK_VRAM_GB=57.453 PIPELINE_PEAK_VRAM_GB=61.543
ROUTING_ACTUAL TOP1=0.688704 TOP8=0.729300 WORST_TOP8=0.640707 COS=0.873655 LOAD_JSD=0.009764
========================================================================================

========================================================================================
CASE=ruler-niah_multiquery-16384-line35 TASK=niah_multiquery TARGET_LEN=16384 DEPTH=29.95%
METHOD=kiaomni_gaussian_r0.125 SCORE=50.00 ALL_CORRECT=False
TOKENS=2032/16259 RETENTION=12.498% COMPRESSION=8.001x
NEEDLE_RECALL=1.000000 COMPLETE=4/4
--- RAW ANSWER ---
The special magic numbers mentioned in the provided text for each of the specified terms are:

- **heavy-owl**: **9152477**  
- **adhesive-oboe**: **3396950**  
- **deadpan-skylight**: **80759
PPL=2.921274 TTFT=1.9718318000000181 OUT_TOK_S=4.864 GEN_PEAK_VRAM_GB=57.166 PIPELINE_PEAK_VRAM_GB=61.543
ROUTING_ACTUAL TOP1=0.626323 TOP8=0.673232 WORST_TOP8=0.572490 COS=0.832080 LOAD_JSD=0.013507
========================================================================================

========================================================================================
CASE=ruler-niah_multiquery-16384-line35 TASK=niah_multiquery TARGET_LEN=16384 DEPTH=29.95%
METHOD=kiaomni_gaussian_r0.0625 SCORE=50.00 ALL_CORRECT=False
TOKENS=1016/16259 RETENTION=6.249% COMPRESSION=16.003x
NEEDLE_RECALL=1.000000 COMPLETE=4/4
--- RAW ANSWER ---
The special magic numbers mentioned in the text for each of the specified terms are:

- **heavy-owl**: **9152477**  
- **adhesive-oboe**: **3396950**  
- **deadpan-skylight**: **807590
PPL=2.986122 TTFT=1.9894685130002472 OUT_TOK_S=4.834 GEN_PEAK_VRAM_GB=57.022 PIPELINE_PEAK_VRAM_GB=61.543
ROUTING_ACTUAL TOP1=0.589936 TOP8=0.642241 WORST_TOP8=0.531919 COS=0.807378 LOAD_JSD=0.014963
========================================================================================

========================================================================================
CASE=ruler-niah_multiquery-16384-line0 TASK=niah_multiquery TARGET_LEN=16384 DEPTH=51.54%
METHOD=full_context SCORE=50.00 ALL_CORRECT=False
TOKENS=16256/16256 RETENTION=100.000% COMPRESSION=1.000x
NEEDLE_RECALL=1.000000 COMPLETE=4/4
--- RAW ANSWER ---
Based on the provided text, the special magic numbers for each entity are:

*   **hot-dramaturge:** 7117837
*   **cuddly-party:** 1701771
*   **aloof-filter:** 700304
PPL=1.432829 TTFT=3.382700379000198 OUT_TOK_S=4.397 GEN_PEAK_VRAM_GB=59.158 PIPELINE_PEAK_VRAM_GB=59.158
========================================================================================

========================================================================================
CASE=ruler-niah_multiquery-16384-line0 TASK=niah_multiquery TARGET_LEN=16384 DEPTH=51.54%
METHOD=kiaomni_s8_r0.25 SCORE=75.00 ALL_CORRECT=False
TOKENS=4064/16256 RETENTION=25.000% COMPRESSION=4.000x
NEEDLE_RECALL=1.000000 COMPLETE=4/4
--- RAW ANSWER ---
The special magic numbers mentioned in the provided text are:

- **hot-dramaturge**: **7117837**  
- **cuddly-party**: **1701771**  
- **aloof-filter**: **7003042**  
- **
PPL=2.517732 TTFT=2.105162826000196 OUT_TOK_S=4.826 GEN_PEAK_VRAM_GB=57.453 PIPELINE_PEAK_VRAM_GB=61.542
ROUTING_ACTUAL TOP1=0.685429 TOP8=0.728025 WORST_TOP8=0.639437 COS=0.871630 LOAD_JSD=0.010458
========================================================================================

========================================================================================
CASE=ruler-niah_multiquery-16384-line0 TASK=niah_multiquery TARGET_LEN=16384 DEPTH=51.54%
METHOD=kiaomni_s8_r0.125 SCORE=50.00 ALL_CORRECT=False
TOKENS=2032/16256 RETENTION=12.500% COMPRESSION=8.000x
NEEDLE_RECALL=1.000000 COMPLETE=4/4
--- RAW ANSWER ---
The special magic numbers mentioned in the text for each of the specified terms are:

- **hot-dramaturge**: **7117837**  
- **cuddly-party**: **1701771**  
- **aloof-filter**: **700304
PPL=2.650252 TTFT=2.0202517139996417 OUT_TOK_S=4.824 GEN_PEAK_VRAM_GB=57.166 PIPELINE_PEAK_VRAM_GB=61.542
ROUTING_ACTUAL TOP1=0.639323 TOP8=0.686442 WORST_TOP8=0.595351 COS=0.844715 LOAD_JSD=0.012595
========================================================================================

========================================================================================
CASE=ruler-niah_multiquery-16384-line0 TASK=niah_multiquery TARGET_LEN=16384 DEPTH=51.54%
METHOD=kiaomni_s8_r0.0625 SCORE=50.00 ALL_CORRECT=False
TOKENS=1016/16256 RETENTION=6.250% COMPRESSION=16.000x
NEEDLE_RECALL=1.000000 COMPLETE=4/4
--- RAW ANSWER ---
The special magic numbers mentioned in the text for each of the specified terms are:

- **hot-dramaturge**: **7117837**  
- **cuddly-party**: **1701771**  
- **aloof-filter**: **700304
PPL=2.915927 TTFT=2.216335335000167 OUT_TOK_S=4.634 GEN_PEAK_VRAM_GB=57.022 PIPELINE_PEAK_VRAM_GB=61.542
ROUTING_ACTUAL TOP1=0.598056 TOP8=0.646857 WORST_TOP8=0.549627 COS=0.816404 LOAD_JSD=0.015228
========================================================================================

========================================================================================
CASE=ruler-niah_multiquery-16384-line0 TASK=niah_multiquery TARGET_LEN=16384 DEPTH=51.54%
METHOD=kiaomni_gaussian_r0.25 SCORE=50.00 ALL_CORRECT=False
TOKENS=4064/16256 RETENTION=25.000% COMPRESSION=4.000x
NEEDLE_RECALL=1.000000 COMPLETE=4/4
--- RAW ANSWER ---
The special magic numbers mentioned in the text for each of the specified terms are:

- **hot-dramaturge**: **7117837**  
- **cuddly-party**: **1701771**  
- **aloof-filter**: **700304
PPL=2.514792 TTFT=2.1335118310003054 OUT_TOK_S=4.735 GEN_PEAK_VRAM_GB=57.453 PIPELINE_PEAK_VRAM_GB=61.542
ROUTING_ACTUAL TOP1=0.686413 TOP8=0.729579 WORST_TOP8=0.643514 COS=0.874423 LOAD_JSD=0.009821
========================================================================================

========================================================================================
CASE=ruler-niah_multiquery-16384-line0 TASK=niah_multiquery TARGET_LEN=16384 DEPTH=51.54%
METHOD=kiaomni_gaussian_r0.125 SCORE=50.00 ALL_CORRECT=False
TOKENS=2032/16256 RETENTION=12.500% COMPRESSION=8.000x
NEEDLE_RECALL=1.000000 COMPLETE=4/4
--- RAW ANSWER ---
The special magic numbers mentioned in the text for each of the specified terms are:

- **hot-dramaturge**: **7117837**  
- **cuddly-party**: **1701771**  
- **aloof-filter**: **700304
PPL=2.524999 TTFT=1.9873347339998872 OUT_TOK_S=4.796 GEN_PEAK_VRAM_GB=57.166 PIPELINE_PEAK_VRAM_GB=61.542
ROUTING_ACTUAL TOP1=0.627686 TOP8=0.676973 WORST_TOP8=0.577727 COS=0.835127 LOAD_JSD=0.013839
========================================================================================

========================================================================================
CASE=ruler-niah_multiquery-16384-line0 TASK=niah_multiquery TARGET_LEN=16384 DEPTH=51.54%
METHOD=kiaomni_gaussian_r0.0625 SCORE=50.00 ALL_CORRECT=False
TOKENS=1016/16256 RETENTION=6.250% COMPRESSION=16.000x
NEEDLE_RECALL=1.000000 COMPLETE=4/4
--- RAW ANSWER ---
The special magic numbers mentioned in the text for each of the specified entities are:

- **hot-dramaturge**: **7117837**  
- **cuddly-party**: **1701771**  
- **aloof-filter**: **700304
PPL=2.766718 TTFT=1.9656705209999927 OUT_TOK_S=4.822 GEN_PEAK_VRAM_GB=57.022 PIPELINE_PEAK_VRAM_GB=61.542
ROUTING_ACTUAL TOP1=0.583272 TOP8=0.632676 WORST_TOP8=0.524721 COS=0.801447 LOAD_JSD=0.017138
========================================================================================

========================================================================================
CASE=ruler-niah_multiquery-16384-line21 TASK=niah_multiquery TARGET_LEN=16384 DEPTH=70.23%
METHOD=full_context SCORE=75.00 ALL_CORRECT=False
TOKENS=15671/15671 RETENTION=100.000% COMPRESSION=1.000x
NEEDLE_RECALL=1.000000 COMPLETE=4/4
--- RAW ANSWER ---
Based on the text provided, the special magic numbers for each individual are:

*   **empty-ranger:** 5195637
*   **craven-sticker:** 5176895
*   **lush-verse:** 8431651

PPL=1.369198 TTFT=3.357439880000129 OUT_TOK_S=4.395 GEN_PEAK_VRAM_GB=59.074 PIPELINE_PEAK_VRAM_GB=59.074
========================================================================================

========================================================================================
CASE=ruler-niah_multiquery-16384-line21 TASK=niah_multiquery TARGET_LEN=16384 DEPTH=70.23%
METHOD=kiaomni_s8_r0.25 SCORE=75.00 ALL_CORRECT=False
TOKENS=3918/15671 RETENTION=25.002% COMPRESSION=4.000x
NEEDLE_RECALL=1.000000 COMPLETE=4/4
--- RAW ANSWER ---
The special magic numbers mentioned in the provided text for each of the specified entities are:

- **empty-ranger**: **5195637**  
- **craven-sticker**: **5176895**  
- **lush-verse**: **8431651
PPL=2.488042 TTFT=2.0702365990000544 OUT_TOK_S=4.853 GEN_PEAK_VRAM_GB=57.435 PIPELINE_PEAK_VRAM_GB=61.374
ROUTING_ACTUAL TOP1=0.688893 TOP8=0.732496 WORST_TOP8=0.643021 COS=0.874536 LOAD_JSD=0.009925
========================================================================================

========================================================================================
CASE=ruler-niah_multiquery-16384-line21 TASK=niah_multiquery TARGET_LEN=16384 DEPTH=70.23%
METHOD=kiaomni_s8_r0.125 SCORE=75.00 ALL_CORRECT=False
TOKENS=1959/15671 RETENTION=12.501% COMPRESSION=7.999x
NEEDLE_RECALL=1.000000 COMPLETE=4/4
--- RAW ANSWER ---
The special magic numbers mentioned in the text for each of the specified entities are:

- **empty-ranger**: 5195637  
- **craven-sticker**: 5176895  
- **lush-verse**: 8431651  
- **
PPL=2.563173 TTFT=1.9627093540002534 OUT_TOK_S=4.890 GEN_PEAK_VRAM_GB=57.155 PIPELINE_PEAK_VRAM_GB=61.374
ROUTING_ACTUAL TOP1=0.635582 TOP8=0.682194 WORST_TOP8=0.582425 COS=0.839454 LOAD_JSD=0.013324
========================================================================================

========================================================================================
CASE=ruler-niah_multiquery-16384-line21 TASK=niah_multiquery TARGET_LEN=16384 DEPTH=70.23%
METHOD=kiaomni_s8_r0.0625 SCORE=75.00 ALL_CORRECT=False
TOKENS=979/15671 RETENTION=6.247% COMPRESSION=16.007x
NEEDLE_RECALL=1.000000 COMPLETE=4/4
--- RAW ANSWER ---
The special magic numbers mentioned in the text for each of the specified terms are:

- **empty-ranger**: 5195637  
- **craven-sticker**: 5176895  
- **lush-verse**: 8431651  
- **
PPL=2.535875 TTFT=1.9395870280000054 OUT_TOK_S=4.906 GEN_PEAK_VRAM_GB=57.017 PIPELINE_PEAK_VRAM_GB=61.374
ROUTING_ACTUAL TOP1=0.604848 TOP8=0.653814 WORST_TOP8=0.549865 COS=0.820698 LOAD_JSD=0.014374
========================================================================================

========================================================================================
CASE=ruler-niah_multiquery-16384-line21 TASK=niah_multiquery TARGET_LEN=16384 DEPTH=70.23%
METHOD=kiaomni_gaussian_r0.25 SCORE=75.00 ALL_CORRECT=False
TOKENS=3918/15671 RETENTION=25.002% COMPRESSION=4.000x
NEEDLE_RECALL=1.000000 COMPLETE=4/4
--- RAW ANSWER ---
The special magic numbers mentioned in the text for each of the specified entities are:

- **empty-ranger**: 5195637  
- **craven-sticker**: 5176895  
- **lush-verse**: 8431651  
- **
PPL=2.510032 TTFT=2.092621092000172 OUT_TOK_S=4.856 GEN_PEAK_VRAM_GB=57.435 PIPELINE_PEAK_VRAM_GB=61.374
ROUTING_ACTUAL TOP1=0.698486 TOP8=0.738755 WORST_TOP8=0.654597 COS=0.880937 LOAD_JSD=0.008654
========================================================================================

========================================================================================
CASE=ruler-niah_multiquery-16384-line21 TASK=niah_multiquery TARGET_LEN=16384 DEPTH=70.23%
METHOD=kiaomni_gaussian_r0.125 SCORE=75.00 ALL_CORRECT=False
TOKENS=1959/15671 RETENTION=12.501% COMPRESSION=7.999x
NEEDLE_RECALL=1.000000 COMPLETE=4/4
--- RAW ANSWER ---
The special magic numbers mentioned in the provided text are:

- **empty-ranger**: 5195637  
- **craven-sticker**: 5176895  
- **lush-verse**: 8431651  
- **low-washer**: 
PPL=2.524505 TTFT=1.954008918999989 OUT_TOK_S=4.829 GEN_PEAK_VRAM_GB=57.155 PIPELINE_PEAK_VRAM_GB=61.374
ROUTING_ACTUAL TOP1=0.635082 TOP8=0.680730 WORST_TOP8=0.583307 COS=0.837567 LOAD_JSD=0.013403
========================================================================================

========================================================================================
CASE=ruler-niah_multiquery-16384-line21 TASK=niah_multiquery TARGET_LEN=16384 DEPTH=70.23%
METHOD=kiaomni_gaussian_r0.0625 SCORE=75.00 ALL_CORRECT=False
TOKENS=979/15671 RETENTION=6.247% COMPRESSION=16.007x
NEEDLE_RECALL=1.000000 COMPLETE=4/4
--- RAW ANSWER ---
The special magic numbers mentioned in the text for each category are:

- **empty-ranger**: 5195637  
- **craven-sticker**: 5176895  
- **lush-verse**: 8431651  
- **low-washer
PPL=2.577452 TTFT=1.9884350400002404 OUT_TOK_S=4.790 GEN_PEAK_VRAM_GB=57.017 PIPELINE_PEAK_VRAM_GB=61.374
ROUTING_ACTUAL TOP1=0.586887 TOP8=0.637056 WORST_TOP8=0.531718 COS=0.807073 LOAD_JSD=0.016344
========================================================================================

========================================================================================
CASE=ruler-niah_multiquery-16384-line36 TASK=niah_multiquery TARGET_LEN=16384 DEPTH=87.83%
METHOD=full_context SCORE=50.00 ALL_CORRECT=False
TOKENS=15677/15677 RETENTION=100.000% COMPRESSION=1.000x
NEEDLE_RECALL=1.000000 COMPLETE=4/4
--- RAW ANSWER ---
Based on the provided text, the special magic numbers for each entity are:

*   **colorful-cuckoo:** 5653119
*   **entertaining-maniac:** 7645223
*   **sincere-town:** 939
PPL=1.528806 TTFT=3.3393110920001163 OUT_TOK_S=4.418 GEN_PEAK_VRAM_GB=59.075 PIPELINE_PEAK_VRAM_GB=59.075
========================================================================================

========================================================================================
CASE=ruler-niah_multiquery-16384-line36 TASK=niah_multiquery TARGET_LEN=16384 DEPTH=87.83%
METHOD=kiaomni_s8_r0.25 SCORE=75.00 ALL_CORRECT=False
TOKENS=3919/15677 RETENTION=24.998% COMPRESSION=4.000x
NEEDLE_RECALL=1.000000 COMPLETE=4/4
--- RAW ANSWER ---
The special magic numbers mentioned in the provided text are:

- **colorful-cuckoo**: **5653119**  
- **entertaining-maniac**: **7645223**  
- **sincere-town**: **9394071**
PPL=2.691293 TTFT=2.122581140999955 OUT_TOK_S=4.814 GEN_PEAK_VRAM_GB=57.435 PIPELINE_PEAK_VRAM_GB=61.376
ROUTING_ACTUAL TOP1=0.695761 TOP8=0.738028 WORST_TOP8=0.645257 COS=0.878767 LOAD_JSD=0.009399
========================================================================================

========================================================================================
CASE=ruler-niah_multiquery-16384-line36 TASK=niah_multiquery TARGET_LEN=16384 DEPTH=87.83%
METHOD=kiaomni_s8_r0.125 SCORE=50.00 ALL_CORRECT=False
TOKENS=1960/15677 RETENTION=12.502% COMPRESSION=7.998x
NEEDLE_RECALL=1.000000 COMPLETE=4/4
--- RAW ANSWER ---
The special magic numbers mentioned in the text for each of the specified entities are:

- **colorful-cuckoo**: **5653119**  
- **entertaining-maniac**: **7645223**  
- **sincere-town**: **939
PPL=2.814320 TTFT=1.9652252040000349 OUT_TOK_S=4.872 GEN_PEAK_VRAM_GB=57.155 PIPELINE_PEAK_VRAM_GB=61.376
ROUTING_ACTUAL TOP1=0.642453 TOP8=0.693244 WORST_TOP8=0.589813 COS=0.850481 LOAD_JSD=0.011907
========================================================================================

========================================================================================
CASE=ruler-niah_multiquery-16384-line36 TASK=niah_multiquery TARGET_LEN=16384 DEPTH=87.83%
METHOD=kiaomni_s8_r0.0625 SCORE=50.00 ALL_CORRECT=False
TOKENS=980/15677 RETENTION=6.251% COMPRESSION=15.997x
NEEDLE_RECALL=1.000000 COMPLETE=4/4
--- RAW ANSWER ---
The special magic numbers mentioned in the text for each of the specified entities are:

- **colorful-cuckoo**: **5653119**  
- **entertaining-maniac**: **7645223**  
- **sincere-town**: **939
PPL=2.732780 TTFT=1.969825253000181 OUT_TOK_S=4.870 GEN_PEAK_VRAM_GB=57.017 PIPELINE_PEAK_VRAM_GB=61.376
ROUTING_ACTUAL TOP1=0.553784 TOP8=0.611363 WORST_TOP8=0.479126 COS=0.782062 LOAD_JSD=0.022027
========================================================================================

========================================================================================
CASE=ruler-niah_multiquery-16384-line36 TASK=niah_multiquery TARGET_LEN=16384 DEPTH=87.83%
METHOD=kiaomni_gaussian_r0.25 SCORE=75.00 ALL_CORRECT=False
TOKENS=3919/15677 RETENTION=24.998% COMPRESSION=4.000x
NEEDLE_RECALL=1.000000 COMPLETE=4/4
--- RAW ANSWER ---
The special magic numbers mentioned in the provided text are:

- **colorful-cuckoo**: **5653119**  
- **entertaining-maniac**: **7645223**  
- **sincere-town**: **9394071**
PPL=2.761227 TTFT=2.0867684609997923 OUT_TOK_S=4.847 GEN_PEAK_VRAM_GB=57.435 PIPELINE_PEAK_VRAM_GB=61.376
ROUTING_ACTUAL TOP1=0.697414 TOP8=0.739715 WORST_TOP8=0.648660 COS=0.881268 LOAD_JSD=0.009025
========================================================================================

========================================================================================
CASE=ruler-niah_multiquery-16384-line36 TASK=niah_multiquery TARGET_LEN=16384 DEPTH=87.83%
METHOD=kiaomni_gaussian_r0.125 SCORE=50.00 ALL_CORRECT=False
TOKENS=1960/15677 RETENTION=12.502% COMPRESSION=7.998x
NEEDLE_RECALL=1.000000 COMPLETE=4/4
--- RAW ANSWER ---
The special magic numbers mentioned in the text for each of the specified entities are:

- **colorful-cuckoo**: **5653119**  
- **entertaining-maniac**: **7645223**  
- **sincere-town**: **939
PPL=2.683170 TTFT=1.947651364000194 OUT_TOK_S=4.874 GEN_PEAK_VRAM_GB=57.155 PIPELINE_PEAK_VRAM_GB=61.376
ROUTING_ACTUAL TOP1=0.624415 TOP8=0.676468 WORST_TOP8=0.572449 COS=0.837882 LOAD_JSD=0.014443
========================================================================================

========================================================================================
CASE=ruler-niah_multiquery-16384-line36 TASK=niah_multiquery TARGET_LEN=16384 DEPTH=87.83%
METHOD=kiaomni_gaussian_r0.0625 SCORE=75.00 ALL_CORRECT=False
TOKENS=980/15677 RETENTION=6.251% COMPRESSION=15.997x
NEEDLE_RECALL=1.000000 COMPLETE=4/4
--- RAW ANSWER ---
The special magic numbers mentioned in the text are:

- **colorful-cuckoo**: **5653119**  
- **entertaining-maniac**: **7645223**  
- **sincere-town**: **9394071**  

PPL=2.806253 TTFT=2.006323813000108 OUT_TOK_S=4.858 GEN_PEAK_VRAM_GB=57.017 PIPELINE_PEAK_VRAM_GB=61.376
ROUTING_ACTUAL TOP1=0.561224 TOP8=0.617522 WORST_TOP8=0.496992 COS=0.788114 LOAD_JSD=0.019559
========================================================================================

FINAL EXECUTION GATE
{
  "status": "PASS",
  "completed_cases": 40,
  "expected_rows": 280,
  "actual_rows": 280,
  "actual_dispatch_verified": true,
  "note": "PASS means execution/measurement integrity. RULER quality is reported through official string-match-compatible scores and needle-survival metrics."
}

PAIRWISE SUMMARY
[
  {
    "method": "kiaomni_gaussian_r0.0625",
    "n": 40,
    "fc_correct_to_kia_correct": 27,
    "fc_correct_to_kia_wrong": 1,
    "fc_wrong_to_kia_correct": 2,
    "fc_wrong_to_kia_wrong": 10,
    "fc_correct_preservation_rate": 0.9642857142857143,
    "regression_rate_on_fc_correct": 0.03571428571428571,
    "rescue_rate_on_fc_wrong": 0.16666666666666666,
    "net_rescues_minus_regressions": 1,
    "mcnemar_exact_p": 1.0,
    "mean_ruler_score_delta_pp": 1.875,
    "mean_required_answer_token_recall_delta": 0.0
  },
  {
    "method": "kiaomni_gaussian_r0.125",
    "n": 40,
    "fc_correct_to_kia_correct": 27,
    "fc_correct_to_kia_wrong": 1,
    "fc_wrong_to_kia_correct": 2,
    "fc_wrong_to_kia_wrong": 10,
    "fc_correct_preservation_rate": 0.9642857142857143,
    "regression_rate_on_fc_correct": 0.03571428571428571,
    "rescue_rate_on_fc_wrong": 0.16666666666666666,
    "net_rescues_minus_regressions": 1,
    "mcnemar_exact_p": 1.0,
    "mean_ruler_score_delta_pp": 0.625,
    "mean_required_answer_token_recall_delta": 0.0
  },
  {
    "method": "kiaomni_gaussian_r0.25",
    "n": 40,
    "fc_correct_to_kia_correct": 27,
    "fc_correct_to_kia_wrong": 1,
    "fc_wrong_to_kia_correct": 2,
    "fc_wrong_to_kia_wrong": 10,
    "fc_correct_preservation_rate": 0.9642857142857143,
    "regression_rate_on_fc_correct": 0.03571428571428571,
    "rescue_rate_on_fc_wrong": 0.16666666666666666,
    "net_rescues_minus_regressions": 1,
    "mcnemar_exact_p": 1.0,
    "mean_ruler_score_delta_pp": 1.875,
    "mean_required_answer_token_recall_delta": 0.0
  },
  {
    "method": "kiaomni_s8_r0.0625",
    "n": 40,
    "fc_correct_to_kia_correct": 27,
    "fc_correct_to_kia_wrong": 1,
    "fc_wrong_to_kia_correct": 2,
    "fc_wrong_to_kia_wrong": 10,
    "fc_correct_preservation_rate": 0.9642857142857143,
    "regression_rate_on_fc_correct": 0.03571428571428571,
    "rescue_rate_on_fc_wrong": 0.16666666666666666,
    "net_rescues_minus_regressions": 1,
    "mcnemar_exact_p": 1.0,
    "mean_ruler_score_delta_pp": 1.25,
    "mean_required_answer_token_recall_delta": 0.0
  },
  {
    "method": "kiaomni_s8_r0.125",
    "n": 40,
    "fc_correct_to_kia_correct": 26,
    "fc_correct_to_kia_wrong": 2,
    "fc_wrong_to_kia_correct": 2,
    "fc_wrong_to_kia_wrong": 10,
    "fc_correct_preservation_rate": 0.9285714285714286,
    "regression_rate_on_fc_correct": 0.07142857142857142,
    "rescue_rate_on_fc_wrong": 0.16666666666666666,
    "net_rescues_minus_regressions": 0,
    "mcnemar_exact_p": 1.0,
    "mean_ruler_score_delta_pp": 0.0,
    "mean_required_answer_token_recall_delta": 0.0
  },
  {
    "method": "kiaomni_s8_r0.25",
    "n": 40,
    "fc_correct_to_kia_correct": 27,
    "fc_correct_to_kia_wrong": 1,
    "fc_wrong_to_kia_correct": 1,
    "fc_wrong_to_kia_wrong": 11,
    "fc_correct_preservation_rate": 0.9642857142857143,
    "regression_rate_on_fc_correct": 0.03571428571428571,
    "rescue_rate_on_fc_wrong": 0.08333333333333333,
    "net_rescues_minus_regressions": 0,
    "mcnemar_exact_p": 1.0,
    "mean_ruler_score_delta_pp": 1.25,
    "mean_required_answer_token_recall_delta": 0.0
  }
]
