
Loading checkpoint shards:   0%|          | 0/16 [00:00<?, ?it/s]
Loading checkpoint shards:   6%|▋         | 1/16 [00:03<00:45,  3.04s/it]
Loading checkpoint shards:  12%|█▎        | 2/16 [00:06<00:45,  3.23s/it]
Loading checkpoint shards:  19%|█▉        | 3/16 [00:09<00:41,  3.17s/it]
Loading checkpoint shards:  25%|██▌       | 4/16 [00:12<00:36,  3.06s/it]
Loading checkpoint shards:  31%|███▏      | 5/16 [00:15<00:34,  3.11s/it]
Loading checkpoint shards:  38%|███▊      | 6/16 [00:18<00:31,  3.11s/it]
Loading checkpoint shards:  44%|████▍     | 7/16 [00:21<00:27,  3.08s/it]
Loading checkpoint shards:  50%|█████     | 8/16 [00:24<00:24,  3.05s/it]
Loading checkpoint shards:  56%|█████▋    | 9/16 [00:27<00:21,  3.01s/it]
Loading checkpoint shards:  62%|██████▎   | 10/16 [00:30<00:17,  2.99s/it]
Loading checkpoint shards:  69%|██████▉   | 11/16 [00:33<00:14,  2.97s/it]
Loading checkpoint shards:  75%|███████▌  | 12/16 [00:36<00:11,  2.94s/it]
Loading checkpoint shards:  81%|████████▏ | 13/16 [00:39<00:08,  2.95s/it]
Loading checkpoint shards:  88%|████████▊ | 14/16 [00:42<00:06,  3.02s/it]
Loading checkpoint shards:  94%|█████████▍| 15/16 [00:45<00:02,  3.00s/it]
Loading checkpoint shards: 100%|██████████| 16/16 [00:46<00:00,  2.32s/it]
Loading checkpoint shards: 100%|██████████| 16/16 [00:46<00:00,  2.89s/it]
KiaOmni: attn_implementation='sdpa'. Hook-based saliency on q_proj/k_proj works under fused kernels because the projection outputs are observable before the fused matmul. If you hit issues, fall back to attn_implementation='eager'.
ROUTING_PREFLIGHT={"passed": true, "logits_exact_equal": true, "logits_allclose_rtol_1e-4_atol_1e-5": true, "max_abs_logit_error": 0.0, "dispatch_verified": true, "dispatch_count_mismatches": [], "captured_sparse_layers": 48}
The following generation flags are not valid and may be ignored: ['temperature', 'top_p', 'top_k']. Set `TRANSFORMERS_VERBOSITY=info` for more details.

========================================================================================
CASE=longbenchv2-66f78ecfbb02136c067c2f12 SOURCE=longbench_v2 TASK=Multi-news
METHOD=full_context GOLD=B
TOKENS=15209/15209 COMPRESSION=1.000x
--- RAW ANSWER ---
The correct answer is (C) It believes that Israel's war with Hezbollah can only be achieved through diplomacy to make the borders sufficiently secure.

Explanation: The text indicates that the U.S. has consistently advocated for a diplomatic solution to the Israel-Hezbollah conflict, emphasizing that full-scale war is not in anyone’s interest. Despite Israel’s military actions, including the pager attacks and subsequent airstrikes, the U.S. continues to push for diplomacy, as evidenced by efforts by envoy Amos Hochstein and the White House’s insistence on pursuing a ceasefire deal. The U.S. opposes an Israeli ground invasion of Lebanon and rejects the strategy of “de-escalation by escalation,” reaffirming that only diplomacy can lead to lasting security. This aligns with option (C). While the U.S. supports Israel’s right to self-defense (which may imply continued support like (A)), the central theme of the article is the U.S. prioritizing diplomacy over military escalation, making (C) the most accurate reflection of the shift in attitude after the pager attacks.
--- SCORES ---
PARSED=C CORRECT=False PARSE=explicit GENERATED=214 HIT_LIMIT=False
PPL=1.996849 NLL=0.691570 OUT_TOK_S=4.896 GEN_PEAK_VRAM_GB=59.011 PIPELINE_PEAK_VRAM_GB=59.011 ACTUAL_DISPATCH_VERIFIED=True
========================================================================================

========================================================================================
CASE=longbenchv2-66f78ecfbb02136c067c2f12 SOURCE=longbench_v2 TASK=Multi-news
METHOD=kiaomni_s8_r0.25 GOLD=B
TOKENS=3802/15209 COMPRESSION=4.000x
--- RAW ANSWER ---
The correct answer is (B) It believes that the current situation has exceeded expectations and is committed to mediating the conflict.

Explanation: The text indicates that the U.S. is actively engaged in behind-the-scenes diplomacy, presenting allies with potential plans to resolve the crisis between Israel and Hezbollah. It emphasizes that the U.S. opposes an Israeli ground invasion of Lebanon and rejects the strategy of "de-escalation by escalation." The White House denies that it is giving up on diplomacy and insists that President Biden is still working to avert a full-scale war. This shows a shift from passive support to active mediation, especially after the pager attacks escalated tensions. While the U.S. continues to support Israel, its primary focus has now become diplomatic efforts to prevent wider war, indicating that the situation has exceeded expectations and requires more proactive engagement. Therefore, (B) best captures the change in attitude.
--- SCORES ---
PARSED=B CORRECT=True PARSE=explicit GENERATED=180 HIT_LIMIT=False
PPL=1.000592 NLL=0.000592 OUT_TOK_S=5.060 GEN_PEAK_VRAM_GB=57.417 PIPELINE_PEAK_VRAM_GB=61.242 ACTUAL_DISPATCH_VERIFIED=True
SALIENCY_SECONDS=5.470 SALIENCY_PEAK_VRAM_GB=61.242
ROUTING_ACTUAL TOP1=0.727430 TOP8_JACCARD=0.765480 WEIGHT_COS=0.892831 ENTROPY_DELTA=0.000564 LOAD_JSD=0.006745
========================================================================================

========================================================================================
CASE=longbenchv2-66f78ecfbb02136c067c2f12 SOURCE=longbench_v2 TASK=Multi-news
METHOD=kiaomni_s8_r0.125 GOLD=B
TOKENS=1901/15209 COMPRESSION=8.001x
--- RAW ANSWER ---
The correct answer is (A) It continues to provide Israel with military equipment and other support.

Explanation: The text states that the U.S. administration "categorically rejects" the idea of conditioning U.S. weapons supply to Israel, and reaffirms its commitment to Israel’s defense. Despite the escalation following the pager attacks and Israeli airstrikes, there is no indication that the U.S. has changed its support for Israel. Instead, the U.S. is actively trying to restrain both sides diplomatically, but its core stance of supporting Israel remains unchanged. Therefore, option (A) is the most accurate reflection of the U.S. attitude.
--- SCORES ---
PARSED=A CORRECT=False PARSE=explicit GENERATED=130 HIT_LIMIT=False
PPL=16.218779 NLL=2.786170 OUT_TOK_S=4.995 GEN_PEAK_VRAM_GB=57.148 PIPELINE_PEAK_VRAM_GB=61.242 ACTUAL_DISPATCH_VERIFIED=True
SALIENCY_SECONDS=5.470 SALIENCY_PEAK_VRAM_GB=61.242
ROUTING_ACTUAL TOP1=0.705648 TOP8_JACCARD=0.753019 WEIGHT_COS=0.888694 ENTROPY_DELTA=-0.000697 LOAD_JSD=0.007020
========================================================================================

========================================================================================
CASE=longbenchv2-66f78ecfbb02136c067c2f12 SOURCE=longbench_v2 TASK=Multi-news
METHOD=kiaomni_s8_r0.0625 GOLD=B
TOKENS=951/15209 COMPRESSION=15.993x
--- RAW ANSWER ---
The correct answer is (A) It continues to provide Israel with military equipment and other support.

Explanation: The text indicates that despite the crisis and the lack of a direct call between Biden and Netanyahu, the U.S. administration categorically rejects claims of a failure to condition weapons supply. It reaffirms its commitment to Israel and emphasizes its diplomatic efforts to prevent an all-out war. This shows that the U.S. continues to support Israel militarily, even as it seeks to contain the conflict diplomatically. There is no indication that the U.S. has changed its stance on military support, nor does it suggest that it will respond militarily to an Iranian attack (which would make D incorrect). Therefore, (A) is the most accurate choice based on the text.
--- SCORES ---
PARSED=A CORRECT=False PARSE=explicit GENERATED=155 HIT_LIMIT=False
PPL=1.176890 NLL=0.162875 OUT_TOK_S=5.031 GEN_PEAK_VRAM_GB=57.012 PIPELINE_PEAK_VRAM_GB=61.242 ACTUAL_DISPATCH_VERIFIED=True
SALIENCY_SECONDS=5.470 SALIENCY_PEAK_VRAM_GB=61.242
ROUTING_ACTUAL TOP1=0.698651 TOP8_JACCARD=0.748826 WEIGHT_COS=0.886180 ENTROPY_DELTA=-0.001592 LOAD_JSD=0.007615
========================================================================================

========================================================================================
CASE=longbenchv2-66f78ecfbb02136c067c2f12 SOURCE=longbench_v2 TASK=Multi-news
METHOD=kiaomni_gaussian_r0.25 GOLD=B
TOKENS=3802/15209 COMPRESSION=4.000x
--- RAW ANSWER ---
The correct answer is (C) It believes that Israel's war with Hezbollah can only be achieved through diplomacy to make the borders sufficiently secure.

Explanation: The text indicates that the U.S. is actively trying to prevent escalation and is pushing for a diplomatic solution. It emphasizes that "full-scale war is not in anyone's interest" and that the U.S. is presenting allies with potential plans to avert an all-out war. The White House supports Israel’s right to self-defense but opposes a ground invasion of Lebanon and rejects the strategy of "de-escalation by escalation." The U.S. insists that only diplomacy can make the border safe enough, aligning with choice (C). While the U.S. continues to support Israel militarily (which might suggest (A)), the key point in the question is about how the U.S. attitude has changed *after* the pager bombing attack—specifically, its increased focus on diplomacy and restraint, making (C) the most accurate reflection of the shift in approach.
--- SCORES ---
PARSED=C CORRECT=False PARSE=explicit GENERATED=206 HIT_LIMIT=False
PPL=1.600309 NLL=0.470196 OUT_TOK_S=5.154 GEN_PEAK_VRAM_GB=57.417 PIPELINE_PEAK_VRAM_GB=61.242 ACTUAL_DISPATCH_VERIFIED=True
SALIENCY_SECONDS=5.470 SALIENCY_PEAK_VRAM_GB=61.242
ROUTING_ACTUAL TOP1=0.727424 TOP8_JACCARD=0.766442 WEIGHT_COS=0.895288 ENTROPY_DELTA=0.001019 LOAD_JSD=0.006903
========================================================================================

========================================================================================
CASE=longbenchv2-66f78ecfbb02136c067c2f12 SOURCE=longbench_v2 TASK=Multi-news
METHOD=kiaomni_gaussian_r0.125 GOLD=B
TOKENS=1901/15209 COMPRESSION=8.001x
--- RAW ANSWER ---
The correct answer is (A) It continues to provide Israel with military equipment and other support.

Explanation: Throughout the text, it is consistently stated that the U.S. remains committed to Israel’s defense and is not conditioning its weapons supply, despite concerns over escalation. For example, the article says, “The administration categorically rejects this, saying it is committed to Israel’s defence.” This indicates that the U.S. stance has not changed and continues to support Israel militarily, even after the pager bombing attack and subsequent escalation. There is no indication in the text that the U.S. has shifted to a mediation-only role (B), or that it has made a conditional commitment based on diplomacy (C), nor is there any mention of a U.S. promise to respond militarily if Iran attacks (D). Therefore, (A) is the most accurate choice based on the provided information.
--- SCORES ---
PARSED=A CORRECT=False PARSE=explicit GENERATED=180 HIT_LIMIT=False
PPL=4.325266 NLL=1.464474 OUT_TOK_S=5.175 GEN_PEAK_VRAM_GB=57.148 PIPELINE_PEAK_VRAM_GB=61.242 ACTUAL_DISPATCH_VERIFIED=True
SALIENCY_SECONDS=5.470 SALIENCY_PEAK_VRAM_GB=61.242
ROUTING_ACTUAL TOP1=0.708410 TOP8_JACCARD=0.755123 WEIGHT_COS=0.891467 ENTROPY_DELTA=-0.000018 LOAD_JSD=0.006735
========================================================================================

========================================================================================
CASE=longbenchv2-66f78ecfbb02136c067c2f12 SOURCE=longbench_v2 TASK=Multi-news
METHOD=kiaomni_gaussian_r0.0625 GOLD=B
TOKENS=951/15209 COMPRESSION=15.993x
--- RAW ANSWER ---
The correct answer is (A) It continues to provide Israel with military equipment and other support.

Explanation: The text indicates that despite the escalation following the pager bombing attack and the crisis between Israel and Hezbollah, the U.S. administration has not changed its stance on supporting Israel. It explicitly states that the U.S. rejects the idea of conditioning weapons supply to Israel, and there is no mention of a shift in policy. The U.S. remains committed to preventing a wider war but continues to support Israel militarily. Therefore, option (A) is the most accurate reflection of the U.S. attitude as described in the text.
--- SCORES ---
PARSED=A CORRECT=False PARSE=explicit GENERATED=127 HIT_LIMIT=False
PPL=2.532023 NLL=0.929019 OUT_TOK_S=5.109 GEN_PEAK_VRAM_GB=57.012 PIPELINE_PEAK_VRAM_GB=61.242 ACTUAL_DISPATCH_VERIFIED=True
SALIENCY_SECONDS=5.470 SALIENCY_PEAK_VRAM_GB=61.242
ROUTING_ACTUAL TOP1=0.690501 TOP8_JACCARD=0.743342 WEIGHT_COS=0.883759 ENTROPY_DELTA=-0.000877 LOAD_JSD=0.007688
========================================================================================

========================================================================================
CASE=longbenchv2-6704a83dbb02136c067cde1b SOURCE=longbench_v2 TASK=Literary
METHOD=full_context GOLD=B
TOKENS=15647/15647 COMPRESSION=1.000x
--- RAW ANSWER ---
The correct answer is (D).
--- SCORES ---
PARSED=D CORRECT=False PARSE=explicit GENERATED=8 HIT_LIMIT=False
PPL=41.795366 NLL=3.732785 OUT_TOK_S=1.761 GEN_PEAK_VRAM_GB=59.071 PIPELINE_PEAK_VRAM_GB=59.071 ACTUAL_DISPATCH_VERIFIED=True
========================================================================================

========================================================================================
CASE=longbenchv2-6704a83dbb02136c067cde1b SOURCE=longbench_v2 TASK=Literary
METHOD=kiaomni_s8_r0.25 GOLD=B
TOKENS=3912/15647 COMPRESSION=4.000x
--- RAW ANSWER ---
The correct answer is (D).
--- SCORES ---
PARSED=D CORRECT=False PARSE=explicit GENERATED=8 HIT_LIMIT=False
PPL=20.819844 NLL=3.035907 OUT_TOK_S=2.383 GEN_PEAK_VRAM_GB=57.434 PIPELINE_PEAK_VRAM_GB=61.367 ACTUAL_DISPATCH_VERIFIED=True
SALIENCY_SECONDS=5.515 SALIENCY_PEAK_VRAM_GB=61.367
ROUTING_ACTUAL TOP1=0.696308 TOP8_JACCARD=0.728227 WEIGHT_COS=0.867774 ENTROPY_DELTA=0.000720 LOAD_JSD=0.010984
========================================================================================

========================================================================================
CASE=longbenchv2-6704a83dbb02136c067cde1b SOURCE=longbench_v2 TASK=Literary
METHOD=kiaomni_s8_r0.125 GOLD=B
TOKENS=1956/15647 COMPRESSION=7.999x
--- RAW ANSWER ---
The correct answer is (D).
--- SCORES ---
PARSED=D CORRECT=False PARSE=explicit GENERATED=8 HIT_LIMIT=False
PPL=22.782730 NLL=3.126003 OUT_TOK_S=2.407 GEN_PEAK_VRAM_GB=57.154 PIPELINE_PEAK_VRAM_GB=61.367 ACTUAL_DISPATCH_VERIFIED=True
SALIENCY_SECONDS=5.515 SALIENCY_PEAK_VRAM_GB=61.367
ROUTING_ACTUAL TOP1=0.664430 TOP8_JACCARD=0.709040 WEIGHT_COS=0.854310 ENTROPY_DELTA=-0.002052 LOAD_JSD=0.013135
========================================================================================

========================================================================================
CASE=longbenchv2-6704a83dbb02136c067cde1b SOURCE=longbench_v2 TASK=Literary
METHOD=kiaomni_s8_r0.0625 GOLD=B
TOKENS=978/15647 COMPRESSION=15.999x
--- RAW ANSWER ---
The correct answer is (D).
--- SCORES ---
PARSED=D CORRECT=False PARSE=explicit GENERATED=8 HIT_LIMIT=False
PPL=29.756372 NLL=3.393043 OUT_TOK_S=2.501 GEN_PEAK_VRAM_GB=57.017 PIPELINE_PEAK_VRAM_GB=61.367 ACTUAL_DISPATCH_VERIFIED=True
SALIENCY_SECONDS=5.515 SALIENCY_PEAK_VRAM_GB=61.367
ROUTING_ACTUAL TOP1=0.649561 TOP8_JACCARD=0.705379 WEIGHT_COS=0.847229 ENTROPY_DELTA=-0.003239 LOAD_JSD=0.014844
========================================================================================

========================================================================================
CASE=longbenchv2-6704a83dbb02136c067cde1b SOURCE=longbench_v2 TASK=Literary
METHOD=kiaomni_gaussian_r0.25 GOLD=B
TOKENS=3912/15647 COMPRESSION=4.000x
--- RAW ANSWER ---
The correct answer is (D).
--- SCORES ---
PARSED=D CORRECT=False PARSE=explicit GENERATED=8 HIT_LIMIT=False
PPL=22.381738 NLL=3.108245 OUT_TOK_S=2.357 GEN_PEAK_VRAM_GB=57.434 PIPELINE_PEAK_VRAM_GB=61.367 ACTUAL_DISPATCH_VERIFIED=True
SALIENCY_SECONDS=5.515 SALIENCY_PEAK_VRAM_GB=61.367
ROUTING_ACTUAL TOP1=0.692208 TOP8_JACCARD=0.726465 WEIGHT_COS=0.866674 ENTROPY_DELTA=0.001719 LOAD_JSD=0.011555
========================================================================================

========================================================================================
CASE=longbenchv2-6704a83dbb02136c067cde1b SOURCE=longbench_v2 TASK=Literary
METHOD=kiaomni_gaussian_r0.125 GOLD=B
TOKENS=1956/15647 COMPRESSION=7.999x
--- RAW ANSWER ---
The correct answer is (D).
--- SCORES ---
PARSED=D CORRECT=False PARSE=explicit GENERATED=8 HIT_LIMIT=False
PPL=25.350860 NLL=3.232813 OUT_TOK_S=2.453 GEN_PEAK_VRAM_GB=57.154 PIPELINE_PEAK_VRAM_GB=61.367 ACTUAL_DISPATCH_VERIFIED=True
SALIENCY_SECONDS=5.515 SALIENCY_PEAK_VRAM_GB=61.367
ROUTING_ACTUAL TOP1=0.653300 TOP8_JACCARD=0.703305 WEIGHT_COS=0.851884 ENTROPY_DELTA=-0.000339 LOAD_JSD=0.014037
========================================================================================

========================================================================================
CASE=longbenchv2-6704a83dbb02136c067cde1b SOURCE=longbench_v2 TASK=Literary
METHOD=kiaomni_gaussian_r0.0625 GOLD=B
TOKENS=978/15647 COMPRESSION=15.999x
--- RAW ANSWER ---
The correct answer is (D).
--- SCORES ---
PARSED=D CORRECT=False PARSE=explicit GENERATED=8 HIT_LIMIT=False
PPL=23.171871 NLL=3.142939 OUT_TOK_S=2.469 GEN_PEAK_VRAM_GB=57.017 PIPELINE_PEAK_VRAM_GB=61.367 ACTUAL_DISPATCH_VERIFIED=True
SALIENCY_SECONDS=5.515 SALIENCY_PEAK_VRAM_GB=61.367
ROUTING_ACTUAL TOP1=0.646323 TOP8_JACCARD=0.705274 WEIGHT_COS=0.850480 ENTROPY_DELTA=-0.002550 LOAD_JSD=0.014241
========================================================================================

========================================================================================
CASE=longbenchv2-66fbab85bb02136c067c81dc SOURCE=longbench_v2 TASK=Multi-news
METHOD=full_context GOLD=C
TOKENS=11470/11470 COMPRESSION=1.000x
--- RAW ANSWER ---
The correct answer is (C) the cooperation between various people.

Explanation:  
Throughout all five passages, a consistent theme is the importance of unity, collaboration, and cooperation among various groups—such as the Communist Party of China, democratic parties, non-party personages, people from all ethnic groups, and sectors of society. This is highlighted in the context of the Chinese People's Political Consultative Conference (CPPCC), which is described as a great creation based on multi-party cooperation and political consultation under the leadership of the Communist Party. The text repeatedly emphasizes the role of the CPPCC in promoting unity, building consensus, and fostering cooperation across different sectors. Phrases like "united front," "multi-party cooperation," "consultative democracy," "broadest patriotic united front," and "gathering strength" all point to cooperation as a central theme.

While (A) democracy, (D) the bright future of China, and (B) education of the young people are mentioned, they are not consistently and explicitly emphasized across all five passages in the same way that cooperation is. The cooperation between various people is the unifying thread in every section.

Thus, the correct answer is (C).
--- SCORES ---
PARSED=C CORRECT=True PARSE=explicit GENERATED=242 HIT_LIMIT=False
PPL=1.040572 NLL=0.039771 OUT_TOK_S=5.130 GEN_PEAK_VRAM_GB=58.492 PIPELINE_PEAK_VRAM_GB=58.492 ACTUAL_DISPATCH_VERIFIED=True
========================================================================================

========================================================================================
CASE=longbenchv2-66fbab85bb02136c067c81dc SOURCE=longbench_v2 TASK=Multi-news
METHOD=kiaomni_s8_r0.25 GOLD=C
TOKENS=2868/11470 COMPRESSION=3.999x
--- RAW ANSWER ---
The correct answer is (D) the bright future of China.

Explanation: While all the options are touched upon in the text, the most consistently emphasized theme across all five passages is the bright future of China. The text repeatedly highlights national rejuvenation, the Chinese path to modernization, the realization of the Chinese Dream, and the progress made under the leadership of the Communist Party of China. Phrases such as "writing a new chapter of the times," "the great cause of building a powerful country and national rejuvenation," "socialist China stands towering in the east of the world," and "a promising future" all point to a strong focus on China's bright future. Although cooperation, democracy, and youth education are mentioned, they are not as uniformly and centrally emphasized as the overarching theme of China's bright future.

Thus, the correct answer is (D) the bright future of China.
--- SCORES ---
PARSED=D CORRECT=False PARSE=explicit GENERATED=181 HIT_LIMIT=False
PPL=1.399350 NLL=0.336008 OUT_TOK_S=5.191 GEN_PEAK_VRAM_GB=57.281 PIPELINE_PEAK_VRAM_GB=60.169 ACTUAL_DISPATCH_VERIFIED=True
SALIENCY_SECONDS=4.149 SALIENCY_PEAK_VRAM_GB=60.169
ROUTING_ACTUAL TOP1=0.759879 TOP8_JACCARD=0.780422 WEIGHT_COS=0.908012 ENTROPY_DELTA=0.001755 LOAD_JSD=0.006162
========================================================================================

========================================================================================
CASE=longbenchv2-66fbab85bb02136c067c81dc SOURCE=longbench_v2 TASK=Multi-news
METHOD=kiaomni_s8_r0.125 GOLD=C
TOKENS=1434/11470 COMPRESSION=7.999x
--- RAW ANSWER ---
The correct answer is (D) the bright future of China.

Explanation: While all the options are touched upon in the text, the most consistently emphasized theme across all five passages is the bright future of China. The text repeatedly highlights national rejuvenation, the Chinese path to modernization, the 75th anniversary of the founding of the PRC and the CPPCC, the spirit of patriotism, unity, and progress toward a powerful and prosperous nation. Phrases like "the nation through Chinese-style modernization," "realize the Chinese Dream," "a promising future," and "magnificent chapter on the Chinese path to modernization" all point to a strong focus on China's bright future. Although cooperation, education of youth, and democracy are mentioned, the overarching theme that unites all passages is the optimistic vision for China's future.

Thus, the correct answer is (D) the bright future of China.
--- SCORES ---
PARSED=D CORRECT=False PARSE=explicit GENERATED=186 HIT_LIMIT=False
PPL=1.206630 NLL=0.187831 OUT_TOK_S=5.115 GEN_PEAK_VRAM_GB=57.084 PIPELINE_PEAK_VRAM_GB=60.169 ACTUAL_DISPATCH_VERIFIED=True
SALIENCY_SECONDS=4.149 SALIENCY_PEAK_VRAM_GB=60.169
ROUTING_ACTUAL TOP1=0.738741 TOP8_JACCARD=0.762796 WEIGHT_COS=0.899404 ENTROPY_DELTA=0.003130 LOAD_JSD=0.007185
========================================================================================

========================================================================================
CASE=longbenchv2-66fbab85bb02136c067c81dc SOURCE=longbench_v2 TASK=Multi-news
METHOD=kiaomni_s8_r0.0625 GOLD=C
TOKENS=717/11470 COMPRESSION=15.997x
--- RAW ANSWER ---
The correct answer is (D) the bright future of China.

Explanation: While all the options are touched upon in the text to some extent, the most consistently emphasized theme across all five passages is the bright future of China. The text repeatedly references national rejuvenation, the Chinese path to modernization, the 75th anniversary of the founding of the People's Republic of China, and the collective efforts toward a prosperous and powerful nation. Phrases like "the realization of the great rejuvenation of the Chinese nation," "a promising future," "a magnificent chapter on the Chinese path to modernization," and "the bright future of the motherland" clearly highlight this central theme. Although cooperation, patriotism, and youth are mentioned, the overarching message in all passages is focused on China's bright future and national progress.

Thus, the correct answer is (D) the bright future of China.
--- SCORES ---
PARSED=D CORRECT=False PARSE=explicit GENERATED=180 HIT_LIMIT=False
PPL=1.714577 NLL=0.539166 OUT_TOK_S=5.091 GEN_PEAK_VRAM_GB=56.981 PIPELINE_PEAK_VRAM_GB=60.169 ACTUAL_DISPATCH_VERIFIED=True
SALIENCY_SECONDS=4.149 SALIENCY_PEAK_VRAM_GB=60.169
ROUTING_ACTUAL TOP1=0.731724 TOP8_JACCARD=0.758155 WEIGHT_COS=0.896905 ENTROPY_DELTA=0.001920 LOAD_JSD=0.006642
========================================================================================

========================================================================================
CASE=longbenchv2-66fbab85bb02136c067c81dc SOURCE=longbench_v2 TASK=Multi-news
METHOD=kiaomni_gaussian_r0.25 GOLD=C
TOKENS=2868/11470 COMPRESSION=3.999x
--- RAW ANSWER ---
The correct answer is (D) the bright future of China.

Explanation: While all the options are touched upon in the text, the most consistently emphasized theme across all five passages is the bright future of China. The text repeatedly highlights China's progress, national rejuvenation, the Chinese path to modernization, the realization of the Chinese Dream, and the unity of the people under the leadership of the Communist Party of China. Phrases such as "writing a new chapter of the times," "the great cause of building a powerful country and national rejuvenation," "the Chinese Dream," and "the second centenary goal" all point to a confident and optimistic vision for China's future. Although cooperation, democracy, and youth education are mentioned, the overarching theme that unites all passages is the bright and promising future of China.
--- SCORES ---
PARSED=D CORRECT=False PARSE=explicit GENERATED=166 HIT_LIMIT=False
PPL=1.600778 NLL=0.470490 OUT_TOK_S=5.117 GEN_PEAK_VRAM_GB=57.281 PIPELINE_PEAK_VRAM_GB=60.169 ACTUAL_DISPATCH_VERIFIED=True
SALIENCY_SECONDS=4.149 SALIENCY_PEAK_VRAM_GB=60.169
ROUTING_ACTUAL TOP1=0.753392 TOP8_JACCARD=0.775979 WEIGHT_COS=0.905689 ENTROPY_DELTA=0.002099 LOAD_JSD=0.006989
========================================================================================

========================================================================================
CASE=longbenchv2-66fbab85bb02136c067c81dc SOURCE=longbench_v2 TASK=Multi-news
METHOD=kiaomni_gaussian_r0.125 GOLD=C
TOKENS=1434/11470 COMPRESSION=7.999x
--- RAW ANSWER ---
The correct answer is (C) the cooperation between various people.

Explanation: Throughout all five passages, there is a consistent emphasis on unity, collaboration, and cooperation among various groups—such as political parties, non-party personages, people from all ethnic groups, social organizations, and different sectors of society. Key phrases like "broadest patriotic united front," "multi-party cooperation and political consultation system," "unite their strength," "seek common ground in business, and achieve success through cooperation," and "cooperation between various people" highlight this theme. While other options like (D) the bright future of China and (B) education of young people are mentioned, they are not as consistently and centrally emphasized across all five passages as (C). Option (A) the democracy is mentioned in the context of consultative democracy, but it is not the central theme in all five passages. Therefore, (C) is the most accurate and consistently noted element.
--- SCORES ---
PARSED=C CORRECT=True PARSE=explicit GENERATED=194 HIT_LIMIT=False
PPL=1.125547 NLL=0.118269 OUT_TOK_S=5.172 GEN_PEAK_VRAM_GB=57.084 PIPELINE_PEAK_VRAM_GB=60.169 ACTUAL_DISPATCH_VERIFIED=True
SALIENCY_SECONDS=4.149 SALIENCY_PEAK_VRAM_GB=60.169
ROUTING_ACTUAL TOP1=0.734876 TOP8_JACCARD=0.761596 WEIGHT_COS=0.898162 ENTROPY_DELTA=0.002305 LOAD_JSD=0.006798
========================================================================================

========================================================================================
CASE=longbenchv2-66fbab85bb02136c067c81dc SOURCE=longbench_v2 TASK=Multi-news
METHOD=kiaomni_gaussian_r0.0625 GOLD=C
TOKENS=717/11470 COMPRESSION=15.997x
--- RAW ANSWER ---
The correct answer is (D) the bright future of China.

Explanation: While all the options are touched upon in the text to some extent, the most consistently emphasized theme across all five passages is the bright future of China. The text repeatedly references national rejuvenation, the Chinese path to modernization, the 75th anniversary of the founding of the PRC and the CPPCC, the spirit of patriotism, and the collective effort toward a prosperous and strong nation. Phrases like "prosperity of the motherland," "national rejuvenation," "magnificent chapter on the Chinese path to modernization," and "promising future" all point to a strong focus on China's bright future. Although cooperation (C) and the youth (B) are mentioned, they are not as consistently central as the overarching theme of a bright future. Democracy (A) is not explicitly discussed in the passages provided.

Thus, the most accurate and consistently noted idea across all passages is (D) the bright future of China.
--- SCORES ---
PARSED=D CORRECT=False PARSE=explicit GENERATED=208 HIT_LIMIT=False
PPL=2.119336 NLL=0.751103 OUT_TOK_S=5.226 GEN_PEAK_VRAM_GB=56.981 PIPELINE_PEAK_VRAM_GB=60.169 ACTUAL_DISPATCH_VERIFIED=True
SALIENCY_SECONDS=4.149 SALIENCY_PEAK_VRAM_GB=60.169
ROUTING_ACTUAL TOP1=0.727249 TOP8_JACCARD=0.755676 WEIGHT_COS=0.891279 ENTROPY_DELTA=0.001047 LOAD_JSD=0.007848
========================================================================================

========================================================================================
CASE=longbenchv2-66fa7f1dbb02136c067c6e6b SOURCE=longbench_v2 TASK=Multi-news
METHOD=full_context GOLD=D
TOKENS=15958/15958 COMPRESSION=1.000x
--- RAW ANSWER ---
The correct answer is (D) ②④⑤⑥.

Explanation:
- ① ALTUVIIIO: Used for hemophilia A, a blood clotting disorder → treats blood disease.
- ② Dupixent: Used for COPD (chronic obstructive pulmonary disease), asthma, atopic dermatitis, etc. → not for blood diseases.
- ③ Sarclisa: Used for multiple myeloma, a blood cancer → treats blood disease.
- ④ Tolebrutinib: Investigational drug for multiple sclerosis (a neurological disease) → not for blood diseases.
- ⑤ Aubagio (teriflunomide): Used for multiple sclerosis → not for blood diseases.
- ⑥ Placebo: Inactive substance used in clinical trials → not a treatment for any disease.

Thus, the products that cannot usually be used to treat blood diseases are: Dupixent (②), Tolebrutinib (④), Aubagio (⑤), and Placebo (⑥).

Therefore, the correct answer is (D) ②④⑤⑥.
--- SCORES ---
PARSED=D CORRECT=True PARSE=explicit GENERATED=243 HIT_LIMIT=False
PPL=1.001296 NLL=0.001295 OUT_TOK_S=5.092 GEN_PEAK_VRAM_GB=59.119 PIPELINE_PEAK_VRAM_GB=59.119 ACTUAL_DISPATCH_VERIFIED=True
========================================================================================

========================================================================================
CASE=longbenchv2-66fa7f1dbb02136c067c6e6b SOURCE=longbench_v2 TASK=Multi-news
METHOD=kiaomni_s8_r0.25 GOLD=D
TOKENS=3990/15958 COMPRESSION=3.999x
--- RAW ANSWER ---
The correct answer is (D) ②④⑤⑥.

Explanation:
- ① ALTUVIIIO: Used for hemophilia A, a blood clotting disorder → treats blood disease.
- ② Dupixent: Approved for COPD (chronic obstructive pulmonary disease), a respiratory condition → not for blood diseases.
- ③ Sarclisa: Approved for multiple myeloma, a blood cancer → treats blood disease.
- ④ Tolebrutinib: Investigational drug for multiple sclerosis, a neurological disease → not for blood diseases.
- ⑤ Aubagio: Approved for multiple sclerosis (mentioned in GEMINI studies) → not for blood diseases.
- ⑥ Placebo: Not a treatment, used as control in trials → not used to treat any disease.

Thus, the products that cannot usually be used to treat blood diseases are: Dupixent (②), Tolebrutinib (④), Aubagio (⑤), and Placebo (⑥).

Therefore, the correct choice is (D) ②④⑤⑥.
--- SCORES ---
PARSED=D CORRECT=True PARSE=explicit GENERATED=239 HIT_LIMIT=False
PPL=1.001376 NLL=0.001375 OUT_TOK_S=5.196 GEN_PEAK_VRAM_GB=57.441 PIPELINE_PEAK_VRAM_GB=61.456 ACTUAL_DISPATCH_VERIFIED=True
SALIENCY_SECONDS=5.692 SALIENCY_PEAK_VRAM_GB=61.456
ROUTING_ACTUAL TOP1=0.729370 TOP8_JACCARD=0.743896 WEIGHT_COS=0.882803 ENTROPY_DELTA=0.004015 LOAD_JSD=0.007648
========================================================================================

========================================================================================
CASE=longbenchv2-66fa7f1dbb02136c067c6e6b SOURCE=longbench_v2 TASK=Multi-news
METHOD=kiaomni_s8_r0.125 GOLD=D
TOKENS=1995/15958 COMPRESSION=7.999x
--- RAW ANSWER ---
The correct answer is (D) ②④⑤⑥.

Explanation:

We are asked to identify which of the listed products **cannot usually be used to treat blood diseases**, based on the provided press releases.

Let’s analyze each product:

1. **ALTUVIIIO** – This is a factor VIII therapy for **hemophilia A**, a bleeding disorder (a blood disease).  
   → Can be used to treat blood diseases. ✅

2. **Dupixent** – Approved for **COPD (chronic obstructive pulmonary disease)**, which is a respiratory condition. It is also approved for other conditions like asthma, eczema, and nasal polyps — all immune/inflammatory conditions, but **not blood diseases**.  
   → Cannot be used to treat blood diseases. ❌

3. **Sarclisa** – Approved for **multiple myeloma**, which is a blood cancer (cancer of plasma cells in the bone marrow).  
   → Can be used to treat blood diseases. ✅

4. **Tolebrutinib** – A BTK inhibitor studied in **multiple sclerosis (MS)**, a neurological autoimmune disease. Not a blood disease.  
   → Cannot be
--- SCORES ---
PARSED=D CORRECT=True PARSE=explicit GENERATED=256 HIT_LIMIT=True
PPL=1.012635 NLL=0.012556 OUT_TOK_S=5.258 GEN_PEAK_VRAM_GB=57.166 PIPELINE_PEAK_VRAM_GB=61.456 ACTUAL_DISPATCH_VERIFIED=True
SALIENCY_SECONDS=5.692 SALIENCY_PEAK_VRAM_GB=61.456
ROUTING_ACTUAL TOP1=0.699687 TOP8_JACCARD=0.718900 WEIGHT_COS=0.867039 ENTROPY_DELTA=0.006666 LOAD_JSD=0.009171
========================================================================================

========================================================================================
CASE=longbenchv2-66fa7f1dbb02136c067c6e6b SOURCE=longbench_v2 TASK=Multi-news
METHOD=kiaomni_s8_r0.0625 GOLD=D
TOKENS=997/15958 COMPRESSION=16.006x
--- RAW ANSWER ---
The correct answer is (D) ②④⑤⑥.

Explanation:

Let’s analyze each product based on the press releases:

1. **ALTUVIIIO** – This is a treatment for **severe hemophilia A**, a blood clotting disorder. So, it is used to treat a blood disease. → **Can be used for blood diseases**.

2. **Dupixent** – Approved for **COPD (chronic obstructive pulmonary disease)** with type 2 inflammation. COPD is a respiratory condition, not a blood disease. → **Not used for blood diseases**.

3. **Sarclisa** – Approved for **multiple myeloma**, a type of blood cancer. → **Used for blood disease**.

4. **Tolebrutinib** – Used in **secondary progressive multiple sclerosis**, a neurological condition. Not a blood disease. → **Not used for blood diseases**.

5. **Aubagio** – Although not explicitly mentioned in the text, it is a known drug (fumaric acid ester) used for **multiple sclerosis** (a neurological disease), not a blood disease. → **Not used for blood diseases**.

6. **Placebo**
--- SCORES ---
PARSED=D CORRECT=True PARSE=explicit GENERATED=256 HIT_LIMIT=True
PPL=1.027449 NLL=0.027079 OUT_TOK_S=5.179 GEN_PEAK_VRAM_GB=57.020 PIPELINE_PEAK_VRAM_GB=61.456 ACTUAL_DISPATCH_VERIFIED=True
SALIENCY_SECONDS=5.692 SALIENCY_PEAK_VRAM_GB=61.456
ROUTING_ACTUAL TOP1=0.690028 TOP8_JACCARD=0.709783 WEIGHT_COS=0.862542 ENTROPY_DELTA=0.005502 LOAD_JSD=0.009033
========================================================================================

========================================================================================
CASE=longbenchv2-66fa7f1dbb02136c067c6e6b SOURCE=longbench_v2 TASK=Multi-news
METHOD=kiaomni_gaussian_r0.25 GOLD=D
TOKENS=3990/15958 COMPRESSION=3.999x
--- RAW ANSWER ---
The correct answer is (D) ②④⑤⑥.

Explanation:

We are asked to identify which of the listed products **cannot usually be used to treat blood diseases**, based on the press releases.

Let’s analyze each product:

1. **ALTUVIIIO** – This is a factor VIII therapy for **hemophilia A**, a bleeding disorder (a blood disease).  
   → **Used for blood disease** ✅

2. **Dupixent** – Approved for **COPD (chronic obstructive pulmonary disease)**, which is a respiratory condition. It targets type 2 inflammation and is not used for blood diseases.  
   → **Not used for blood disease** ❌

3. **Sarclisa** – Approved for **multiple myeloma**, which is a blood cancer (cancer of plasma cells in the bone marrow).  
   → **Used for blood disease** ✅

4. **Tolebrutinib** – Investigational drug for **multiple sclerosis (MS)**, a neurological disease. It is a BTK inhibitor being studied for MS, not blood diseases.  
   → **Not used for blood disease** ❌

5. **Aubagio** –
--- SCORES ---
PARSED=D CORRECT=True PARSE=explicit GENERATED=256 HIT_LIMIT=True
PPL=1.001041 NLL=0.001040 OUT_TOK_S=5.187 GEN_PEAK_VRAM_GB=57.441 PIPELINE_PEAK_VRAM_GB=61.456 ACTUAL_DISPATCH_VERIFIED=True
SALIENCY_SECONDS=5.692 SALIENCY_PEAK_VRAM_GB=61.456
ROUTING_ACTUAL TOP1=0.720165 TOP8_JACCARD=0.735865 WEIGHT_COS=0.876982 ENTROPY_DELTA=0.005019 LOAD_JSD=0.008293
========================================================================================

========================================================================================
CASE=longbenchv2-66fa7f1dbb02136c067c6e6b SOURCE=longbench_v2 TASK=Multi-news
METHOD=kiaomni_gaussian_r0.125 GOLD=D
TOKENS=1995/15958 COMPRESSION=7.999x
--- RAW ANSWER ---
The correct answer is (D) ②④⑤⑥.

Explanation:

We are asked to identify which of the listed products **cannot usually be used to treat blood diseases**, based on the provided press releases.

Let’s analyze each product:

1. **ALTUVIIIO** – This is a factor VIII replacement therapy for **hemophilia A**, a bleeding disorder (a blood disease).  
   → **Used for blood disease** ✅

2. **Dupixent** – Approved for **COPD (chronic obstructive pulmonary disease)**, which is a respiratory condition. It is a targeted therapy for type 2 inflammation, but not for blood diseases.  
   → **Not used for blood diseases** ❌

3. **Sarclisa** – Approved for **multiple myeloma**, a blood cancer.  
   → **Used for blood disease** ✅

4. **Tolebrutinib** – A brain-penetrant BTK inhibitor for **multiple sclerosis (MS)**, a neurological disease.  
   → **Not used for blood diseases** ❌

5. **Aubagio** – Not mentioned in any of the press releases. However, Aubagio (f
--- SCORES ---
PARSED=D CORRECT=True PARSE=explicit GENERATED=256 HIT_LIMIT=True
PPL=1.036834 NLL=0.036172 OUT_TOK_S=5.163 GEN_PEAK_VRAM_GB=57.166 PIPELINE_PEAK_VRAM_GB=61.456 ACTUAL_DISPATCH_VERIFIED=True
SALIENCY_SECONDS=5.692 SALIENCY_PEAK_VRAM_GB=61.456
ROUTING_ACTUAL TOP1=0.696074 TOP8_JACCARD=0.717469 WEIGHT_COS=0.866340 ENTROPY_DELTA=0.006460 LOAD_JSD=0.009205
========================================================================================

========================================================================================
CASE=longbenchv2-66fa7f1dbb02136c067c6e6b SOURCE=longbench_v2 TASK=Multi-news
METHOD=kiaomni_gaussian_r0.0625 GOLD=D
TOKENS=997/15958 COMPRESSION=16.006x
--- RAW ANSWER ---
The correct answer is (D) ②④⑤⑥.

Explanation:
- ① ALTUVIIIO: Used for severe hemophilia A, a blood disease (clotting disorder). So it is used to treat blood diseases.
- ② Dupixent: Approved for COPD (chronic obstructive pulmonary disease), which is a respiratory condition, not a blood disease. It targets type 2 inflammation and is not used for blood disorders.
- ③ Sarclisa: Approved for multiple myeloma (a blood cancer), so it is used to treat a blood disease.
- ④ Tolebrutinib: Used in multiple sclerosis (a neurological disease), not a blood disease.
- ⑤ Aubagio: This is a medication for multiple sclerosis (MS), also a neurological condition, not a blood disease.
- ⑥ Placebo: Not a treatment at all, so it cannot be used to treat any disease, including blood diseases.

Thus, the products that cannot usually be used to treat blood diseases are: Dupixent (②), Tolebrutinib (④), Aubagio (⑤), and Placebo (⑥).

Therefore, the
--- SCORES ---
PARSED=D CORRECT=True PARSE=explicit GENERATED=256 HIT_LIMIT=True
PPL=1.022975 NLL=0.022715 OUT_TOK_S=5.052 GEN_PEAK_VRAM_GB=57.020 PIPELINE_PEAK_VRAM_GB=61.456 ACTUAL_DISPATCH_VERIFIED=True
SALIENCY_SECONDS=5.692 SALIENCY_PEAK_VRAM_GB=61.456
ROUTING_ACTUAL TOP1=0.683739 TOP8_JACCARD=0.708114 WEIGHT_COS=0.863999 ENTROPY_DELTA=0.004875 LOAD_JSD=0.008717
========================================================================================

========================================================================================
CASE=longbenchv2-66fe8eb3bb02136c067ca35f SOURCE=longbench_v2 TASK=Legal
METHOD=full_context GOLD=D
TOKENS=15668/15668 COMPRESSION=1.000x
--- RAW ANSWER ---
The correct answer is (C) Permanently neutral States must conduct their national defence in accordance with the standards of international law and are juridically prohibited from engaging in non-violent defence. The non-aligned countries are not so legally bound and are required only to advocate disarmament and arms control.

Explanation: The text explicitly states in the section "Armed Permanent Neutrality v. Disarmament under the Auspices of Non-Alignment?" that permanently neutral states are legally obligated to maintain armed defence in line with international standards and cannot adopt civil (non-violent) defence. In contrast, non-aligned states are not legally bound in this way but are instead active advocates for disarmament and arms control, as evidenced by their repeated calls for disarmament conferences and their emphasis on reducing military hardware. This distinction in legal obligations and defence policy is a fundamental difference in jurisprudence between the two statuses.
--- SCORES ---
PARSED=C CORRECT=False PARSE=explicit GENERATED=183 HIT_LIMIT=False
PPL=6.422127 NLL=1.859749 OUT_TOK_S=4.880 GEN_PEAK_VRAM_GB=59.074 PIPELINE_PEAK_VRAM_GB=59.074 ACTUAL_DISPATCH_VERIFIED=True
========================================================================================

========================================================================================
CASE=longbenchv2-66fe8eb3bb02136c067ca35f SOURCE=longbench_v2 TASK=Legal
METHOD=kiaomni_s8_r0.25 GOLD=D
TOKENS=3917/15668 COMPRESSION=4.000x
--- RAW ANSWER ---
The correct answer is (C) Permanently neutral States must conduct their national defence in accordance with the standards of international law and are juridically prohibited from engaging in non-violent defence. The non-aligned countries are not so legally bound and are required only to advocate disarmament and arms control.

Explanation: The paper explicitly discusses the legal nature of permanent neutrality as a binding legal status with defined obligations, including the duty to maintain defence in line with international standards, which rules out non-violent (civil) defence. In contrast, non-alignment is described as a political doctrine, not a legal status, and while non-aligned states advocate for disarmament and arms control, they are not legally bound in the same way. This distinction is clearly articulated in the section "Legal status v. Political doctrine" and further supported in "Armed Permanent Neutrality v. Disarmament under the Auspices of Non-Alignment?".

Thus, option (C) accurately reflects the fundamental difference in jurisprudence as presented in the text.

"The correct answer is (C)"
--- SCORES ---
PARSED=C CORRECT=False PARSE=explicit GENERATED=217 HIT_LIMIT=False
PPL=3.258292 NLL=1.181203 OUT_TOK_S=5.078 GEN_PEAK_VRAM_GB=57.435 PIPELINE_PEAK_VRAM_GB=61.373 ACTUAL_DISPATCH_VERIFIED=True
SALIENCY_SECONDS=5.609 SALIENCY_PEAK_VRAM_GB=61.373
ROUTING_ACTUAL TOP1=0.713189 TOP8_JACCARD=0.745679 WEIGHT_COS=0.879691 ENTROPY_DELTA=-0.001218 LOAD_JSD=0.006168
========================================================================================

========================================================================================
CASE=longbenchv2-66fe8eb3bb02136c067ca35f SOURCE=longbench_v2 TASK=Legal
METHOD=kiaomni_s8_r0.125 GOLD=D
TOKENS=1958/15668 COMPRESSION=8.002x
--- RAW ANSWER ---
The correct answer is (C) Permanently neutral States must conduct their national defence in accordance with the standards of international law and are juridically prohibited from engaging in non-violent defence. The non-aligned countries are not so legally bound and are required only to advocate disarmament and arms control.

Explanation: The text explicitly states that permanent neutrality is a legal status with well-defined obligations, including the duty to provide for defence in accordance with international standards, making non-violent (civil) defence legally out of the question. In contrast, non-alignment is described as a political doctrine, not a legal status, and while non-aligned states advocate for disarmament and arms control, they are not legally bound in the same way. This distinction is clearly articulated in the section "Armed Permanent Neutrality v. Disarmament under the Auspices of Non-Alignment?" and elsewhere in the paper.

"The correct answer is (C)"
--- SCORES ---
PARSED=C CORRECT=False PARSE=explicit GENERATED=190 HIT_LIMIT=False
PPL=2.719878 NLL=1.000587 OUT_TOK_S=5.080 GEN_PEAK_VRAM_GB=57.155 PIPELINE_PEAK_VRAM_GB=61.373 ACTUAL_DISPATCH_VERIFIED=True
SALIENCY_SECONDS=5.609 SALIENCY_PEAK_VRAM_GB=61.373
ROUTING_ACTUAL TOP1=0.686085 TOP8_JACCARD=0.724975 WEIGHT_COS=0.870640 ENTROPY_DELTA=-0.002042 LOAD_JSD=0.007328
========================================================================================

========================================================================================
CASE=longbenchv2-66fe8eb3bb02136c067ca35f SOURCE=longbench_v2 TASK=Legal
METHOD=kiaomni_s8_r0.0625 GOLD=D
TOKENS=979/15668 COMPRESSION=16.004x
--- RAW ANSWER ---
The correct answer is (B) The legal status of permanent neutrality is based on international treaties or unilateral declarations, whereas the legal status of non-aligned countries is that they do not belong to any military alliance.

Explanation: The text explicitly distinguishes between permanent neutrality and non-alignment by stating that "Permanent neutrality is a legal status consisting of well-defined obligations," which typically arises from international treaties or unilateral declarations. In contrast, non-alignment is described as a political doctrine or policy of non-membership in military alliances, not a legal status. This distinction is central to the article’s argument, particularly in the section discussing "Legal status v. Political doctrine." Therefore, option (B) accurately reflects the fundamental difference in jurisprudence as presented in the paper.

"The correct answer is (B)"
--- SCORES ---
PARSED=B CORRECT=False PARSE=explicit GENERATED=160 HIT_LIMIT=False
PPL=1.715351 NLL=0.539618 OUT_TOK_S=5.014 GEN_PEAK_VRAM_GB=57.017 PIPELINE_PEAK_VRAM_GB=61.373 ACTUAL_DISPATCH_VERIFIED=True
SALIENCY_SECONDS=5.609 SALIENCY_PEAK_VRAM_GB=61.373
ROUTING_ACTUAL TOP1=0.671582 TOP8_JACCARD=0.713751 WEIGHT_COS=0.866062 ENTROPY_DELTA=-0.002747 LOAD_JSD=0.007284
========================================================================================

========================================================================================
CASE=longbenchv2-66fe8eb3bb02136c067ca35f SOURCE=longbench_v2 TASK=Legal
METHOD=kiaomni_gaussian_r0.25 GOLD=D
TOKENS=3917/15668 COMPRESSION=4.000x
--- RAW ANSWER ---
The correct answer is (C) Permanently neutral States must conduct their national defence in accordance with the standards of international law and are juridically prohibited from engaging in non-violent defence. The non-aligned countries are not so legally bound and are required only to advocate disarmament and arms control.

This is supported by the text in the section "Armed Permanent Neutrality v. Disarmament under the Auspices of Non-Alignment?", which states: "permanent neutrality includes the obligation to provide for defence in accordance with the international standard. As long as other states maintain armed forces, permanently neutral states must follow suit. A shift to civil, i.e., non-violent defence is consequently out of the question, even if this alternative to armed violence." It further contrasts this with the non-aligned states, who are "among the most outspoken critics of the arms race" and advocate for disarmament, but are not legally bound to maintain armed forces.

Thus, the fundamental difference in jurisprudence lies in the legal obligation of permanent neutrality to maintain military defence, while non-alignment is a political doctrine without such legal constraints.

"The correct answer is (C)"
--- SCORES ---
PARSED=C CORRECT=False PARSE=explicit GENERATED=236 HIT_LIMIT=False
PPL=3.027653 NLL=1.107788 OUT_TOK_S=5.183 GEN_PEAK_VRAM_GB=57.435 PIPELINE_PEAK_VRAM_GB=61.373 ACTUAL_DISPATCH_VERIFIED=True
SALIENCY_SECONDS=5.609 SALIENCY_PEAK_VRAM_GB=61.373
ROUTING_ACTUAL TOP1=0.702828 TOP8_JACCARD=0.737678 WEIGHT_COS=0.878395 ENTROPY_DELTA=-0.000291 LOAD_JSD=0.006737
========================================================================================

========================================================================================
CASE=longbenchv2-66fe8eb3bb02136c067ca35f SOURCE=longbench_v2 TASK=Legal
METHOD=kiaomni_gaussian_r0.125 GOLD=D
TOKENS=1958/15668 COMPRESSION=8.002x
--- RAW ANSWER ---
The correct answer is (C) Permanently neutral States must conduct their national defence in accordance with the standards of international law and are juridically prohibited from engaging in non-violent defence. The non-aligned countries are not so legally bound and are required only to advocate disarmament and arms control.

Explanation: The text explicitly states that permanent neutrality is a legal status with well-defined obligations, including the duty to provide for defence in accordance with international standards, and that a shift to non-violent defence is "out of the question" due to the legal and practical requirements of military defence. In contrast, non-alignment is described as a political doctrine, not a legal status, and non-aligned states are not legally bound to maintain armed forces but are instead active in advocating for disarmament and arms control. This distinction in legal obligations and doctrinal nature supports choice (C) as the correct answer.
--- SCORES ---
PARSED=C CORRECT=False PARSE=explicit GENERATED=181 HIT_LIMIT=False
PPL=3.252973 NLL=1.179569 OUT_TOK_S=5.110 GEN_PEAK_VRAM_GB=57.155 PIPELINE_PEAK_VRAM_GB=61.373 ACTUAL_DISPATCH_VERIFIED=True
SALIENCY_SECONDS=5.609 SALIENCY_PEAK_VRAM_GB=61.373
ROUTING_ACTUAL TOP1=0.683670 TOP8_JACCARD=0.722008 WEIGHT_COS=0.869316 ENTROPY_DELTA=-0.001721 LOAD_JSD=0.007504
========================================================================================

========================================================================================
CASE=longbenchv2-66fe8eb3bb02136c067ca35f SOURCE=longbench_v2 TASK=Legal
METHOD=kiaomni_gaussian_r0.0625 GOLD=D
TOKENS=979/15668 COMPRESSION=16.004x
--- RAW ANSWER ---
The correct answer is (B) The legal status of permanent neutrality is based on international treaties or unilateral declarations, whereas the legal status of non-aligned countries is that they do not belong to any military alliance.

Explanation: The text explicitly states that "Permanent neutrality is a legal status consisting of well-defined obligations," which are typically established through international treaties or unilateral declarations. In contrast, non-alignment is described as a political doctrine rather than a legal status, meaning it is not based on formal legal commitments but rather on a policy of not joining military alliances. This distinction is central to the paper’s argument about the differences between the two concepts. Therefore, option (B) accurately reflects the jurisprudential difference outlined in the text.

"The correct answer is (B)"
--- SCORES ---
PARSED=B CORRECT=False PARSE=explicit GENERATED=154 HIT_LIMIT=False
PPL=2.197361 NLL=0.787257 OUT_TOK_S=5.047 GEN_PEAK_VRAM_GB=57.017 PIPELINE_PEAK_VRAM_GB=61.373 ACTUAL_DISPATCH_VERIFIED=True
SALIENCY_SECONDS=5.609 SALIENCY_PEAK_VRAM_GB=61.373
ROUTING_ACTUAL TOP1=0.679882 TOP8_JACCARD=0.719209 WEIGHT_COS=0.870968 ENTROPY_DELTA=-0.002314 LOAD_JSD=0.006900
========================================================================================

========================================================================================
CASE=longbenchv2-67040276bb02136c067cd8ae SOURCE=longbench_v2 TASK=Legal
METHOD=full_context GOLD=B
TOKENS=14020/14020 COMPRESSION=1.000x
--- RAW ANSWER ---
The correct answer is (D) Incorporating feminist perspectives into the interpretation of Islamic law can provide a more nuanced understanding of gender roles, suggesting that such reinterpretations might be selectively applied based on the socio-economic context of the heirs.

This choice best reflects the multifaceted approach advocated in the text, which emphasizes the need for a dynamic, context-sensitive reinterpretation of Islamic inheritance laws through ijtihād (independent reasoning), qiyās (analogical reasoning), and consideration of contemporary socio-economic realities. The paper argues that while the Qur’ānic framework establishes fixed shares, the methodological flexibility within Islamic jurisprudence allows for reinterpretation in light of changing conditions—such as women’s increasing economic roles in societies like Malaysia. The authors propose models like “fadhāl” (additional share) and “hibah” (voluntary gift) that are grounded in Islamic principles but responsive to modern circumstances, demonstrating that reinterpretation need not reject tradition but can adapt it to promote justice.

Moreover, the text explicitly calls for a paradigmatic shift based on ontological, epistemological, and methodological reconsideration, urging jurists to apply ijtihād and consider maslahah (public interest) and ʿurf (custom)
--- SCORES ---
PARSED=D CORRECT=False PARSE=explicit GENERATED=256 HIT_LIMIT=True
PPL=1.176000 NLL=0.162119 OUT_TOK_S=5.062 GEN_PEAK_VRAM_GB=58.852 PIPELINE_PEAK_VRAM_GB=58.852 ACTUAL_DISPATCH_VERIFIED=True
========================================================================================

========================================================================================
CASE=longbenchv2-67040276bb02136c067cd8ae SOURCE=longbench_v2 TASK=Legal
METHOD=kiaomni_s8_r0.25 GOLD=B
TOKENS=3505/14020 COMPRESSION=4.000x
--- RAW ANSWER ---
The correct answer is (D) Incorporating feminist perspectives into the interpretation of Islamic law can provide a more nuanced understanding of gender roles, suggesting that such reinterpretations might be selectively applied based on the socio-economic context of the heirs.

This choice best reflects the nuanced argument presented in the text, which advocates for a re-evaluation of Islamic inheritance laws not through outright abolition or rigid equality, but through a dynamic and context-sensitive reinterpretation (ijtihād) grounded in Islamic epistemology. The paper emphasizes the need to consider contemporary socio-economic realities—such as women’s increasing economic contributions and roles as breadwinners—when interpreting classical inheritance rules. It supports the idea of "by-laws" or contextual legal mechanisms (like the proposed "fadhāl – additional share" model) that allow for flexibility within the Islamic legal framework, especially when heirs’ responsibilities and contributions differ. This aligns with the concept of ijtihād in light of changing circumstances (urf), and acknowledges that justice in inheritance should not be based solely on gender but on actual economic and social roles. Thus, (D) captures the paper’s central thesis: a feminist-informed, contextually adaptive reinterpretation of Islamic law, rather than a rigid adherence to traditional shares or
--- SCORES ---
PARSED=D CORRECT=False PARSE=explicit GENERATED=256 HIT_LIMIT=True
PPL=1.458313 NLL=0.377280 OUT_TOK_S=5.147 GEN_PEAK_VRAM_GB=57.371 PIPELINE_PEAK_VRAM_GB=60.900 ACTUAL_DISPATCH_VERIFIED=True
SALIENCY_SECONDS=5.045 SALIENCY_PEAK_VRAM_GB=60.900
ROUTING_ACTUAL TOP1=0.715478 TOP8_JACCARD=0.753925 WEIGHT_COS=0.883193 ENTROPY_DELTA=-0.002490 LOAD_JSD=0.006786
========================================================================================

========================================================================================
CASE=longbenchv2-67040276bb02136c067cd8ae SOURCE=longbench_v2 TASK=Legal
METHOD=kiaomni_s8_r0.125 GOLD=B
TOKENS=1752/14020 COMPRESSION=8.002x
--- RAW ANSWER ---
The correct answer is (D) Incorporating feminist perspectives into the interpretation of Islamic law can provide a more nuanced understanding of gender roles, suggesting that such reinterpretations might be selectively applied based on the socio-economic context of the heirs.

This choice aligns most closely with the arguments presented in the text, which advocates for a re-evaluation of Islamic inheritance laws through the lens of contemporary socio-economic realities, particularly in Malaysia. The author emphasizes the need for reinterpretation (ijtihād) of Islamic law in light of changing roles of Muslim women, who now actively contribute to the economy and family welfare. The paper supports a paradigmatic shift grounded in Islamic principles—such as justice, equity, and the evolving context of urf (custom) and istihsān (juristic preference)—rather than rigid adherence to classical rulings. It also proposes models like the "hibah" (gift) and court-based claims for inheritance, which reflect flexibility and responsiveness to modern circumstances. These approaches are not calls for a complete overhaul (C), nor do they rely solely on education (A), but rather advocate for a contextual, principled reinterpretation of law—precisely what (D) articulates.
--- SCORES ---
PARSED=D CORRECT=False PARSE=explicit GENERATED=245 HIT_LIMIT=False
PPL=1.286503 NLL=0.251927 OUT_TOK_S=5.178 GEN_PEAK_VRAM_GB=57.130 PIPELINE_PEAK_VRAM_GB=60.900 ACTUAL_DISPATCH_VERIFIED=True
SALIENCY_SECONDS=5.045 SALIENCY_PEAK_VRAM_GB=60.900
ROUTING_ACTUAL TOP1=0.658569 TOP8_JACCARD=0.709461 WEIGHT_COS=0.852018 ENTROPY_DELTA=-0.004107 LOAD_JSD=0.010389
========================================================================================

========================================================================================
CASE=longbenchv2-67040276bb02136c067cd8ae SOURCE=longbench_v2 TASK=Legal
METHOD=kiaomni_s8_r0.0625 GOLD=B
TOKENS=876/14020 COMPRESSION=16.005x
--- RAW ANSWER ---
The correct answer is (D) Incorporating feminist perspectives into the interpretation of Islamic law can provide a more nuanced understanding of gender roles, suggesting that such reinterpretations might be selectively applied based on the socio-economic context of the heirs.
--- SCORES ---
PARSED=D CORRECT=False PARSE=explicit GENERATED=47 HIT_LIMIT=False
PPL=9.661408 NLL=2.268139 OUT_TOK_S=4.465 GEN_PEAK_VRAM_GB=57.002 PIPELINE_PEAK_VRAM_GB=60.900 ACTUAL_DISPATCH_VERIFIED=True
SALIENCY_SECONDS=5.045 SALIENCY_PEAK_VRAM_GB=60.900
ROUTING_ACTUAL TOP1=0.671280 TOP8_JACCARD=0.723272 WEIGHT_COS=0.861960 ENTROPY_DELTA=-0.005036 LOAD_JSD=0.009410
========================================================================================

========================================================================================
CASE=longbenchv2-67040276bb02136c067cd8ae SOURCE=longbench_v2 TASK=Legal
METHOD=kiaomni_gaussian_r0.25 GOLD=B
TOKENS=3505/14020 COMPRESSION=4.000x
--- RAW ANSWER ---
The correct answer is (D) Incorporating feminist perspectives into the interpretation of Islamic law can provide a more nuanced understanding of gender roles, suggesting that such reinterpretations might be selectively applied based on the socio-economic context of the heirs.

This choice best aligns with the core argument of the text, which advocates for a re-examination of Islamic inheritance laws through the lens of contemporary socio-economic realities, particularly in Muslim-majority societies like Malaysia. The paper emphasizes the need for reinterpretation (ijtihād) of Islamic legal provisions in light of changing roles of women, such as their increasing economic contributions and participation in the workforce. It does not call for a complete overhaul (C), nor does it rely solely on education (A) or advocate for a rigid, universal equalization of shares (B), which would contradict the Qur’ānic framework as interpreted traditionally. Instead, the paper supports a methodological shift—grounded in epistemology and ontology—whereby Islamic law is reinterpreted in a way that acknowledges modern realities, such as women’s financial independence and responsibility, while remaining within the bounds of Islamic principles. This is exemplified by the proposed models of "hibah" (voluntary gift) and "additional share" based on circumstantial evidence of
--- SCORES ---
PARSED=D CORRECT=False PARSE=explicit GENERATED=256 HIT_LIMIT=True
PPL=1.286500 NLL=0.251925 OUT_TOK_S=5.104 GEN_PEAK_VRAM_GB=57.371 PIPELINE_PEAK_VRAM_GB=60.900 ACTUAL_DISPATCH_VERIFIED=True
SALIENCY_SECONDS=5.045 SALIENCY_PEAK_VRAM_GB=60.900
ROUTING_ACTUAL TOP1=0.711888 TOP8_JACCARD=0.751496 WEIGHT_COS=0.880668 ENTROPY_DELTA=-0.002326 LOAD_JSD=0.007040
========================================================================================

========================================================================================
CASE=longbenchv2-67040276bb02136c067cd8ae SOURCE=longbench_v2 TASK=Legal
METHOD=kiaomni_gaussian_r0.125 GOLD=B
TOKENS=1752/14020 COMPRESSION=8.002x
--- RAW ANSWER ---
The correct answer is (D) Incorporating feminist perspectives into the interpretation of Islamic law can provide a more nuanced understanding of gender roles, suggesting that such reinterpretations might be selectively applied based on the socio-economic context of the heirs.

This choice aligns most closely with the arguments presented in the text, which emphasizes the need for a re-evaluation of traditional Islamic inheritance laws in light of contemporary socio-economic realities. The paper advocates for a dynamic, context-sensitive approach—rooted in ijtihād (independent reasoning) and informed by changing roles of Muslim women—rather than rigid adherence to classical rulings. It supports methodological reconsideration through epistemological and ontological frameworks, suggesting that reinterpretation is not only permissible but necessary in modern contexts. The text also references the potential for "by-laws" within the Islamic framework, indicating a flexible, context-based application of law. This reflects the essence of option (D), which calls for feminist-informed reinterpretation tailored to socio-economic conditions, rather than blanket equality (B), total abolition (C), or solely awareness-based change (A).
--- SCORES ---
PARSED=D CORRECT=False PARSE=explicit GENERATED=223 HIT_LIMIT=False
PPL=1.729615 NLL=0.547899 OUT_TOK_S=5.181 GEN_PEAK_VRAM_GB=57.130 PIPELINE_PEAK_VRAM_GB=60.900 ACTUAL_DISPATCH_VERIFIED=True
SALIENCY_SECONDS=5.045 SALIENCY_PEAK_VRAM_GB=60.900
ROUTING_ACTUAL TOP1=0.665537 TOP8_JACCARD=0.718892 WEIGHT_COS=0.861217 ENTROPY_DELTA=-0.003183 LOAD_JSD=0.009375
========================================================================================

========================================================================================
CASE=longbenchv2-67040276bb02136c067cd8ae SOURCE=longbench_v2 TASK=Legal
METHOD=kiaomni_gaussian_r0.0625 GOLD=B
TOKENS=876/14020 COMPRESSION=16.005x
--- RAW ANSWER ---
The correct answer is (D) Incorporating feminist perspectives into the interpretation of Islamic law can provide a more nuanced understanding of gender roles, suggesting that such reinterpretations might be selectively applied based on the socio-economic context of the heirs.
--- SCORES ---
PARSED=D CORRECT=False PARSE=explicit GENERATED=47 HIT_LIMIT=False
PPL=5.859943 NLL=1.768140 OUT_TOK_S=4.480 GEN_PEAK_VRAM_GB=57.002 PIPELINE_PEAK_VRAM_GB=60.900 ACTUAL_DISPATCH_VERIFIED=True
SALIENCY_SECONDS=5.045 SALIENCY_PEAK_VRAM_GB=60.900
ROUTING_ACTUAL TOP1=0.672588 TOP8_JACCARD=0.725661 WEIGHT_COS=0.865214 ENTROPY_DELTA=-0.003539 LOAD_JSD=0.009258
========================================================================================

========================================================================================
CASE=longbenchv2-66eae4de5a08c7b9b35dd12d SOURCE=longbench_v2 TASK=Academic
METHOD=full_context GOLD=C
TOKENS=15323/15323 COMPRESSION=1.000x
--- RAW ANSWER ---
The correct answer is (C) Process accurate coordinates of object parts generated by VLMs to form a 3D grounding.

Explanation:
- (A) is mentioned: The essay describes using SoM to segment and label objects, and modeling parts (e.g., handles) as vectors in the task-aware motion planning phase.
- (B) is mentioned: The essay discusses integrating CoPa with high-level planning methods to accomplish complex, long-horizon tasks (e.g., "Make pour-over coffee" and "Set up romantic table"), showing it can handle multi-step instructions.
- (D) is mentioned: The essay explicitly states that CoPa generates appropriate 6-DoF grasp poses and achieves a 63% success rate, significantly outperforming VoxPoser (18%).
- (C) is **not** mentioned: While the essay discusses grounding parts in 2D and using spatial constraints to derive poses, it does **not** claim that VLMs generate accurate 3D coordinates of object parts. Instead, it uses 2D annotations and projections, and relies on a solver to compute 6-DoF poses based on constraints. The VLMs do not directly output 3D coordinates; they generate spatial constraints
--- SCORES ---
PARSED=C CORRECT=True PARSE=explicit GENERATED=256 HIT_LIMIT=True
PPL=1.000691 NLL=0.000691 OUT_TOK_S=5.047 GEN_PEAK_VRAM_GB=59.029 PIPELINE_PEAK_VRAM_GB=59.029 ACTUAL_DISPATCH_VERIFIED=True
========================================================================================

========================================================================================
CASE=longbenchv2-66eae4de5a08c7b9b35dd12d SOURCE=longbench_v2 TASK=Academic
METHOD=kiaomni_s8_r0.25 GOLD=C
TOKENS=3831/15323 COMPRESSION=4.000x
--- RAW ANSWER ---
The correct answer is (A) Segment and label objects within the scene using SoM and represent the functional parts by vectors.

Explanation:  
- (B) is mentioned: The essay discusses integration with high-level planning to accomplish complex, long-horizon tasks (Section IV-E, Fig. 6), indicating the ability to understand and execute multi-step instructions.
- (C) is mentioned: The paper describes a "coarse-to-fine grounding mechanism" and uses spatial constraints derived from VLMs to generate precise 6-DoF poses, implying accurate 3D grounding of object parts (Section III-B, III-C).
- (D) is explicitly stated: CoPa generates appropriate 6-DoF grasp poses and achieves a 63% success rate, significantly outperforming VoxPoser (Table I, Section IV-B).

However, (A) is not directly mentioned. While the paper discusses "part grounding" and uses spatial constraints, it does not state that functional parts are represented by vectors in the way described in (A). The term "SoM" (Scene Object Model) is not used in the text, and there is no mention of representing functional parts by vectors. Thus, (A) is not supported by the text
--- SCORES ---
PARSED=A CORRECT=False PARSE=explicit GENERATED=256 HIT_LIMIT=True
PPL=3.136039 NLL=1.142961 OUT_TOK_S=5.162 GEN_PEAK_VRAM_GB=57.417 PIPELINE_PEAK_VRAM_GB=61.274 ACTUAL_DISPATCH_VERIFIED=True
SALIENCY_SECONDS=5.591 SALIENCY_PEAK_VRAM_GB=61.274
ROUTING_ACTUAL TOP1=0.728199 TOP8_JACCARD=0.753220 WEIGHT_COS=0.887574 ENTROPY_DELTA=-0.001544 LOAD_JSD=0.005824
========================================================================================

========================================================================================
CASE=longbenchv2-66eae4de5a08c7b9b35dd12d SOURCE=longbench_v2 TASK=Academic
METHOD=kiaomni_s8_r0.125 GOLD=C
TOKENS=1915/15323 COMPRESSION=8.002x
--- RAW ANSWER ---
The correct answer is (A) Segment and label objects within the scene using SoM and represent the functional parts by vectors.

Explanation:  
- (B) is mentioned: The essay discusses CoPa's ability to handle open-set instructions and complex, multi-step manipulation tasks (e.g., "Hammer the nail", "open the door"), indicating it can understand and execute higher-level, multi-step instructions.
- (C) is mentioned: The paper describes "part grounding" and "constraint generation" using VLMs (Vision-Language Models), and the use of vector representations for functional parts (e.g., in Fig. 7 and the grounding module).
- (D) is explicitly stated: The task-oriented grasping module generates 6-DoF grasp poses, and Table I shows CoPa outperforms VoxPoser in success rate.

However, (A) mentions "SoM" (which is not referenced in the text) and "segment and label objects" using SoM — this specific method (SoM) and its use for segmentation and labeling is not mentioned anywhere in the provided text. Therefore, (A) is not supported by the essay.

"The correct answer is (A)"
--- SCORES ---
PARSED=A CORRECT=False PARSE=explicit GENERATED=245 HIT_LIMIT=False
PPL=16.505793 NLL=2.803711 OUT_TOK_S=5.160 GEN_PEAK_VRAM_GB=57.148 PIPELINE_PEAK_VRAM_GB=61.274 ACTUAL_DISPATCH_VERIFIED=True
SALIENCY_SECONDS=5.591 SALIENCY_PEAK_VRAM_GB=61.274
ROUTING_ACTUAL TOP1=0.683910 TOP8_JACCARD=0.717479 WEIGHT_COS=0.864708 ENTROPY_DELTA=-0.002025 LOAD_JSD=0.008343
========================================================================================

========================================================================================
CASE=longbenchv2-66eae4de5a08c7b9b35dd12d SOURCE=longbench_v2 TASK=Academic
METHOD=kiaomni_s8_r0.0625 GOLD=C
TOKENS=958/15323 COMPRESSION=15.995x
--- RAW ANSWER ---
The correct answer is (A) Segment and label objects within the scene using SoM and represent the functional parts by vectors.

Explanation: The essay discusses CoPa's ability to understand scenes, handle open-set instructions, generate appropriate grasp poses (including 6-DoF), and perform complex manipulation tasks with high success rates, surpassing VoxPoser. It also mentions task-aware motion planning and grounding for manipulation. However, there is no mention of using SoM (Segmentation and Object Modeling) or representing functional parts by vectors. Therefore, option (A) is not mentioned.
--- SCORES ---
PARSED=A CORRECT=False PARSE=explicit GENERATED=118 HIT_LIMIT=False
PPL=7.130242 NLL=1.964345 OUT_TOK_S=4.931 GEN_PEAK_VRAM_GB=57.013 PIPELINE_PEAK_VRAM_GB=61.274 ACTUAL_DISPATCH_VERIFIED=True
SALIENCY_SECONDS=5.591 SALIENCY_PEAK_VRAM_GB=61.274
ROUTING_ACTUAL TOP1=0.628719 TOP8_JACCARD=0.671459 WEIGHT_COS=0.837105 ENTROPY_DELTA=-0.004630 LOAD_JSD=0.012989
========================================================================================

========================================================================================
CASE=longbenchv2-66eae4de5a08c7b9b35dd12d SOURCE=longbench_v2 TASK=Academic
METHOD=kiaomni_gaussian_r0.25 GOLD=C
TOKENS=3831/15323 COMPRESSION=4.000x
--- RAW ANSWER ---
The correct answer is (A) Segment and label objects within the scene using SoM and represent the functional parts by vectors.

Explanation:  
- (B) is mentioned: The essay discusses integration with high-level planning and handling complex, long-horizon tasks (Section IV-E, Fig. 6), indicating the ability to understand and execute multi-step instructions.
- (C) is mentioned: The paper describes a "coarse-to-fine" part grounding mechanism and uses spatial constraints derived from VLMs, implying accurate 3D grounding of object parts (Section III-B, III-C, Fig. 7–9).
- (D) is explicitly stated: CoPa generates 6-DoF end-effector poses and achieves a 63% success rate, significantly outperforming VoxPoser (Table I, Section IV-B).
- (A) is not mentioned: While the paper discusses grounding and spatial constraints, it does not mention using SoM (Segmentation and Object Modeling) to "label objects" or represent functional parts "by vectors" as a core component. The term "SoM" appears in figures (e.g., Fig. 7, 8, 9) but is not defined or described as a method for
--- SCORES ---
PARSED=A CORRECT=False PARSE=explicit GENERATED=256 HIT_LIMIT=True
PPL=3.250047 NLL=1.178670 OUT_TOK_S=5.179 GEN_PEAK_VRAM_GB=57.417 PIPELINE_PEAK_VRAM_GB=61.274 ACTUAL_DISPATCH_VERIFIED=True
SALIENCY_SECONDS=5.591 SALIENCY_PEAK_VRAM_GB=61.274
ROUTING_ACTUAL TOP1=0.731201 TOP8_JACCARD=0.756429 WEIGHT_COS=0.890461 ENTROPY_DELTA=-0.001169 LOAD_JSD=0.005525
========================================================================================

========================================================================================
CASE=longbenchv2-66eae4de5a08c7b9b35dd12d SOURCE=longbench_v2 TASK=Academic
METHOD=kiaomni_gaussian_r0.125 GOLD=C
TOKENS=1915/15323 COMPRESSION=8.002x
--- RAW ANSWER ---
The correct answer is (A) Segment and label objects within the scene using SoM and represent the functional parts by vectors.

Explanation:  
- (B) is mentioned: The essay discusses CoPa's ability to handle open-set instructions and perform everyday manipulation tasks, which implies understanding and executing higher-level, multi-step instructions.
- (C) is mentioned: The paper describes "part grounding" and the use of VLMs (Vision-Language Models) to generate 3D grounding of object parts, as seen in Fig. 7 and the discussion on spatial constraints.
- (D) is explicitly mentioned: The paper states that CoPa generates appropriate 6-DoF grasp poses and achieves a 63% success rate, significantly outperforming VoxPoser.

However, (A) refers to "SoM" (which is not mentioned in the text) and the specific process of segmenting and labeling objects using SoM to represent functional parts by vectors. This specific method or capability is not discussed in the essay. Therefore, (A) is the correct answer.

"The correct answer is (A)"
--- SCORES ---
PARSED=A CORRECT=False PARSE=explicit GENERATED=226 HIT_LIMIT=False
PPL=21.963195 NLL=3.089368 OUT_TOK_S=5.162 GEN_PEAK_VRAM_GB=57.148 PIPELINE_PEAK_VRAM_GB=61.274 ACTUAL_DISPATCH_VERIFIED=True
SALIENCY_SECONDS=5.591 SALIENCY_PEAK_VRAM_GB=61.274
ROUTING_ACTUAL TOP1=0.682931 TOP8_JACCARD=0.717819 WEIGHT_COS=0.867459 ENTROPY_DELTA=-0.001829 LOAD_JSD=0.008543
========================================================================================

========================================================================================
CASE=longbenchv2-66eae4de5a08c7b9b35dd12d SOURCE=longbench_v2 TASK=Academic
METHOD=kiaomni_gaussian_r0.0625 GOLD=C
TOKENS=958/15323 COMPRESSION=15.995x
--- RAW ANSWER ---
The correct answer is (A) Segment and label objects within the scene using SoM and represent the functional parts by vectors.

Explanation: The essay discusses CoPa's ability to generate grasp poses (D), understand physical scenes (implying understanding of object parts and manipulation), handle rotation DoF, and outperform Voxposer in success rate (D). It also mentions handling higher-level instructions and task-oriented planning (B), and using VLMs to generate 3D grounding (C). However, there is no mention of using SoM (Segmentation and Object Modeling) or representing functional parts by vectors, which makes (A) the correct answer.
--- SCORES ---
PARSED=A CORRECT=False PARSE=explicit GENERATED=133 HIT_LIMIT=False
PPL=16.801960 NLL=2.821496 OUT_TOK_S=5.065 GEN_PEAK_VRAM_GB=57.013 PIPELINE_PEAK_VRAM_GB=61.274 ACTUAL_DISPATCH_VERIFIED=True
SALIENCY_SECONDS=5.591 SALIENCY_PEAK_VRAM_GB=61.274
ROUTING_ACTUAL TOP1=0.619063 TOP8_JACCARD=0.668073 WEIGHT_COS=0.835414 ENTROPY_DELTA=-0.004465 LOAD_JSD=0.014103
========================================================================================

========================================================================================
CASE=longbenchv2-66ec356a821e116aacb1c22b SOURCE=longbench_v2 TASK=Legal
METHOD=full_context GOLD=C
TOKENS=10922/10922 COMPRESSION=1.000x
--- RAW ANSWER ---
The correct answer is (A) The truthfulness of the parties' intent in entering into the contract is of paramount importance.

Explanation:  
In both cases, the central legal issue revolves around whether a binding contract was formed, and this hinges on the objective manifestation of intent rather than the subjective, unexpressed intentions of the parties. 

In *Lucy v. Zehmer*, the defendants claimed they were joking and not serious about selling the farm, but the court emphasized that the law looks to the outward expressions of intent—what a reasonable person would understand from the words and actions—not the private, unexpressed state of mind. The detailed negotiations, the written agreement, the discussion of title, and the actions taken by Lucy (involving his brother, hiring an attorney, and attempting to close the deal) all demonstrated a serious business transaction, rendering the defendants’ claim of jest irrelevant.

In *Texaco, Inc. v. Pennzoil, Co.*, the issue was whether the parties intended to be bound by the agreement at the time of the board meeting. The court held that the parties’ subjective intent (e.g., whether they truly believed they were bound) was not decisive. Instead, the focus was on objective evidence—such as the signed
--- SCORES ---
PARSED=A CORRECT=False PARSE=explicit GENERATED=256 HIT_LIMIT=True
PPL=1.905354 NLL=0.644668 OUT_TOK_S=5.176 GEN_PEAK_VRAM_GB=58.409 PIPELINE_PEAK_VRAM_GB=58.409 ACTUAL_DISPATCH_VERIFIED=True
========================================================================================

========================================================================================
CASE=longbenchv2-66ec356a821e116aacb1c22b SOURCE=longbench_v2 TASK=Legal
METHOD=kiaomni_s8_r0.25 GOLD=C
TOKENS=2730/10922 COMPRESSION=4.001x
--- RAW ANSWER ---
The correct answer is (A) The truthfulness of the parties' intent in entering into the contract is of paramount importance.

Explanation:  
In both cases, the central legal issue revolves around whether a binding contract existed, and this hinges on the objective manifestation of intent rather than the subjective, internal intentions of the parties. 

In *Lucy v. Zehmer*, the court rejected the defense that the contract was a joke or bluff, emphasizing that the law looks to outward expressions of intent, not secret or unexpressed intentions. The court held that even if Zehmer was joking, Lucy reasonably believed the contract was serious, and that belief was sufficient to create a binding agreement.

In *Texaco, Inc. v. Pennzoil, Co.*, the court similarly focused on objective evidence of intent—such as communications, conduct, and partial performance—rather than the parties’ private, subjective intentions. The jury was instructed to determine intent based on the parties’ words and actions, not their undisclosed thoughts.

Thus, both cases emphasize that the law evaluates contract formation based on objective manifestations of intent, not the internal, subjective state of mind of the parties.

While (C) is partially true (the terms were defined in both cases), it is not the common
--- SCORES ---
PARSED=A CORRECT=False PARSE=explicit GENERATED=256 HIT_LIMIT=True
PPL=1.313862 NLL=0.272971 OUT_TOK_S=5.277 GEN_PEAK_VRAM_GB=57.263 PIPELINE_PEAK_VRAM_GB=60.012 ACTUAL_DISPATCH_VERIFIED=True
SALIENCY_SECONDS=3.967 SALIENCY_PEAK_VRAM_GB=60.012
ROUTING_ACTUAL TOP1=0.747909 TOP8_JACCARD=0.779918 WEIGHT_COS=0.907101 ENTROPY_DELTA=0.002262 LOAD_JSD=0.006742
========================================================================================

========================================================================================
CASE=longbenchv2-66ec356a821e116aacb1c22b SOURCE=longbench_v2 TASK=Legal
METHOD=kiaomni_s8_r0.125 GOLD=C
TOKENS=1365/10922 COMPRESSION=8.001x
--- RAW ANSWER ---
The correct answer is (A) The truthfulness of the parties' intent in entering into the contract is of paramount importance.

Explanation: In both cases, the courts focused heavily on the intent of the parties in forming the contract. In Lucy v. Zehmer, the court emphasized that the law looks to the outward expressions of intent rather than subjective or secret intentions, and determined that the contract was binding despite claims of joking or intoxication. In Texaco, Inc. v. Pennzoil, Co., the court examined whether a binding contract existed based on the parties’ expressed intent, applying New York law that centers on objective manifestations of intent rather than private or subjective beliefs. In both cases, the key issue was whether the parties objectively intended to be bound by the agreement, making the truthfulness and clarity of their intent central to the court’s decision.
--- SCORES ---
PARSED=A CORRECT=False PARSE=explicit GENERATED=174 HIT_LIMIT=False
PPL=26.731615 NLL=3.285847 OUT_TOK_S=5.182 GEN_PEAK_VRAM_GB=57.076 PIPELINE_PEAK_VRAM_GB=60.012 ACTUAL_DISPATCH_VERIFIED=True
SALIENCY_SECONDS=3.967 SALIENCY_PEAK_VRAM_GB=60.012
ROUTING_ACTUAL TOP1=0.731212 TOP8_JACCARD=0.765111 WEIGHT_COS=0.898870 ENTROPY_DELTA=0.001863 LOAD_JSD=0.008187
========================================================================================

========================================================================================
CASE=longbenchv2-66ec356a821e116aacb1c22b SOURCE=longbench_v2 TASK=Legal
METHOD=kiaomni_s8_r0.0625 GOLD=C
TOKENS=683/10922 COMPRESSION=15.991x
--- RAW ANSWER ---
The correct answer is (A) The truthfulness of the parties' intent in entering into the contract is of paramount importance.

Explanation: In both cases, the court's analysis centers on whether a valid contract was formed, which hinges on the parties' intent. In Lucy v. Zehmer, the court examined whether the defendants' words and conduct demonstrated a genuine intent to enter into a binding contract, despite the argument that the agreement was made in jest or under the influence. In Texaco, Inc. v. Pennzoil, Co., the court evaluated whether there was a binding contract between Pennzoil and the Getty entities and whether Texaco knowingly interfered with it—both issues turning on the intent of the parties. Thus, the truthfulness and sincerity of the parties' intent are central to both cases.
--- SCORES ---
PARSED=A CORRECT=False PARSE=explicit GENERATED=166 HIT_LIMIT=False
PPL=57.604533 NLL=4.053601 OUT_TOK_S=5.131 GEN_PEAK_VRAM_GB=56.975 PIPELINE_PEAK_VRAM_GB=60.012 ACTUAL_DISPATCH_VERIFIED=True
SALIENCY_SECONDS=3.967 SALIENCY_PEAK_VRAM_GB=60.012
ROUTING_ACTUAL TOP1=0.760828 TOP8_JACCARD=0.783283 WEIGHT_COS=0.916345 ENTROPY_DELTA=-0.000346 LOAD_JSD=0.005686
========================================================================================

========================================================================================
CASE=longbenchv2-66ec356a821e116aacb1c22b SOURCE=longbench_v2 TASK=Legal
METHOD=kiaomni_gaussian_r0.25 GOLD=C
TOKENS=2730/10922 COMPRESSION=4.001x
--- RAW ANSWER ---
The correct answer is (A) The truthfulness of the parties' intent in entering into the contract is of paramount importance.

Explanation: Both cases center on the issue of whether a binding contract existed, and in both, the court focused on the objective manifestations of intent rather than the subjective, unexpressed intentions of the parties. In Lucy v. Zehmer, the court held that even if Zehmer intended the contract as a joke, the outward conduct and words of the parties demonstrated a serious intent to contract, and thus the contract was binding. Similarly, in Texaco, Inc. v. Pennzoil, Co., the court emphasized that under New York law, the determination of whether a contract was formed depends on the objective intent of the parties—what they said and did—not their private, unexpressed thoughts. In both cases, the courts looked to external evidence (words, actions, conduct, and documents) to determine intent, not the internal, subjective beliefs of the parties. Therefore, the common thread is the importance of objective intent in forming a contract.

The other choices are incorrect:
- (B) is not supported; the cases do not discuss the offer being too low.
- (C) is not the main focus; while terms are
--- SCORES ---
PARSED=A CORRECT=False PARSE=explicit GENERATED=256 HIT_LIMIT=True
PPL=2.443883 NLL=0.893588 OUT_TOK_S=5.229 GEN_PEAK_VRAM_GB=57.263 PIPELINE_PEAK_VRAM_GB=60.012 ACTUAL_DISPATCH_VERIFIED=True
SALIENCY_SECONDS=3.967 SALIENCY_PEAK_VRAM_GB=60.012
ROUTING_ACTUAL TOP1=0.753678 TOP8_JACCARD=0.782723 WEIGHT_COS=0.910325 ENTROPY_DELTA=0.002214 LOAD_JSD=0.006834
========================================================================================

========================================================================================
CASE=longbenchv2-66ec356a821e116aacb1c22b SOURCE=longbench_v2 TASK=Legal
METHOD=kiaomni_gaussian_r0.125 GOLD=C
TOKENS=1365/10922 COMPRESSION=8.001x
--- RAW ANSWER ---
The correct answer is (A) The truthfulness of the parties' intent in entering into the contract is of paramount importance.

Explanation:  
In both cases, the central legal issue revolves around whether a binding contract was formed, and this hinges on the parties' intent. In *Lucy v. Zehmer*, the court emphasized that the law looks to the outward expressions of intent, not subjective or secret intentions, to determine if a contract exists—rejecting the defense that the agreement was merely a joke based on the defendants’ internal state of mind. Similarly, in *Texaco, Inc. v. Pennzoil, Co.*, the court applied New York law, which focuses on the parties’ expressed intent rather than their private or subjective intentions, and held that the jury could reasonably infer a binding contract based on outward conduct and expressions. Thus, both cases underscore that the court evaluates the objective manifestation of intent, not the internal sincerity or truthfulness of the parties’ private thoughts. This makes (A) the most accurate choice.
--- SCORES ---
PARSED=A CORRECT=False PARSE=explicit GENERATED=210 HIT_LIMIT=False
PPL=1.104481 NLL=0.099376 OUT_TOK_S=5.147 GEN_PEAK_VRAM_GB=57.076 PIPELINE_PEAK_VRAM_GB=60.012 ACTUAL_DISPATCH_VERIFIED=True
SALIENCY_SECONDS=3.967 SALIENCY_PEAK_VRAM_GB=60.012
ROUTING_ACTUAL TOP1=0.733272 TOP8_JACCARD=0.763183 WEIGHT_COS=0.898458 ENTROPY_DELTA=0.001899 LOAD_JSD=0.008171
========================================================================================

========================================================================================
CASE=longbenchv2-66ec356a821e116aacb1c22b SOURCE=longbench_v2 TASK=Legal
METHOD=kiaomni_gaussian_r0.0625 GOLD=C
TOKENS=683/10922 COMPRESSION=15.991x
--- RAW ANSWER ---
The correct answer is (A) The truthfulness of the parties' intent in entering into the contract is of paramount importance.

Explanation: In both cases, the courts focused heavily on whether a valid contract existed and whether the parties genuinely intended to be bound by it. In Lucy v. Zehmer, the court examined whether the defendants' conduct—despite being under the influence—indicated a serious intent to sell the land, ultimately concluding that a contract was formed based on objective manifestations of intent. In Texaco, Inc. v. Pennzoil, Co., the court evaluated whether a binding contract existed between Pennzoil and Getty Oil and whether Texaco knowingly interfered with it, again emphasizing the importance of intent and the objective evidence of agreement. Thus, the central issue in both cases revolves around the sincerity and clarity of the parties' intent to enter into a contract.
--- SCORES ---
PARSED=A CORRECT=False PARSE=explicit GENERATED=179 HIT_LIMIT=False
PPL=33.116707 NLL=3.500038 OUT_TOK_S=5.069 GEN_PEAK_VRAM_GB=56.975 PIPELINE_PEAK_VRAM_GB=60.012 ACTUAL_DISPATCH_VERIFIED=True
SALIENCY_SECONDS=3.967 SALIENCY_PEAK_VRAM_GB=60.012
ROUTING_ACTUAL TOP1=0.758297 TOP8_JACCARD=0.781779 WEIGHT_COS=0.913935 ENTROPY_DELTA=0.000721 LOAD_JSD=0.006948
========================================================================================

========================================================================================
CASE=longbenchv2-66f91f2cbb02136c067c4b1e SOURCE=longbench_v2 TASK=Literary
METHOD=full_context GOLD=B
TOKENS=12677/12677 COMPRESSION=1.000x
--- RAW ANSWER ---
The correct answer is (D) Matthew and Marilla ask Mrs. Spencer to pick a boy via Richard Spencer's folks at Carmody. But there are some mistakes in between.

Explanation: In the text, Marilla explains that they sent word to Mrs. Spencer through Richard Spencer's folks at Carmody to bring them a "smart, likely boy of about ten or eleven." However, Mrs. Spencer brought a girl instead. The mistake likely occurred due to a miscommunication or misunderstanding in the message relayed through Richard Spencer's folks, as Mrs. Spencer clearly believed they wanted a girl (as she mentions she was going to get a little girl for herself and had discussed it with Marilla). The text does not indicate that Mrs. Spencer wanted a girl for herself, but rather that she misunderstood the request, possibly due to the message being relayed incorrectly. Therefore, the error stems from a breakdown in communication via the intermediary, making (D) the most accurate choice.
--- SCORES ---
PARSED=D CORRECT=False PARSE=explicit GENERATED=197 HIT_LIMIT=False
PPL=3.039430 NLL=1.111670 OUT_TOK_S=5.006 GEN_PEAK_VRAM_GB=58.658 PIPELINE_PEAK_VRAM_GB=58.658 ACTUAL_DISPATCH_VERIFIED=True
========================================================================================

========================================================================================
CASE=longbenchv2-66f91f2cbb02136c067c4b1e SOURCE=longbench_v2 TASK=Literary
METHOD=kiaomni_s8_r0.25 GOLD=B
TOKENS=3169/12677 COMPRESSION=4.000x
--- RAW ANSWER ---
The correct answer is (D) Matthew and Marilla ask Mrs. Spencer to pick a boy via Richard Spencer's folks at Carmody. But there are some mistakes in between.

Explanation: Matthew and Marilla sent word through Richard Spencer's folks at Carmody asking Mrs. Spencer to bring a boy. However, Mrs. Spencer misunderstood and brought a girl instead. The text indicates that Mrs. Spencer said she was bringing a girl because she thought Matthew and Marilla wanted a girl, and the matron at the asylum agreed that Anne would be a good fit. This shows that the mistake arose from a miscommunication, likely due to the message being relayed through intermediaries (Richard Spencer's folks), which led to the confusion. Therefore, (D) is the most accurate choice.
--- SCORES ---
PARSED=D CORRECT=False PARSE=explicit GENERATED=159 HIT_LIMIT=False
PPL=1.778251 NLL=0.575630 OUT_TOK_S=5.082 GEN_PEAK_VRAM_GB=57.327 PIPELINE_PEAK_VRAM_GB=60.515 ACTUAL_DISPATCH_VERIFIED=True
SALIENCY_SECONDS=4.482 SALIENCY_PEAK_VRAM_GB=60.515
ROUTING_ACTUAL TOP1=0.724525 TOP8_JACCARD=0.778644 WEIGHT_COS=0.907106 ENTROPY_DELTA=0.001997 LOAD_JSD=0.008526
========================================================================================

========================================================================================
CASE=longbenchv2-66f91f2cbb02136c067c4b1e SOURCE=longbench_v2 TASK=Literary
METHOD=kiaomni_s8_r0.125 GOLD=B
TOKENS=1585/12677 COMPRESSION=7.998x
--- RAW ANSWER ---
The correct answer is (D) Matthew and Marilla ask Mrs. Spencer to pick a boy via Richard Spencer's folks at Carmody. But there are some mistakes in between.

Explanation: The text states that Matthew and Marilla sent word to Mrs. Spencer through Richard Spencer's folks at Carmody to bring them a boy. However, Mrs. Spencer misunderstood and brought a girl instead. The child, Anne Shirley, explains that Mrs. Spencer said they wanted a girl about eleven years old, and the matron at the asylum thought she would be a good fit. This indicates a miscommunication, likely due to the message being relayed through intermediaries (Richard Spencer's folks), which led to the mistake. Therefore, (D) is the most accurate choice.
--- SCORES ---
PARSED=D CORRECT=False PARSE=explicit GENERATED=155 HIT_LIMIT=False
PPL=1.778998 NLL=0.576050 OUT_TOK_S=5.118 GEN_PEAK_VRAM_GB=57.102 PIPELINE_PEAK_VRAM_GB=60.515 ACTUAL_DISPATCH_VERIFIED=True
SALIENCY_SECONDS=4.482 SALIENCY_PEAK_VRAM_GB=60.515
ROUTING_ACTUAL TOP1=0.690208 TOP8_JACCARD=0.754823 WEIGHT_COS=0.893761 ENTROPY_DELTA=0.001056 LOAD_JSD=0.009939
========================================================================================

========================================================================================
CASE=longbenchv2-66f91f2cbb02136c067c4b1e SOURCE=longbench_v2 TASK=Literary
METHOD=kiaomni_s8_r0.0625 GOLD=B
TOKENS=792/12677 COMPRESSION=16.006x
--- RAW ANSWER ---
The correct answer is (D) Matthew and Marilla ask Mrs. Spencer to pick a boy via Richard Spencer's folks at Carmody. But there are some mistakes in between.
--- SCORES ---
PARSED=D CORRECT=False PARSE=explicit GENERATED=37 HIT_LIMIT=False
PPL=1.716004 NLL=0.539998 OUT_TOK_S=4.348 GEN_PEAK_VRAM_GB=56.990 PIPELINE_PEAK_VRAM_GB=60.515 ACTUAL_DISPATCH_VERIFIED=True
SALIENCY_SECONDS=4.482 SALIENCY_PEAK_VRAM_GB=60.515
ROUTING_ACTUAL TOP1=0.655645 TOP8_JACCARD=0.724890 WEIGHT_COS=0.875122 ENTROPY_DELTA=0.000429 LOAD_JSD=0.012384
========================================================================================

========================================================================================
CASE=longbenchv2-66f91f2cbb02136c067c4b1e SOURCE=longbench_v2 TASK=Literary
METHOD=kiaomni_gaussian_r0.25 GOLD=B
TOKENS=3169/12677 COMPRESSION=4.000x
--- RAW ANSWER ---
The correct answer is (D) Matthew and Marilla ask Mrs. Spencer to pick a boy via Richard Spencer's folks at Carmody. But there are some mistakes in between.

Explanation: Matthew and Marilla sent word through Richard Spencer's folks at Carmody asking Mrs. Spencer to bring a boy from the orphan asylum. However, Mrs. Spencer misunderstood and brought a girl instead. The text states that Mrs. Spencer said she was bringing a girl because Matthew and Marilla had asked for a girl, but this was due to a miscommunication—Matthew and Marilla had actually wanted a boy. The mistake arose from the way the message was conveyed and possibly from Mrs. Spencer’s interpretation, leading to the confusion. Therefore, (D) is the most accurate choice.
--- SCORES ---
PARSED=D CORRECT=False PARSE=explicit GENERATED=156 HIT_LIMIT=False
PPL=1.716476 NLL=0.540274 OUT_TOK_S=5.116 GEN_PEAK_VRAM_GB=57.327 PIPELINE_PEAK_VRAM_GB=60.515 ACTUAL_DISPATCH_VERIFIED=True
SALIENCY_SECONDS=4.482 SALIENCY_PEAK_VRAM_GB=60.515
ROUTING_ACTUAL TOP1=0.720739 TOP8_JACCARD=0.775987 WEIGHT_COS=0.905903 ENTROPY_DELTA=0.001841 LOAD_JSD=0.008889
========================================================================================

========================================================================================
CASE=longbenchv2-66f91f2cbb02136c067c4b1e SOURCE=longbench_v2 TASK=Literary
METHOD=kiaomni_gaussian_r0.125 GOLD=B
TOKENS=1585/12677 COMPRESSION=7.998x
--- RAW ANSWER ---
The correct answer is (D) Matthew and Marilla ask Mrs. Spencer to pick a boy via Richard Spencer's folks at Carmody. But there are some mistakes in between.

Explanation: In the text, Marilla and Matthew decided to adopt a boy and sent word to Mrs. Spencer through Richard Spencer's folks at Carmody to bring a "smart, likely boy of about ten or eleven." However, Mrs. Spencer misunderstood and brought a girl, Anne Shirley, instead. The mistake occurred because Mrs. Spencer believed the Cuthberts wanted a girl, as she was told so by the matron at the orphan asylum and confirmed by her own understanding of the request. The communication through intermediaries (Richard Spencer's folks) likely led to the confusion, but the core issue is that the request was misinterpreted, not that the message was wrong or that Mrs. Spencer wanted a girl herself. Thus, (D) best captures the situation.
--- SCORES ---
PARSED=D CORRECT=False PARSE=explicit GENERATED=192 HIT_LIMIT=False
PPL=1.498272 NLL=0.404312 OUT_TOK_S=5.155 GEN_PEAK_VRAM_GB=57.102 PIPELINE_PEAK_VRAM_GB=60.515 ACTUAL_DISPATCH_VERIFIED=True
SALIENCY_SECONDS=4.482 SALIENCY_PEAK_VRAM_GB=60.515
ROUTING_ACTUAL TOP1=0.683228 TOP8_JACCARD=0.749290 WEIGHT_COS=0.890760 ENTROPY_DELTA=0.001091 LOAD_JSD=0.010304
========================================================================================

========================================================================================
CASE=longbenchv2-66f91f2cbb02136c067c4b1e SOURCE=longbench_v2 TASK=Literary
METHOD=kiaomni_gaussian_r0.0625 GOLD=B
TOKENS=792/12677 COMPRESSION=16.006x
--- RAW ANSWER ---
The correct answer is (D) Matthew and Marilla ask Mrs. Spencer to pick a boy via Richard Spencer's folks at Carmody. But there are some mistakes in between.

Explanation: The text states that Matthew and Marilla sent word to Mrs. Spencer through Richard Spencer's folks at Carmody to bring them a boy. However, Mrs. Spencer misunderstood and brought a girl, Anne Shirley, because she was told by the asylum matron that the Cuthberts wanted a girl. The mistake arose due to a miscommunication, likely because the message was relayed through intermediaries (Richard Spencer's folks), leading to the error. This aligns with option (D).
--- SCORES ---
PARSED=D CORRECT=False PARSE=explicit GENERATED=138 HIT_LIMIT=False
PPL=3.137316 NLL=1.143368 OUT_TOK_S=5.079 GEN_PEAK_VRAM_GB=56.990 PIPELINE_PEAK_VRAM_GB=60.515 ACTUAL_DISPATCH_VERIFIED=True
SALIENCY_SECONDS=4.482 SALIENCY_PEAK_VRAM_GB=60.515
ROUTING_ACTUAL TOP1=0.651647 TOP8_JACCARD=0.725455 WEIGHT_COS=0.877472 ENTROPY_DELTA=-0.000146 LOAD_JSD=0.012065
========================================================================================

========================================================================================
CASE=longbenchv2-66f9625fbb02136c067c5456 SOURCE=longbench_v2 TASK=User guide QA
METHOD=full_context GOLD=B
TOKENS=13001/13001 COMPRESSION=1.000x
--- RAW ANSWER ---
The correct answer is (A) Begin audio marking.

Explanation: According to the text, after audio cutting, the next step is audio marking, which involves matching each audio file with its corresponding text so that the AI can learn how to read each word. The text explicitly states: "3.4: Marking" as the next step after audio cutting. Therefore, the correct action is to begin audio marking.

The other options are incorrect because:
- (B) Proofreading and annotation is a separate, later step (3.5) that comes after initial marking.
- (C) This refers to opening the web interface, which is done earlier in the process.
- (D) This is a reminder for the proofreading step, not the immediate next step after audio cutting.

"The correct answer is (A)"
--- SCORES ---
PARSED=A CORRECT=False PARSE=explicit GENERATED=166 HIT_LIMIT=False
PPL=1.151062 NLL=0.140685 OUT_TOK_S=4.930 GEN_PEAK_VRAM_GB=58.707 PIPELINE_PEAK_VRAM_GB=58.707 ACTUAL_DISPATCH_VERIFIED=True
========================================================================================

========================================================================================
CASE=longbenchv2-66f9625fbb02136c067c5456 SOURCE=longbench_v2 TASK=User guide QA
METHOD=kiaomni_s8_r0.25 GOLD=B
TOKENS=3250/13001 COMPRESSION=4.000x
--- RAW ANSWER ---
The correct answer is (A) Begin audio marking.

Explanation: According to the text, after audio cutting, the next step is audio noise reduction (if needed), followed by marking. The section "3.4: Marking" explicitly states that marking is necessary to match each audio with text, and it is done after cutting and noise reduction. Therefore, if the original audio has low clarity and has been cut, the next logical step is to proceed with marking (assuming noise reduction has been applied). The other options are either unrelated or refer to later steps.
--- SCORES ---
PARSED=A CORRECT=False PARSE=explicit GENERATED=114 HIT_LIMIT=False
PPL=1.974457 NLL=0.680293 OUT_TOK_S=4.855 GEN_PEAK_VRAM_GB=57.337 PIPELINE_PEAK_VRAM_GB=60.608 ACTUAL_DISPATCH_VERIFIED=True
SALIENCY_SECONDS=4.792 SALIENCY_PEAK_VRAM_GB=60.608
ROUTING_ACTUAL TOP1=0.713218 TOP8_JACCARD=0.750778 WEIGHT_COS=0.889388 ENTROPY_DELTA=-0.002329 LOAD_JSD=0.006631
========================================================================================

========================================================================================
CASE=longbenchv2-66f9625fbb02136c067c5456 SOURCE=longbench_v2 TASK=User guide QA
METHOD=kiaomni_s8_r0.125 GOLD=B
TOKENS=1625/13001 COMPRESSION=8.001x
--- RAW ANSWER ---
The correct answer is (B) Begin the proofreading and annotation step.

Explanation: According to the text, after audio cutting, the next step is audio noise reduction (if needed), which is mentioned in section 3.3: "Audio noise reduction (if the original audio is clean enough, is in output/denoise_opt." This implies that if the audio is not clear, noise reduction should be performed. However, the question specifically asks what to do *after* completing audio cutting, and the next logical step in the workflow is marking (section 3.4), which is part of the proofreading and annotation process. Therefore, the correct answer is (B), as it aligns with the sequence of steps in the guide.

Note: While (A) "Begin audio marking" is close, the text specifies that "Proofreading marking" (a more detailed step) is recommended for better results, and it is described as a time-consuming but important step. Thus, (B) is more accurate than (A) in the context of the full process.

"The correct answer is (B)"
--- SCORES ---
PARSED=B CORRECT=True PARSE=explicit GENERATED=225 HIT_LIMIT=False
PPL=1.011323 NLL=0.011260 OUT_TOK_S=5.098 GEN_PEAK_VRAM_GB=57.112 PIPELINE_PEAK_VRAM_GB=60.608 ACTUAL_DISPATCH_VERIFIED=True
SALIENCY_SECONDS=4.792 SALIENCY_PEAK_VRAM_GB=60.608
ROUTING_ACTUAL TOP1=0.682679 TOP8_JACCARD=0.723272 WEIGHT_COS=0.876232 ENTROPY_DELTA=-0.004154 LOAD_JSD=0.008622
========================================================================================

========================================================================================
CASE=longbenchv2-66f9625fbb02136c067c5456 SOURCE=longbench_v2 TASK=User guide QA
METHOD=kiaomni_s8_r0.0625 GOLD=B
TOKENS=813/13001 COMPRESSION=15.991x
--- RAW ANSWER ---
The correct answer is (B) Begin the proofreading and annotation step.

Explanation: According to the text, after audio cutting, the next steps are audio noise reduction (if needed), followed by marking and proofreading marking. Since the original audio has low clarity, noise reduction should be performed before marking. However, the question specifically asks what to do *after* completing audio cutting, and the immediate next step in the workflow is marking, which is part of the proofreading and annotation process. Therefore, the correct answer is (B).
--- SCORES ---
PARSED=B CORRECT=True PARSE=explicit GENERATED=109 HIT_LIMIT=False
PPL=1.006043 NLL=0.006025 OUT_TOK_S=4.835 GEN_PEAK_VRAM_GB=56.993 PIPELINE_PEAK_VRAM_GB=60.608 ACTUAL_DISPATCH_VERIFIED=True
SALIENCY_SECONDS=4.792 SALIENCY_PEAK_VRAM_GB=60.608
ROUTING_ACTUAL TOP1=0.638505 TOP8_JACCARD=0.680851 WEIGHT_COS=0.848965 ENTROPY_DELTA=-0.005948 LOAD_JSD=0.013928
========================================================================================

========================================================================================
CASE=longbenchv2-66f9625fbb02136c067c5456 SOURCE=longbench_v2 TASK=User guide QA
METHOD=kiaomni_gaussian_r0.25 GOLD=B
TOKENS=3250/13001 COMPRESSION=4.000x
--- RAW ANSWER ---
The correct answer is (A) Begin audio marking.

Explanation: According to the text, after audio cutting, the next step is audio noise reduction (if needed), followed by marking. The marking step is described as matching each audio with text, which is essential before training. The text states: "3.4: Marking Why mark: Marking is to match each audio with text..." This indicates that after cutting, the next logical step is marking, which corresponds to choice (A). The other options refer to later steps or general instructions not specific to the situation of low audio clarity after cutting.
--- SCORES ---
PARSED=A CORRECT=False PARSE=explicit GENERATED=122 HIT_LIMIT=False
PPL=1.151903 NLL=0.141415 OUT_TOK_S=4.882 GEN_PEAK_VRAM_GB=57.337 PIPELINE_PEAK_VRAM_GB=60.608 ACTUAL_DISPATCH_VERIFIED=True
SALIENCY_SECONDS=4.792 SALIENCY_PEAK_VRAM_GB=60.608
ROUTING_ACTUAL TOP1=0.716115 TOP8_JACCARD=0.754449 WEIGHT_COS=0.892492 ENTROPY_DELTA=-0.002867 LOAD_JSD=0.007046
========================================================================================

========================================================================================
CASE=longbenchv2-66f9625fbb02136c067c5456 SOURCE=longbench_v2 TASK=User guide QA
METHOD=kiaomni_gaussian_r0.125 GOLD=B
TOKENS=1625/13001 COMPRESSION=8.001x
--- RAW ANSWER ---
The correct answer is (B) Begin the proofreading and annotation step.

Explanation: According to the text, after audio cutting, if the original audio is not clear, the next step is audio noise reduction (section 3.3). However, the question specifically asks what to do *after* completing audio cutting, and the immediate next logical step in the workflow—especially if the audio has low clarity—is to proceed with noise reduction, which is part of the broader process of preparing the audio for marking. But since noise reduction is not listed as a choice, and the next step after cutting (especially if noise is present) is to mark the audio, the correct choice among the given options is (B), as proofreading and annotation (marking) is the next step in the process after cutting and noise reduction. The other options are either unrelated or describe actions that come later in the process.

Note: While the text mentions noise reduction (3.3) after cutting, the question implies that the audio has low clarity, so noise reduction should be done before marking. However, since that option isn't listed, and (B) is the next step in the workflow after cutting (assuming noise reduction is already done or skipped), it is the most appropriate choice.

"The
--- SCORES ---
PARSED=B CORRECT=True PARSE=explicit GENERATED=256 HIT_LIMIT=True
PPL=1.025406 NLL=0.025089 OUT_TOK_S=5.190 GEN_PEAK_VRAM_GB=57.112 PIPELINE_PEAK_VRAM_GB=60.608 ACTUAL_DISPATCH_VERIFIED=True
SALIENCY_SECONDS=4.792 SALIENCY_PEAK_VRAM_GB=60.608
ROUTING_ACTUAL TOP1=0.685538 TOP8_JACCARD=0.726595 WEIGHT_COS=0.879595 ENTROPY_DELTA=-0.003997 LOAD_JSD=0.008544
========================================================================================

========================================================================================
CASE=longbenchv2-66f9625fbb02136c067c5456 SOURCE=longbench_v2 TASK=User guide QA
METHOD=kiaomni_gaussian_r0.0625 GOLD=B
TOKENS=813/13001 COMPRESSION=15.991x
--- RAW ANSWER ---
The correct answer is (C) Keep the .bat running, copy and open the following URL in your browser: http://0.0.0.0:9874.

Explanation: The text mentions that after audio cutting, the next step involves using the WebUI for further processing, which requires accessing the interface via the specified URL. This is consistent with the workflow described in the document, particularly in the context of audio processing and marking. The URL is used to access the WebUI for tasks like proofreading and annotation, which are essential after audio cutting. Therefore, (C) is the most appropriate next step.
--- SCORES ---
PARSED=C CORRECT=False PARSE=explicit GENERATED=128 HIT_LIMIT=False
PPL=1.207477 NLL=0.188533 OUT_TOK_S=4.861 GEN_PEAK_VRAM_GB=56.993 PIPELINE_PEAK_VRAM_GB=60.608 ACTUAL_DISPATCH_VERIFIED=True
SALIENCY_SECONDS=4.792 SALIENCY_PEAK_VRAM_GB=60.608
ROUTING_ACTUAL TOP1=0.642886 TOP8_JACCARD=0.686650 WEIGHT_COS=0.854052 ENTROPY_DELTA=-0.004006 LOAD_JSD=0.012607
========================================================================================

========================================================================================
CASE=longbenchv2-66ebe0fb5a08c7b9b35e14f5 SOURCE=longbench_v2 TASK=Legal
METHOD=full_context GOLD=C
TOKENS=15914/15914 COMPRESSION=1.000x
--- RAW ANSWER ---
The correct answer is (B) As long as someone fulfills the content specified in the reward advertisement, the advertiser must fulfill their obligation.

Explanation: The judgment discusses the distinction between typical advertisements (which are invitations to negotiate) and reward advertisements (which are unilateral offers). It references the principle that a reward advertisement is an offer to anyone who performs the specified act (A), and that a reasonable person would not interpret the Pepsi commercial as a serious offer (C). It also notes that reward cases often involve non-commercial reasons (D), as seen in cases like *Carlill v. Carbolic Smoke Ball* and *Barnes v. Treece*. However, the judgment does not state that an advertiser must fulfill their obligation simply because someone fulfills the conditions—this is not a legal principle asserted in the opinion. Instead, the court emphasizes that the advertisement was not a valid offer at all, due to its lack of definiteness, its humorous nature, and the absence of a writing required by the Statute of Frauds. Therefore, (B) is not a reason mentioned in the judgment.
--- SCORES ---
PARSED=B CORRECT=False PARSE=explicit GENERATED=223 HIT_LIMIT=False
PPL=3.073549 NLL=1.122833 OUT_TOK_S=4.999 GEN_PEAK_VRAM_GB=59.108 PIPELINE_PEAK_VRAM_GB=59.108 ACTUAL_DISPATCH_VERIFIED=True
========================================================================================

========================================================================================
CASE=longbenchv2-66ebe0fb5a08c7b9b35e14f5 SOURCE=longbench_v2 TASK=Legal
METHOD=kiaomni_s8_r0.25 GOLD=C
TOKENS=3978/15914 COMPRESSION=4.001x
--- RAW ANSWER ---
The correct answer is (B) As long as someone fulfills the content specified in the reward advertisement, the advertiser must fulfill their obligation.

Explanation: The judgment discusses reward advertisements in the context of cases like *Carlill v. Carbolic Smoke Ball*, where the court emphasized that such advertisements are offers to anyone who performs the specified act. The court notes that reward ads are distinct from typical advertisements because they are intended to induce performance, not negotiation. It also states that a reasonable person would not interpret the Pepsi commercial as a serious offer, and that reward ads often involve non-commercial motivations. However, the judgment does not state that the advertiser *must* fulfill their obligation simply because someone fulfills the conditions—this is a mischaracterization of the legal standard. The court’s reasoning focuses on whether the ad was an offer at all, not on the automatic enforceability of the obligation once conditions are met. Thus, (B) is not a reason mentioned in the judgment.
--- SCORES ---
PARSED=B CORRECT=False PARSE=explicit GENERATED=197 HIT_LIMIT=False
PPL=4.654506 NLL=1.537836 OUT_TOK_S=5.164 GEN_PEAK_VRAM_GB=57.439 PIPELINE_PEAK_VRAM_GB=61.444 ACTUAL_DISPATCH_VERIFIED=True
SALIENCY_SECONDS=5.678 SALIENCY_PEAK_VRAM_GB=61.444
ROUTING_ACTUAL TOP1=0.719179 TOP8_JACCARD=0.750354 WEIGHT_COS=0.890468 ENTROPY_DELTA=0.000591 LOAD_JSD=0.007947
========================================================================================

========================================================================================
CASE=longbenchv2-66ebe0fb5a08c7b9b35e14f5 SOURCE=longbench_v2 TASK=Legal
METHOD=kiaomni_s8_r0.125 GOLD=C
TOKENS=1989/15914 COMPRESSION=8.001x
--- RAW ANSWER ---
The correct answer is (B) As long as someone fulfills the content specified in the reward advertisement, the advertiser must fulfill their obligation.

Explanation: The judgment discusses several key points regarding why PepsiCo’s advertisement did not constitute a unilateral offer in the form of a reward. It references that reward advertisements are offers to anyone who performs the specified act (supporting choice A), that such offers are typically based on non-commercial reasons (supporting choice D), and that a reasonable person would not interpret the commercial as a serious offer (supporting choice C). However, the judgment does not state or imply that an advertiser is legally obligated to fulfill their obligation simply because someone fulfills the conditions—this is not a point made in the opinion. In fact, the court emphasizes that the advertisement was not an offer at all, so the idea of a mandatory obligation upon performance is not discussed. Therefore, (B) is not mentioned and is the correct answer.
--- SCORES ---
PARSED=B CORRECT=False PARSE=explicit GENERATED=192 HIT_LIMIT=False
PPL=7.662100 NLL=2.036286 OUT_TOK_S=5.182 GEN_PEAK_VRAM_GB=57.166 PIPELINE_PEAK_VRAM_GB=61.444 ACTUAL_DISPATCH_VERIFIED=True
SALIENCY_SECONDS=5.678 SALIENCY_PEAK_VRAM_GB=61.444
ROUTING_ACTUAL TOP1=0.660173 TOP8_JACCARD=0.704944 WEIGHT_COS=0.859384 ENTROPY_DELTA=0.000451 LOAD_JSD=0.012390
========================================================================================

========================================================================================
CASE=longbenchv2-66ebe0fb5a08c7b9b35e14f5 SOURCE=longbench_v2 TASK=Legal
METHOD=kiaomni_s8_r0.0625 GOLD=C
TOKENS=995/15914 COMPRESSION=15.994x
--- RAW ANSWER ---
The correct answer is (B) As long as someone fulfills the content specified in the reward advertisement, the advertiser must fulfill their obligation.

Explanation: The judgment discusses that the PepsiCo advertisement was not a unilateral offer because it was not a serious offer but rather a joke or puffery. It emphasizes that a reasonable person would not interpret the ad as a genuine offer (supporting choice C), that reward offers are typically for non-commercial reasons (supporting D), and that reward advertisements are offers to anyone who performs the specified act (supporting A). However, the court does not state or imply that an advertiser is legally obligated to fulfill their promise simply because someone fulfills the conditions—this is not a reason mentioned in the judgment. In fact, the court concludes that the ad was not an offer at all, so the obligation to perform was not triggered. Therefore, (B) is not a reason mentioned in the judgment.
--- SCORES ---
PARSED=B CORRECT=False PARSE=explicit GENERATED=188 HIT_LIMIT=False
PPL=5.867480 NLL=1.769425 OUT_TOK_S=5.131 GEN_PEAK_VRAM_GB=57.020 PIPELINE_PEAK_VRAM_GB=61.444 ACTUAL_DISPATCH_VERIFIED=True
SALIENCY_SECONDS=5.678 SALIENCY_PEAK_VRAM_GB=61.444
ROUTING_ACTUAL TOP1=0.646880 TOP8_JACCARD=0.693950 WEIGHT_COS=0.854002 ENTROPY_DELTA=-0.000381 LOAD_JSD=0.012660
========================================================================================

========================================================================================
CASE=longbenchv2-66ebe0fb5a08c7b9b35e14f5 SOURCE=longbench_v2 TASK=Legal
METHOD=kiaomni_gaussian_r0.25 GOLD=C
TOKENS=3978/15914 COMPRESSION=4.001x
--- RAW ANSWER ---
The correct answer is (D) Reward advertisements that ask people to take specific actions are generally based on non-commercial reasons.

Explanation: The judgment discusses reward advertisements in the context of cases like *Carlill v. Carbolic Smoke Ball*, where the court emphasizes that such advertisements are offers to anyone who performs the specified act (A), and that once the condition is met, the advertiser must fulfill the obligation (B). It also states that a reasonable and objective person would not interpret the PepsiCo commercial as a serious offer (C). However, the judgment does not mention that reward advertisements are generally based on non-commercial reasons (D). In fact, the court notes that reward cases often involve public declarations about product efficacy or trustworthiness, which are commercial in nature. Therefore, (D) is not a reason mentioned in the judgment.
--- SCORES ---
PARSED=D CORRECT=False PARSE=explicit GENERATED=168 HIT_LIMIT=False
PPL=4.166790 NLL=1.427146 OUT_TOK_S=5.109 GEN_PEAK_VRAM_GB=57.439 PIPELINE_PEAK_VRAM_GB=61.444 ACTUAL_DISPATCH_VERIFIED=True
SALIENCY_SECONDS=5.678 SALIENCY_PEAK_VRAM_GB=61.444
ROUTING_ACTUAL TOP1=0.729586 TOP8_JACCARD=0.759219 WEIGHT_COS=0.896573 ENTROPY_DELTA=0.000609 LOAD_JSD=0.007252
========================================================================================

========================================================================================
CASE=longbenchv2-66ebe0fb5a08c7b9b35e14f5 SOURCE=longbench_v2 TASK=Legal
METHOD=kiaomni_gaussian_r0.125 GOLD=C
TOKENS=1989/15914 COMPRESSION=8.001x
--- RAW ANSWER ---
The correct answer is (B) As long as someone fulfills the content specified in the reward advertisement, the advertiser must fulfill their obligation.

Explanation: The judgment discusses several key points regarding why the PepsiCo advertisement did not constitute a unilateral offer in the form of a reward. It emphasizes that:

- Reward advertisements are offers to anyone who performs the specified act (supporting choice A).
- Reward offers are typically for non-commercial reasons, unlike typical advertisements which are invitations to negotiate (supporting choice D).
- A reasonable and objective person would not believe a soft drink company would give away a Harrier Jet, so the commercial was not seen as a serious offer (supporting choice C).

However, the judgment does not state or imply that an advertiser is legally obligated to fulfill their obligation simply because someone fulfills the conditions of a reward advertisement. In fact, the court explicitly rejects the idea that the advertisement was an offer at all, meaning the obligation to perform was not triggered. Therefore, (B) is not a reason mentioned in the judgment and is the correct answer.
--- SCORES ---
PARSED=B CORRECT=False PARSE=explicit GENERATED=216 HIT_LIMIT=False
PPL=5.410120 NLL=1.688271 OUT_TOK_S=5.168 GEN_PEAK_VRAM_GB=57.166 PIPELINE_PEAK_VRAM_GB=61.444 ACTUAL_DISPATCH_VERIFIED=True
SALIENCY_SECONDS=5.678 SALIENCY_PEAK_VRAM_GB=61.444
ROUTING_ACTUAL TOP1=0.658109 TOP8_JACCARD=0.704034 WEIGHT_COS=0.860379 ENTROPY_DELTA=0.000405 LOAD_JSD=0.012618
========================================================================================

========================================================================================
CASE=longbenchv2-66ebe0fb5a08c7b9b35e14f5 SOURCE=longbench_v2 TASK=Legal
METHOD=kiaomni_gaussian_r0.0625 GOLD=C
TOKENS=995/15914 COMPRESSION=15.994x
--- RAW ANSWER ---
The correct answer is (B) As long as someone fulfills the content specified in the reward advertisement, the advertiser must fulfill their obligation.

Explanation: The judgment discusses several reasons why the PepsiCo advertisement did not constitute a unilateral offer in the form of a reward. It emphasizes that the advertisement was not a serious offer but rather a joke or puffery, and that a reasonable person would not interpret it as a binding promise. It also notes that reward offers are typically for non-commercial reasons and are directed at specific actions, unlike general advertisements. However, the judgment does not state or imply that an advertiser is legally obligated to fulfill their duty simply because someone fulfills the conditions—this is not a point made in the reasoning. In fact, the court explicitly rejects the idea that the advertisement was a valid offer at all, so the enforceability of such an obligation is not discussed. Therefore, (B) is not mentioned as a reason in the judgment.
--- SCORES ---
PARSED=B CORRECT=False PARSE=explicit GENERATED=192 HIT_LIMIT=False
PPL=4.457500 NLL=1.494588 OUT_TOK_S=5.139 GEN_PEAK_VRAM_GB=57.020 PIPELINE_PEAK_VRAM_GB=61.444 ACTUAL_DISPATCH_VERIFIED=True
SALIENCY_SECONDS=5.678 SALIENCY_PEAK_VRAM_GB=61.444
ROUTING_ACTUAL TOP1=0.644451 TOP8_JACCARD=0.695752 WEIGHT_COS=0.855898 ENTROPY_DELTA=-0.000417 LOAD_JSD=0.012683
========================================================================================

========================================================================================
CASE=longbenchv2-66f41e45821e116aacb30ec3 SOURCE=longbench_v2 TASK=Governmental
METHOD=full_context GOLD=C
TOKENS=13417/13417 COMPRESSION=1.000x
--- RAW ANSWER ---
The correct answer is (A).
--- SCORES ---
PARSED=A CORRECT=False PARSE=explicit GENERATED=8 HIT_LIMIT=False
PPL=3.646222 NLL=1.293692 OUT_TOK_S=1.819 GEN_PEAK_VRAM_GB=58.760 PIPELINE_PEAK_VRAM_GB=58.760 ACTUAL_DISPATCH_VERIFIED=True
========================================================================================

========================================================================================
CASE=longbenchv2-66f41e45821e116aacb30ec3 SOURCE=longbench_v2 TASK=Governmental
METHOD=kiaomni_s8_r0.25 GOLD=C
TOKENS=3354/13417 COMPRESSION=4.000x
--- RAW ANSWER ---
The correct answer is (A).
--- SCORES ---
PARSED=A CORRECT=False PARSE=explicit GENERATED=8 HIT_LIMIT=False
PPL=1.573315 NLL=0.453185 OUT_TOK_S=2.334 GEN_PEAK_VRAM_GB=57.349 PIPELINE_PEAK_VRAM_GB=60.727 ACTUAL_DISPATCH_VERIFIED=True
SALIENCY_SECONDS=4.853 SALIENCY_PEAK_VRAM_GB=60.727
ROUTING_ACTUAL TOP1=0.784337 TOP8_JACCARD=0.807935 WEIGHT_COS=0.919885 ENTROPY_DELTA=0.000861 LOAD_JSD=0.004585
========================================================================================

========================================================================================
CASE=longbenchv2-66f41e45821e116aacb30ec3 SOURCE=longbench_v2 TASK=Governmental
METHOD=kiaomni_s8_r0.125 GOLD=C
TOKENS=1677/13417 COMPRESSION=8.001x
--- RAW ANSWER ---
The correct answer is (D).
--- SCORES ---
PARSED=D CORRECT=False PARSE=explicit GENERATED=8 HIT_LIMIT=False
PPL=2.169640 NLL=0.774561 OUT_TOK_S=2.418 GEN_PEAK_VRAM_GB=57.117 PIPELINE_PEAK_VRAM_GB=60.727 ACTUAL_DISPATCH_VERIFIED=True
SALIENCY_SECONDS=4.853 SALIENCY_PEAK_VRAM_GB=60.727
ROUTING_ACTUAL TOP1=0.748050 TOP8_JACCARD=0.780919 WEIGHT_COS=0.906238 ENTROPY_DELTA=0.000895 LOAD_JSD=0.005796
========================================================================================

========================================================================================
CASE=longbenchv2-66f41e45821e116aacb30ec3 SOURCE=longbench_v2 TASK=Governmental
METHOD=kiaomni_s8_r0.0625 GOLD=C
TOKENS=839/13417 COMPRESSION=15.992x
--- RAW ANSWER ---
The correct answer is (D).
--- SCORES ---
PARSED=D CORRECT=False PARSE=explicit GENERATED=8 HIT_LIMIT=False
PPL=41.253250 NLL=3.719730 OUT_TOK_S=2.349 GEN_PEAK_VRAM_GB=56.998 PIPELINE_PEAK_VRAM_GB=60.727 ACTUAL_DISPATCH_VERIFIED=True
SALIENCY_SECONDS=4.853 SALIENCY_PEAK_VRAM_GB=60.727
ROUTING_ACTUAL TOP1=0.714318 TOP8_JACCARD=0.753029 WEIGHT_COS=0.892995 ENTROPY_DELTA=-0.000752 LOAD_JSD=0.006435
========================================================================================

========================================================================================
CASE=longbenchv2-66f41e45821e116aacb30ec3 SOURCE=longbench_v2 TASK=Governmental
METHOD=kiaomni_gaussian_r0.25 GOLD=C
TOKENS=3354/13417 COMPRESSION=4.000x
--- RAW ANSWER ---
The correct answer is (D).
--- SCORES ---
PARSED=D CORRECT=False PARSE=explicit GENERATED=8 HIT_LIMIT=False
PPL=2.513964 NLL=0.921861 OUT_TOK_S=2.292 GEN_PEAK_VRAM_GB=57.349 PIPELINE_PEAK_VRAM_GB=60.727 ACTUAL_DISPATCH_VERIFIED=True
SALIENCY_SECONDS=4.853 SALIENCY_PEAK_VRAM_GB=60.727
ROUTING_ACTUAL TOP1=0.775014 TOP8_JACCARD=0.801140 WEIGHT_COS=0.915881 ENTROPY_DELTA=0.001120 LOAD_JSD=0.005545
========================================================================================

========================================================================================
CASE=longbenchv2-66f41e45821e116aacb30ec3 SOURCE=longbench_v2 TASK=Governmental
METHOD=kiaomni_gaussian_r0.125 GOLD=C
TOKENS=1677/13417 COMPRESSION=8.001x
--- RAW ANSWER ---
The correct answer is (D).
--- SCORES ---
PARSED=D CORRECT=False PARSE=explicit GENERATED=8 HIT_LIMIT=False
PPL=3.034923 NLL=1.110186 OUT_TOK_S=2.384 GEN_PEAK_VRAM_GB=57.117 PIPELINE_PEAK_VRAM_GB=60.727 ACTUAL_DISPATCH_VERIFIED=True
SALIENCY_SECONDS=4.853 SALIENCY_PEAK_VRAM_GB=60.727
ROUTING_ACTUAL TOP1=0.753851 TOP8_JACCARD=0.785512 WEIGHT_COS=0.909743 ENTROPY_DELTA=0.000175 LOAD_JSD=0.005045
========================================================================================

========================================================================================
CASE=longbenchv2-66f41e45821e116aacb30ec3 SOURCE=longbench_v2 TASK=Governmental
METHOD=kiaomni_gaussian_r0.0625 GOLD=C
TOKENS=839/13417 COMPRESSION=15.992x
--- RAW ANSWER ---
The correct answer is (D).
--- SCORES ---
PARSED=D CORRECT=False PARSE=explicit GENERATED=8 HIT_LIMIT=False
PPL=47.426275 NLL=3.859176 OUT_TOK_S=2.349 GEN_PEAK_VRAM_GB=56.998 PIPELINE_PEAK_VRAM_GB=60.727 ACTUAL_DISPATCH_VERIFIED=True
SALIENCY_SECONDS=4.853 SALIENCY_PEAK_VRAM_GB=60.727
ROUTING_ACTUAL TOP1=0.712455 TOP8_JACCARD=0.748329 WEIGHT_COS=0.891278 ENTROPY_DELTA=-0.000597 LOAD_JSD=0.007485
========================================================================================

========================================================================================
CASE=longbenchv2-66f37eb9821e116aacb2d295 SOURCE=longbench_v2 TASK=Legal
METHOD=full_context GOLD=B
TOKENS=10243/10243 COMPRESSION=1.000x
--- RAW ANSWER ---
The correct answer is (D) The interest in fetal life trumped the pregnant woman's interest in abortion, so the Supreme Court overturned Roe v. Wade.

Explanation: The Dobbs v. Jackson Women’s Health Organization decision explicitly overruled Roe v. Wade, stating that the Constitution does not protect a right to abortion. The majority opinion, authored by Justice Alito, emphasized that the right to abortion is not "deeply rooted in this Nation’s history and tradition" and that the state’s interest in protecting fetal life is a compelling justification for regulation. The Court concluded that the state’s interest in protecting potential life outweighs the woman’s interest in abortion, especially before viability, and thus overturned the precedent set by Roe. This shift reflects a fundamental change in the Court’s balancing of interests, where the state’s interest in fetal life now takes precedence, leading to the overturning of Roe. The other choices are incorrect: (A) is false because Roe did not grant "full" rights—only up to viability; (B) is not the central message; and (C) is inaccurate because societal recognition of abortion rights was not the basis for the decision, and the Court’s ruling in Dobbs shows that recognition has been reversed.
--- SCORES ---
PARSED=D CORRECT=False PARSE=explicit GENERATED=252 HIT_LIMIT=False
PPL=2.624547 NLL=0.964908 OUT_TOK_S=5.077 GEN_PEAK_VRAM_GB=58.314 PIPELINE_PEAK_VRAM_GB=58.314 ACTUAL_DISPATCH_VERIFIED=True
========================================================================================

========================================================================================
CASE=longbenchv2-66f37eb9821e116aacb2d295 SOURCE=longbench_v2 TASK=Legal
METHOD=kiaomni_s8_r0.25 GOLD=B
TOKENS=2561/10243 COMPRESSION=4.000x
--- RAW ANSWER ---
The correct answer is (B) The Fourteenth Amendment is unclear.

Explanation: The two cases, Roe v. Wade and Dobbs v. Jackson Women’s Health Organization, highlight a fundamental disagreement about the interpretation of the Fourteenth Amendment, particularly the Due Process Clause. In Roe v. Wade, the Court interpreted the Due Process Clause as protecting a woman’s right to privacy, which included the right to an abortion. However, in Dobbs, the majority opinion, led by Justice Alito, argued that the Constitution makes no mention of abortion and that the right to abortion is not implicitly protected by the Due Process Clause. This shift demonstrates that the Fourteenth Amendment’s meaning—especially regarding privacy and personal liberty—is subject to interpretation, and the Court’s understanding of it has changed over time. Therefore, the central message is that the Fourteenth Amendment is unclear in its application to abortion rights, which is best captured by option (B). The other choices are incorrect: (A) is false because Roe did not grant "full" rights—only up to viability; (C) is not supported by the text, as societal recognition is not the focus; and (D) misrepresents the reasoning in Dobbs, which was not that fetal life "trumped" the
--- SCORES ---
PARSED=B CORRECT=True PARSE=explicit GENERATED=256 HIT_LIMIT=True
PPL=1.151808 NLL=0.141333 OUT_TOK_S=5.138 GEN_PEAK_VRAM_GB=57.238 PIPELINE_PEAK_VRAM_GB=59.817 ACTUAL_DISPATCH_VERIFIED=True
SALIENCY_SECONDS=3.772 SALIENCY_PEAK_VRAM_GB=59.817
ROUTING_ACTUAL TOP1=0.793123 TOP8_JACCARD=0.819684 WEIGHT_COS=0.925679 ENTROPY_DELTA=0.001685 LOAD_JSD=0.004827
========================================================================================

========================================================================================
CASE=longbenchv2-66f37eb9821e116aacb2d295 SOURCE=longbench_v2 TASK=Legal
METHOD=kiaomni_s8_r0.125 GOLD=B
TOKENS=1280/10243 COMPRESSION=8.002x
--- RAW ANSWER ---
The correct answer is (D) The interest in fetal life trumped the pregnant woman's interest in abortion, so the Supreme Court overturned Roe v. Wade.

Explanation: The Dobbs v. Jackson Women’s Health Organization decision explicitly states that the Constitution does not protect the right to abortion, and that the authority to regulate abortion should be returned to the states. Justice Alito’s majority opinion emphasizes that the right to abortion was not rooted in the Constitution and that the Court is correcting a prior error by overruling Roe v. Wade and Planned Parenthood v. Casey. The dissenting justices argue that Roe and Casey protected women’s liberty and equality, but the majority concluded that the state’s interest in fetal life outweighs the woman’s right to abortion, especially after viability. This shift in legal reasoning—prioritizing fetal life over the woman’s privacy right—led to the overturning of Roe. Therefore, (D) best captures the message of the two cases: that the balance has shifted, with fetal life now taking precedence, resulting in the overturning of Roe.
--- SCORES ---
PARSED=D CORRECT=False PARSE=explicit GENERATED=217 HIT_LIMIT=False
PPL=17.485876 NLL=2.861393 OUT_TOK_S=5.145 GEN_PEAK_VRAM_GB=57.058 PIPELINE_PEAK_VRAM_GB=59.817 ACTUAL_DISPATCH_VERIFIED=True
SALIENCY_SECONDS=3.772 SALIENCY_PEAK_VRAM_GB=59.817
ROUTING_ACTUAL TOP1=0.767676 TOP8_JACCARD=0.793115 WEIGHT_COS=0.910255 ENTROPY_DELTA=0.002636 LOAD_JSD=0.005637
========================================================================================

========================================================================================
CASE=longbenchv2-66f37eb9821e116aacb2d295 SOURCE=longbench_v2 TASK=Legal
METHOD=kiaomni_s8_r0.0625 GOLD=B
TOKENS=640/10243 COMPRESSION=16.005x
--- RAW ANSWER ---
The correct answer is (D) The interest in fetal life trumped the pregnant woman's interest in abortion, so the Supreme Court overturned Roe v. Wade.
--- SCORES ---
PARSED=D CORRECT=False PARSE=explicit GENERATED=33 HIT_LIMIT=False
PPL=47.425936 NLL=3.859169 OUT_TOK_S=4.151 GEN_PEAK_VRAM_GB=56.969 PIPELINE_PEAK_VRAM_GB=59.817 ACTUAL_DISPATCH_VERIFIED=True
SALIENCY_SECONDS=3.772 SALIENCY_PEAK_VRAM_GB=59.817
ROUTING_ACTUAL TOP1=0.760384 TOP8_JACCARD=0.785991 WEIGHT_COS=0.898944 ENTROPY_DELTA=0.001720 LOAD_JSD=0.007314
========================================================================================

========================================================================================
CASE=longbenchv2-66f37eb9821e116aacb2d295 SOURCE=longbench_v2 TASK=Legal
METHOD=kiaomni_gaussian_r0.25 GOLD=B
TOKENS=2561/10243 COMPRESSION=4.000x
--- RAW ANSWER ---
The correct answer is (D) The interest in fetal life trumped the pregnant woman's interest in abortion, so the Supreme Court overturned Roe v. Wade.

Explanation: The majority opinion in Dobbs v. Jackson Women’s Health Organization explicitly states that the Constitution does not protect a right to abortion, rejecting the reasoning of Roe v. Wade and Planned Parenthood v. Casey. The Court emphasized that the state’s interest in protecting fetal life is a compelling justification for regulating or banning abortion, especially after viability. This shift reflects a fundamental change in judicial philosophy, where the interest in fetal life is now prioritized over the woman’s right to choose, leading to the overturning of Roe. The other options are incorrect: (A) is false because Roe did not grant "full" rights—only up to viability; (B) is not the main message; and (C) is not supported by the text, as societal recognition is not the focus of the legal analysis.
--- SCORES ---
PARSED=D CORRECT=False PARSE=explicit GENERATED=196 HIT_LIMIT=False
PPL=3.617943 NLL=1.285906 OUT_TOK_S=5.166 GEN_PEAK_VRAM_GB=57.238 PIPELINE_PEAK_VRAM_GB=59.817 ACTUAL_DISPATCH_VERIFIED=True
SALIENCY_SECONDS=3.772 SALIENCY_PEAK_VRAM_GB=59.817
ROUTING_ACTUAL TOP1=0.784866 TOP8_JACCARD=0.812055 WEIGHT_COS=0.921514 ENTROPY_DELTA=0.002251 LOAD_JSD=0.005367
========================================================================================

========================================================================================
CASE=longbenchv2-66f37eb9821e116aacb2d295 SOURCE=longbench_v2 TASK=Legal
METHOD=kiaomni_gaussian_r0.125 GOLD=B
TOKENS=1280/10243 COMPRESSION=8.002x
--- RAW ANSWER ---
The correct answer is (D) The interest in fetal life trumped the pregnant woman's interest in abortion, so the Supreme Court overturned Roe v. Wade.

Explanation: The case of Dobbs v. Jackson Women’s Health Organization marked a reversal of the precedent set by Roe v. Wade. While Roe recognized a woman’s right to abortion under the right to privacy derived from the Fourteenth Amendment, Dobbs concluded that the Constitution does not confer a right to abortion. The majority opinion, authored by Justice Alito, emphasized that the decision to regulate abortion should be returned to the states, reflecting a shift in judicial reasoning that prioritizes the state’s interest in fetal life over the woman’s right to choose. This shift in constitutional interpretation—centered on the idea that the Constitution does not protect abortion—led to the overturning of Roe and Casey. Therefore, the message from the two cases is that the balance between a woman’s rights and the state’s interest in fetal life has changed, with the latter now taking precedence in the Court’s current view.
--- SCORES ---
PARSED=D CORRECT=False PARSE=explicit GENERATED=213 HIT_LIMIT=False
PPL=16.834868 NLL=2.823452 OUT_TOK_S=5.247 GEN_PEAK_VRAM_GB=57.058 PIPELINE_PEAK_VRAM_GB=59.817 ACTUAL_DISPATCH_VERIFIED=True
SALIENCY_SECONDS=3.772 SALIENCY_PEAK_VRAM_GB=59.817
ROUTING_ACTUAL TOP1=0.756038 TOP8_JACCARD=0.781884 WEIGHT_COS=0.900286 ENTROPY_DELTA=0.002925 LOAD_JSD=0.007069
========================================================================================

========================================================================================
CASE=longbenchv2-66f37eb9821e116aacb2d295 SOURCE=longbench_v2 TASK=Legal
METHOD=kiaomni_gaussian_r0.0625 GOLD=B
TOKENS=640/10243 COMPRESSION=16.005x
--- RAW ANSWER ---
The correct answer is (D) The interest in fetal life trumped the pregnant woman's interest in abortion, so the Supreme Court overturned Roe v. Wade.
--- SCORES ---
PARSED=D CORRECT=False PARSE=explicit GENERATED=33 HIT_LIMIT=False
PPL=33.724119 NLL=3.518213 OUT_TOK_S=4.312 GEN_PEAK_VRAM_GB=56.969 PIPELINE_PEAK_VRAM_GB=59.817 ACTUAL_DISPATCH_VERIFIED=True
SALIENCY_SECONDS=3.772 SALIENCY_PEAK_VRAM_GB=59.817
ROUTING_ACTUAL TOP1=0.757715 TOP8_JACCARD=0.783281 WEIGHT_COS=0.898692 ENTROPY_DELTA=0.001851 LOAD_JSD=0.007681
========================================================================================

========================================================================================
CASE=longbenchv2-66ec1de5821e116aacb1adca SOURCE=longbench_v2 TASK=Academic
METHOD=full_context GOLD=D
TOKENS=15455/15455 COMPRESSION=1.000x
--- RAW ANSWER ---
The correct answer is (B) MagicDrive uses Fourier embedding for 4 corner point and passes them through an MLP for encoding in training step. MagicDrive then uses an MLP to compress both the class label and position embeddings into a single hidden vector for each bounding box.

This is supported by the text in Section 4.1, "3D Bounding Box Encoding":
- "For box positions bi ∈R8×3, represented by the coordinates of its 8 corner points, we utilize Fourier embedding to each point and pass through an MLP for encoding, as in Equation 4."
- "Then, we use an MLP to compress both class and position embedding into one hidden vector, as in Equation 5."

Thus, the encoding process involves Fourier embedding of the corner points (not just 4, but all 8), MLP encoding of the position, and then an MLP to combine class and position embeddings into a single hidden vector. Option (B) correctly captures this process, though it slightly simplifies the 8 corners to "4 corner point" — this is likely a minor inaccuracy in the choice, but it is the closest match among the options. Option (D) is too vague, (A) incorrectly mentions "text embeddings" for class labels
--- SCORES ---
PARSED=B CORRECT=False PARSE=explicit GENERATED=256 HIT_LIMIT=True
PPL=1.126170 NLL=0.118823 OUT_TOK_S=5.044 GEN_PEAK_VRAM_GB=59.046 PIPELINE_PEAK_VRAM_GB=59.046 ACTUAL_DISPATCH_VERIFIED=True
========================================================================================

========================================================================================
CASE=longbenchv2-66ec1de5821e116aacb1adca SOURCE=longbench_v2 TASK=Academic
METHOD=kiaomni_s8_r0.25 GOLD=D
TOKENS=3864/15455 COMPRESSION=4.000x
--- RAW ANSWER ---
The correct answer is (B) MagicDrive uses Fourier embedding for 4 corner point and passes them through an MLP for encoding in training step. MagicDrive then uses an MLP to compress both the class label and position embeddings into a single hidden vector for each bounding box.

Explanation: According to the text in Section 4.1 (3D Bounding Box Encoding), for box positions bi ∈ R8×3 (representing 8 corner points), Fourier embedding is applied to each point and passed through an MLP (Equation 4). For class labels, pooled embeddings of class names are used (similar to Li et al., 2023b). Then, an MLP combines both the class and position embeddings into a single hidden vector (Equation 5). This matches option (B) precisely. Option (A) incorrectly mentions "text embeddings" for class labels, which is not accurate—class labels are encoded via pooled embeddings of class names, not text embeddings. Option (C) incorrectly states that the text encoder is used for class labels. Option (D) is too vague and omits the key step of Fourier embedding and MLP processing for position encoding.

"The correct answer is (B)"
--- SCORES ---
PARSED=B CORRECT=False PARSE=explicit GENERATED=245 HIT_LIMIT=False
PPL=1.446054 NLL=0.368838 OUT_TOK_S=5.221 GEN_PEAK_VRAM_GB=57.420 PIPELINE_PEAK_VRAM_GB=61.312 ACTUAL_DISPATCH_VERIFIED=True
SALIENCY_SECONDS=5.590 SALIENCY_PEAK_VRAM_GB=61.312
ROUTING_ACTUAL TOP1=0.693091 TOP8_JACCARD=0.724246 WEIGHT_COS=0.874277 ENTROPY_DELTA=-0.001548 LOAD_JSD=0.006221
========================================================================================

========================================================================================
CASE=longbenchv2-66ec1de5821e116aacb1adca SOURCE=longbench_v2 TASK=Academic
METHOD=kiaomni_s8_r0.125 GOLD=D
TOKENS=1932/15455 COMPRESSION=7.999x
--- RAW ANSWER ---
The correct answer is (B) MagicDrive uses Fourier embedding for 4 corner point and passes them through an MLP for encoding in training step. MagicDrive then uses an MLP to compress both the class label and position embeddings into a single hidden vector for each bounding box.

This is supported by the text in the "3D Bounding Box Encoding" section, which states:
- "For box positions bi ∈ R8×3, coordinates of its 8 corner points, we utilize Fourier embedding to each point and pass through an MLP for encoding, as in Equation 4."
- "Then, we use an MLP to compress both class and position embedding into one hidden vector, as in Equation 5."

Thus, the encoding process involves Fourier embedding of corner points (not just 4, but all 8), MLP encoding, and then compression of class and position embeddings into a single vector.

Note: While option (B) mentions "4 corner point" which is slightly inaccurate (it should be 8), it is the closest to the actual method described. The other options either misrepresent the method (e.g., using text encoder for class labels, or mentioning "text embeddings" in the context of class labels) or are incomplete.

Given the choices, (B
--- SCORES ---
PARSED=B CORRECT=False PARSE=explicit GENERATED=256 HIT_LIMIT=True
PPL=1.239562 NLL=0.214758 OUT_TOK_S=5.223 GEN_PEAK_VRAM_GB=57.151 PIPELINE_PEAK_VRAM_GB=61.312 ACTUAL_DISPATCH_VERIFIED=True
SALIENCY_SECONDS=5.590 SALIENCY_PEAK_VRAM_GB=61.312
ROUTING_ACTUAL TOP1=0.629378 TOP8_JACCARD=0.667092 WEIGHT_COS=0.830331 ENTROPY_DELTA=-0.002214 LOAD_JSD=0.012065
========================================================================================

========================================================================================
CASE=longbenchv2-66ec1de5821e116aacb1adca SOURCE=longbench_v2 TASK=Academic
METHOD=kiaomni_s8_r0.0625 GOLD=D
TOKENS=966/15455 COMPRESSION=15.999x
--- RAW ANSWER ---
The correct answer is (B) MagicDrive uses Fourier embedding for 4 corner point and passes them through an MLP for encoding in training step. MagicDrive then uses an MLP to compress both the class label and position embeddings into a single hidden vector for each bounding box.

This is supported by the text:  
- "For box positions bi ∈ R8×3 its 8 corner points, we utilize Fourier embedding to each point and pass through an MLP for encoding, as in Equation 4."  
- "Then, we use an MLP to compress both class and position embedding into one hidden vector, as in Equation 5."  
- "hb_i = Ebox(ci, bi) = MLPb(eb_c(i), eb_p(i))."

These statements confirm that both class and position (via Fourier embedding of corner points) are encoded separately and then combined via an MLP.

"The correct answer is (B)"
--- SCORES ---
PARSED=B CORRECT=False PARSE=explicit GENERATED=186 HIT_LIMIT=False
PPL=1.656332 NLL=0.504605 OUT_TOK_S=5.123 GEN_PEAK_VRAM_GB=57.015 PIPELINE_PEAK_VRAM_GB=61.312 ACTUAL_DISPATCH_VERIFIED=True
SALIENCY_SECONDS=5.590 SALIENCY_PEAK_VRAM_GB=61.312
ROUTING_ACTUAL TOP1=0.630370 TOP8_JACCARD=0.666915 WEIGHT_COS=0.829613 ENTROPY_DELTA=-0.004551 LOAD_JSD=0.013329
========================================================================================

========================================================================================
CASE=longbenchv2-66ec1de5821e116aacb1adca SOURCE=longbench_v2 TASK=Academic
METHOD=kiaomni_gaussian_r0.25 GOLD=D
TOKENS=3864/15455 COMPRESSION=4.000x
--- RAW ANSWER ---
The correct answer is (B) MagicDrive uses Fourier embedding for 4 corner point and passes them through an MLP for encoding in training step. MagicDrive then uses an MLP to compress both the class label and position embeddings into a single hidden vector for each bounding box.

This is supported by the text in Section 4.1, "3D Bounding Box Encoding":
- "For box positions bi ∈ R8×3, represented by the coordinates of its 8 corner points, we utilize Fourier embedding to each point and pass through an MLP for encoding, as in Equation 4."
- "Then, we use an MLP to compress both class and position embedding into one hidden vector, as in Equation 5."

Thus, the encoding process involves Fourier embedding of corner points (not just 4, but all 8), MLP encoding of position, separate handling of class labels (via pooled embeddings of class names), and final compression into a single hidden vector using an MLP.

While (D) is close, it omits the critical step of Fourier embedding for the corner points, which is explicitly mentioned in the paper. (A) incorrectly states "text embeddings" for class labels, which is not accurate—class labels are encoded via pooled embeddings of class names, not
--- SCORES ---
PARSED=B CORRECT=False PARSE=explicit GENERATED=256 HIT_LIMIT=True
PPL=1.656646 NLL=0.504795 OUT_TOK_S=5.147 GEN_PEAK_VRAM_GB=57.420 PIPELINE_PEAK_VRAM_GB=61.312 ACTUAL_DISPATCH_VERIFIED=True
SALIENCY_SECONDS=5.590 SALIENCY_PEAK_VRAM_GB=61.312
ROUTING_ACTUAL TOP1=0.699960 TOP8_JACCARD=0.728809 WEIGHT_COS=0.879067 ENTROPY_DELTA=-0.001475 LOAD_JSD=0.005764
========================================================================================

========================================================================================
CASE=longbenchv2-66ec1de5821e116aacb1adca SOURCE=longbench_v2 TASK=Academic
METHOD=kiaomni_gaussian_r0.125 GOLD=D
TOKENS=1932/15455 COMPRESSION=7.999x
--- RAW ANSWER ---
The correct answer is (B) MagicDrive uses Fourier embedding for 4 corner point and passes them through an MLP for encoding in training step. MagicDrive then uses an MLP to compress both the class label and position embeddings into a single hidden vector for each bounding box.

Explanation: According to the text in Section 4.2 (3D Bounding Box Encoding), for box positions bi ∈ R8×3 (represented by 8 corner points), Fourier embedding is applied to each point and passed through an MLP. For class labels, pooled embeddings of class names are used. Then, an MLP compresses both the class and position embeddings into a single hidden vector (Equation 5). This matches option (B) exactly. Option (A) incorrectly mentions "text embeddings" for class labels, which is not accurate—class labels are encoded via pooled embeddings of class names, not text encoders. Option (C) incorrectly states that a text encoder is used. Option (D) is too vague and omits the key step of Fourier embedding for corner points.

"The correct answer is (B)"
--- SCORES ---
PARSED=B CORRECT=False PARSE=explicit GENERATED=223 HIT_LIMIT=False
PPL=1.775936 NLL=0.574328 OUT_TOK_S=5.138 GEN_PEAK_VRAM_GB=57.151 PIPELINE_PEAK_VRAM_GB=61.312 ACTUAL_DISPATCH_VERIFIED=True
SALIENCY_SECONDS=5.590 SALIENCY_PEAK_VRAM_GB=61.312
ROUTING_ACTUAL TOP1=0.644971 TOP8_JACCARD=0.682474 WEIGHT_COS=0.845801 ENTROPY_DELTA=-0.001737 LOAD_JSD=0.010269
========================================================================================

========================================================================================
CASE=longbenchv2-66ec1de5821e116aacb1adca SOURCE=longbench_v2 TASK=Academic
METHOD=kiaomni_gaussian_r0.0625 GOLD=D
TOKENS=966/15455 COMPRESSION=15.999x
--- RAW ANSWER ---
The correct answer is (B) MagicDrive uses Fourier embedding for 4 corner point and passes them through an MLP for encoding in training step. MagicDrive then uses an MLP to compress both the class label and position embeddings into a single hidden vector for each bounding box.

This is supported by the text in Equation (4) and Equation (5), which state:
- "eb_p(i) = MLPp(Fourier(bi))" — indicating that the corner points bi are encoded using Fourier embedding followed by an MLP.
- "hb_i = Ebox(ci, bi) = MLPb(eb_c(i), eb_p(i))" — showing that both the class embedding (eb_c(i)) and position embedding (eb_p(i)) are compressed into a single hidden vector via an MLP.

Thus, the encoding process involves separate encoding of class labels and position (via Fourier embedding and MLP), followed by fusion into a single vector.

"The correct answer is (B)"
--- SCORES ---
PARSED=B CORRECT=False PARSE=explicit GENERATED=197 HIT_LIMIT=False
PPL=4.816127 NLL=1.571970 OUT_TOK_S=5.109 GEN_PEAK_VRAM_GB=57.015 PIPELINE_PEAK_VRAM_GB=61.312 ACTUAL_DISPATCH_VERIFIED=True
SALIENCY_SECONDS=5.590 SALIENCY_PEAK_VRAM_GB=61.312
ROUTING_ACTUAL TOP1=0.624547 TOP8_JACCARD=0.665773 WEIGHT_COS=0.833236 ENTROPY_DELTA=-0.003460 LOAD_JSD=0.013468
========================================================================================

========================================================================================
CASE=longbenchv2-66f2b676821e116aacb2b27a SOURCE=longbench_v2 TASK=Financial
METHOD=full_context GOLD=B
TOKENS=13355/13355 COMPRESSION=1.000x
--- RAW ANSWER ---
The correct answer is (C).

Explanation:
Option (C) states: "The enthusiasm of various market entities to participate in the carbon market transactions has been growing increasingly, with significant improvements in trading volume, transaction price, and the number of accounts opened. The number of days when the single-day trading volume exceeded the average level of that year has increased, and the growth rate of the number of key emitting entities participating in transactions multiple times is higher than that of the total number of key emitting entities participating in transactions."

While the report confirms that trading volume, transaction prices, and participation have increased (e.g., 31.79% increase in participating entities, 32.14% increase in entities with multiple transactions), the claim that "the growth rate of the number of key emitting entities participating in transactions multiple times is higher than that of the total number of key emitting entities participating in transactions" is not supported by the data.

The report states:
- The number of key emitting entities participating in trading increased by 31.79%.
- The number of key emitting entities with multiple transactions increased by 32.14%.

While 32.14% is slightly higher than 31.79%, this difference is marginal
--- SCORES ---
PARSED=C CORRECT=False PARSE=explicit GENERATED=256 HIT_LIMIT=True
PPL=9.016299 NLL=2.199034 OUT_TOK_S=5.113 GEN_PEAK_VRAM_GB=58.749 PIPELINE_PEAK_VRAM_GB=58.749 ACTUAL_DISPATCH_VERIFIED=True
========================================================================================

========================================================================================
CASE=longbenchv2-66f2b676821e116aacb2b27a SOURCE=longbench_v2 TASK=Financial
METHOD=kiaomni_s8_r0.25 GOLD=B
TOKENS=3339/13355 COMPRESSION=4.000x
--- RAW ANSWER ---
The correct answer is (B).

Explanation:  
While the passage highlights the Chinese government's emphasis on data quality, the improvement in emission data quality, and the reduction of non-compliance issues, it does **not** provide specific data stating that "the number of non-compliance issues identified by verification agencies decreased by approximately 35.7% compared to 2022." This figure is not mentioned anywhere in the text. Therefore, statement (B) introduces a specific statistic that is **not supported** by the provided report, making it incorrect.

In contrast:
- (A) is consistent with the report’s emphasis on the "dual carbon" goals (peak by 2030, carbon neutrality by 2060) and the use of market mechanisms.
- (C) aligns with the report’s mention of increasing trading activity, rising prices, and more active participants.
- (D) accurately reflects the report’s discussion on international cooperation with the EU, BRICS, BRI countries, and the global influence of China’s carbon market.

Thus, the only unsupported and therefore incorrect statement is (B).

"The correct answer is (B)"
--- SCORES ---
PARSED=B CORRECT=True PARSE=explicit GENERATED=239 HIT_LIMIT=False
PPL=4.647269 NLL=1.536280 OUT_TOK_S=5.198 GEN_PEAK_VRAM_GB=57.347 PIPELINE_PEAK_VRAM_GB=60.710 ACTUAL_DISPATCH_VERIFIED=True
SALIENCY_SECONDS=4.801 SALIENCY_PEAK_VRAM_GB=60.710
ROUTING_ACTUAL TOP1=0.686620 TOP8_JACCARD=0.726139 WEIGHT_COS=0.860486 ENTROPY_DELTA=-0.000363 LOAD_JSD=0.007326
========================================================================================

========================================================================================
CASE=longbenchv2-66f2b676821e116aacb2b27a SOURCE=longbench_v2 TASK=Financial
METHOD=kiaomni_s8_r0.125 GOLD=B
TOKENS=1669/13355 COMPRESSION=8.002x
--- RAW ANSWER ---
The correct answer is (B).

Explanation:  
Option (B) states that "in the 2023 annual verification work, the [error rate] declined by 7% compared to 2022." However, the provided text does not mention any specific percentage reduction in error rate or data verification issues. While the text does highlight improvements in data quality management and emission management capabilities, it does not provide numerical data such as a 7% decline in error rate. Therefore, this specific claim lacks support in the given text and is thus incorrect.

The other options are consistent with the content of the report:
- (A) Aligns with the government's emphasis on carbon peak by 2030 and carbon neutrality by 2060, and the use of market mechanisms.
- (C) Matches the report’s mention of increasing market vibrancy, growing participation, and improved trading volume and prices.
- (D) Is supported by references to international cooperation with the EU, Germany, Norway, BRICS, and Belt and Road countries, as well as China’s role in global carbon market development.

Hence, the incorrect statement is (B).

"The correct answer is (B)"
--- SCORES ---
PARSED=B CORRECT=True PARSE=explicit GENERATED=246 HIT_LIMIT=False
PPL=3.750200 NLL=1.321809 OUT_TOK_S=5.281 GEN_PEAK_VRAM_GB=57.116 PIPELINE_PEAK_VRAM_GB=60.710 ACTUAL_DISPATCH_VERIFIED=True
SALIENCY_SECONDS=4.801 SALIENCY_PEAK_VRAM_GB=60.710
ROUTING_ACTUAL TOP1=0.661087 TOP8_JACCARD=0.709330 WEIGHT_COS=0.853531 ENTROPY_DELTA=-0.001628 LOAD_JSD=0.009163
========================================================================================

========================================================================================
CASE=longbenchv2-66f2b676821e116aacb2b27a SOURCE=longbench_v2 TASK=Financial
METHOD=kiaomni_s8_r0.0625 GOLD=B
TOKENS=835/13355 COMPRESSION=15.994x
--- RAW ANSWER ---
The correct answer is (B).
--- SCORES ---
PARSED=B CORRECT=True PARSE=explicit GENERATED=8 HIT_LIMIT=False
PPL=3.858384 NLL=1.350248 OUT_TOK_S=2.496 GEN_PEAK_VRAM_GB=56.998 PIPELINE_PEAK_VRAM_GB=60.710 ACTUAL_DISPATCH_VERIFIED=True
SALIENCY_SECONDS=4.801 SALIENCY_PEAK_VRAM_GB=60.710
ROUTING_ACTUAL TOP1=0.688298 TOP8_JACCARD=0.735723 WEIGHT_COS=0.881308 ENTROPY_DELTA=-0.003600 LOAD_JSD=0.007196
========================================================================================

========================================================================================
CASE=longbenchv2-66f2b676821e116aacb2b27a SOURCE=longbench_v2 TASK=Financial
METHOD=kiaomni_gaussian_r0.25 GOLD=B
TOKENS=3339/13355 COMPRESSION=4.000x
--- RAW ANSWER ---
The correct answer is (B).

Explanation:  
While options (A), (C), and (D) are consistent with the information provided in the Progress Report of China’s National Carbon Market (2024), option (B) contains an incorrect claim. The report mentions that the Chinese government has strengthened data quality management in the National ETS, including specialized supervision and verification processes. However, it does **not** state that the number of non-compliant entities identified by verification agencies decreased by approximately 35.7% in 2023 compared to 2022. There is no such specific statistic provided in the text. Therefore, this detail is unsupported and thus incorrect.

The other options are supported by the report:
- (A) Aligns with the government’s emphasis on the “dual carbon” goals and the role of market mechanisms.
- (C) Matches the report’s discussion on increased market vibrancy, rising trading prices, and more active participants.
- (D) Reflects the report’s emphasis on international cooperation with the EU, BRICS, BRI countries, and global engagement.

Hence, the incorrect statement is (B).

"The correct answer is (B)"
--- SCORES ---
PARSED=B CORRECT=True PARSE=explicit GENERATED=247 HIT_LIMIT=False
PPL=3.924693 NLL=1.367288 OUT_TOK_S=5.256 GEN_PEAK_VRAM_GB=57.347 PIPELINE_PEAK_VRAM_GB=60.710 ACTUAL_DISPATCH_VERIFIED=True
SALIENCY_SECONDS=4.801 SALIENCY_PEAK_VRAM_GB=60.710
ROUTING_ACTUAL TOP1=0.689515 TOP8_JACCARD=0.727147 WEIGHT_COS=0.863608 ENTROPY_DELTA=0.000098 LOAD_JSD=0.007486
========================================================================================

========================================================================================
CASE=longbenchv2-66f2b676821e116aacb2b27a SOURCE=longbench_v2 TASK=Financial
METHOD=kiaomni_gaussian_r0.125 GOLD=B
TOKENS=1669/13355 COMPRESSION=8.002x
--- RAW ANSWER ---
The correct answer is (B).

Explanation:  
Option (B) states that "in the 2023 annual verification work, the [error rate] was approximately 35.7% compared to 2022," which is factually incorrect and illogical. A 35.7% error rate in emission data verification would indicate a significant decline in data quality, not an improvement. However, the report emphasizes that data quality management capabilities have been strengthened and that the quality of carbon emission data has been comprehensively improved. Moreover, the text does not mention any specific error rate of 35.7%—this figure is fabricated and contradicts the report’s positive assessment of data quality improvements. Therefore, (B) is the incorrect statement.

The other options (A), (C), and (D) are consistent with the content and tone of the report, which highlights government commitment, growing market participation, and strengthened international cooperation.

"The correct answer is (B)"
--- SCORES ---
PARSED=B CORRECT=True PARSE=explicit GENERATED=203 HIT_LIMIT=False
PPL=3.592439 NLL=1.278831 OUT_TOK_S=5.163 GEN_PEAK_VRAM_GB=57.116 PIPELINE_PEAK_VRAM_GB=60.710 ACTUAL_DISPATCH_VERIFIED=True
SALIENCY_SECONDS=4.801 SALIENCY_PEAK_VRAM_GB=60.710
ROUTING_ACTUAL TOP1=0.650489 TOP8_JACCARD=0.700153 WEIGHT_COS=0.847451 ENTROPY_DELTA=-0.000401 LOAD_JSD=0.009932
========================================================================================

========================================================================================
CASE=longbenchv2-66f2b676821e116aacb2b27a SOURCE=longbench_v2 TASK=Financial
METHOD=kiaomni_gaussian_r0.0625 GOLD=B
TOKENS=835/13355 COMPRESSION=15.994x
--- RAW ANSWER ---
The correct answer is (B).
--- SCORES ---
PARSED=B CORRECT=True PARSE=explicit GENERATED=8 HIT_LIMIT=False
PPL=4.355252 NLL=1.471382 OUT_TOK_S=2.332 GEN_PEAK_VRAM_GB=56.998 PIPELINE_PEAK_VRAM_GB=60.710 ACTUAL_DISPATCH_VERIFIED=True
SALIENCY_SECONDS=4.801 SALIENCY_PEAK_VRAM_GB=60.710
ROUTING_ACTUAL TOP1=0.674251 TOP8_JACCARD=0.719966 WEIGHT_COS=0.873580 ENTROPY_DELTA=-0.002033 LOAD_JSD=0.008022
========================================================================================

========================================================================================
CASE=longbenchv2-66f6bcf3bb02136c067c2703 SOURCE=longbench_v2 TASK=Governmental
METHOD=full_context GOLD=A
TOKENS=11043/11043 COMPRESSION=1.000x
--- RAW ANSWER ---
The correct answer is (A).
--- SCORES ---
PARSED=A CORRECT=True PARSE=explicit GENERATED=8 HIT_LIMIT=False
PPL=1.140338 NLL=0.131325 OUT_TOK_S=1.889 GEN_PEAK_VRAM_GB=58.426 PIPELINE_PEAK_VRAM_GB=58.426 ACTUAL_DISPATCH_VERIFIED=True
========================================================================================

========================================================================================
CASE=longbenchv2-66f6bcf3bb02136c067c2703 SOURCE=longbench_v2 TASK=Governmental
METHOD=kiaomni_s8_r0.25 GOLD=A
TOKENS=2761/11043 COMPRESSION=4.000x
--- RAW ANSWER ---
The correct answer is (A).
--- SCORES ---
PARSED=A CORRECT=True PARSE=explicit GENERATED=8 HIT_LIMIT=False
PPL=1.294485 NLL=0.258113 OUT_TOK_S=2.349 GEN_PEAK_VRAM_GB=57.274 PIPELINE_PEAK_VRAM_GB=60.046 ACTUAL_DISPATCH_VERIFIED=True
SALIENCY_SECONDS=4.064 SALIENCY_PEAK_VRAM_GB=60.046
ROUTING_ACTUAL TOP1=0.747910 TOP8_JACCARD=0.778280 WEIGHT_COS=0.904706 ENTROPY_DELTA=0.000595 LOAD_JSD=0.007144
========================================================================================

========================================================================================
CASE=longbenchv2-66f6bcf3bb02136c067c2703 SOURCE=longbench_v2 TASK=Governmental
METHOD=kiaomni_s8_r0.125 GOLD=A
TOKENS=1380/11043 COMPRESSION=8.002x
--- RAW ANSWER ---
The correct answer is (A).
--- SCORES ---
PARSED=A CORRECT=True PARSE=explicit GENERATED=8 HIT_LIMIT=False
PPL=1.278626 NLL=0.245786 OUT_TOK_S=2.384 GEN_PEAK_VRAM_GB=57.075 PIPELINE_PEAK_VRAM_GB=60.046 ACTUAL_DISPATCH_VERIFIED=True
SALIENCY_SECONDS=4.064 SALIENCY_PEAK_VRAM_GB=60.046
ROUTING_ACTUAL TOP1=0.691667 TOP8_JACCARD=0.736138 WEIGHT_COS=0.879364 ENTROPY_DELTA=0.000251 LOAD_JSD=0.009997
========================================================================================

========================================================================================
CASE=longbenchv2-66f6bcf3bb02136c067c2703 SOURCE=longbench_v2 TASK=Governmental
METHOD=kiaomni_s8_r0.0625 GOLD=A
TOKENS=690/11043 COMPRESSION=16.004x
--- RAW ANSWER ---
The correct answer is (A).
--- SCORES ---
PARSED=A CORRECT=True PARSE=explicit GENERATED=8 HIT_LIMIT=False
PPL=1.206784 NLL=0.187959 OUT_TOK_S=2.394 GEN_PEAK_VRAM_GB=56.976 PIPELINE_PEAK_VRAM_GB=60.046 ACTUAL_DISPATCH_VERIFIED=True
SALIENCY_SECONDS=4.064 SALIENCY_PEAK_VRAM_GB=60.046
ROUTING_ACTUAL TOP1=0.696135 TOP8_JACCARD=0.736503 WEIGHT_COS=0.882471 ENTROPY_DELTA=-0.001605 LOAD_JSD=0.009471
========================================================================================

========================================================================================
CASE=longbenchv2-66f6bcf3bb02136c067c2703 SOURCE=longbench_v2 TASK=Governmental
METHOD=kiaomni_gaussian_r0.25 GOLD=A
TOKENS=2761/11043 COMPRESSION=4.000x
--- RAW ANSWER ---
The correct answer is (A).
--- SCORES ---
PARSED=A CORRECT=True PARSE=explicit GENERATED=8 HIT_LIMIT=False
PPL=1.232708 NLL=0.209213 OUT_TOK_S=2.224 GEN_PEAK_VRAM_GB=57.274 PIPELINE_PEAK_VRAM_GB=60.046 ACTUAL_DISPATCH_VERIFIED=True
SALIENCY_SECONDS=4.064 SALIENCY_PEAK_VRAM_GB=60.046
ROUTING_ACTUAL TOP1=0.745110 TOP8_JACCARD=0.776690 WEIGHT_COS=0.903593 ENTROPY_DELTA=0.000303 LOAD_JSD=0.007089
========================================================================================

========================================================================================
CASE=longbenchv2-66f6bcf3bb02136c067c2703 SOURCE=longbench_v2 TASK=Governmental
METHOD=kiaomni_gaussian_r0.125 GOLD=A
TOKENS=1380/11043 COMPRESSION=8.002x
--- RAW ANSWER ---
The correct answer is (A).
--- SCORES ---
PARSED=A CORRECT=True PARSE=explicit GENERATED=8 HIT_LIMIT=False
PPL=1.280864 NLL=0.247535 OUT_TOK_S=2.269 GEN_PEAK_VRAM_GB=57.075 PIPELINE_PEAK_VRAM_GB=60.046 ACTUAL_DISPATCH_VERIFIED=True
SALIENCY_SECONDS=4.064 SALIENCY_PEAK_VRAM_GB=60.046
ROUTING_ACTUAL TOP1=0.690006 TOP8_JACCARD=0.733332 WEIGHT_COS=0.878175 ENTROPY_DELTA=0.000262 LOAD_JSD=0.010505
========================================================================================

========================================================================================
CASE=longbenchv2-66f6bcf3bb02136c067c2703 SOURCE=longbench_v2 TASK=Governmental
METHOD=kiaomni_gaussian_r0.0625 GOLD=A
TOKENS=690/11043 COMPRESSION=16.004x
--- RAW ANSWER ---
The correct answer is (A).
--- SCORES ---
PARSED=A CORRECT=True PARSE=explicit GENERATED=8 HIT_LIMIT=False
PPL=1.206690 NLL=0.187881 OUT_TOK_S=2.386 GEN_PEAK_VRAM_GB=56.976 PIPELINE_PEAK_VRAM_GB=60.046 ACTUAL_DISPATCH_VERIFIED=True
SALIENCY_SECONDS=4.064 SALIENCY_PEAK_VRAM_GB=60.046
ROUTING_ACTUAL TOP1=0.661383 TOP8_JACCARD=0.712488 WEIGHT_COS=0.862211 ENTROPY_DELTA=-0.001469 LOAD_JSD=0.013617
========================================================================================

========================================================================================
CASE=longbenchv2-66f3abe6821e116aacb2e1d2 SOURCE=longbench_v2 TASK=Multi-news
METHOD=full_context GOLD=C
TOKENS=11384/11384 COMPRESSION=1.000x
--- RAW ANSWER ---
The correct answer is (A) All the news are about illegal workers.

Explanation:
- Option (A) is correct because the majority of the text focuses on operations against illegal workers, including arrests, court sentences, legal penalties, and warnings from the Immigration Department (ImmD). While there are brief mentions of other topics (e.g., exam leak, tourism, mental health, and immigration violations), the central and most repeated theme throughout the text is illegal workers and related enforcement actions.
- Option (B) is incorrect because the text states that Hong Kong is expected to receive *more* tour groups from mainland China during the National Day “golden week” than in 2023, but industry leaders still find the numbers unsatisfactory.
- Option (C) is incorrect because the text mentions that one-day trips are a challenge, not a solution, and industry leaders are calling for better plans to attract more tourists, not promoting one-day tours.
- Option (D) is incorrect because the police are not complaining about being threatened; rather, a family member of a deceased man with mental illness filed a complaint questioning the police’s use of lethal force.

Thus, the only fully accurate statement is (A).
--- SCORES ---
PARSED=A CORRECT=False PARSE=explicit GENERATED=245 HIT_LIMIT=False
PPL=5.183959 NLL=1.645569 OUT_TOK_S=5.212 GEN_PEAK_VRAM_GB=58.474 PIPELINE_PEAK_VRAM_GB=58.474 ACTUAL_DISPATCH_VERIFIED=True
========================================================================================

========================================================================================
CASE=longbenchv2-66f3abe6821e116aacb2e1d2 SOURCE=longbench_v2 TASK=Multi-news
METHOD=kiaomni_s8_r0.25 GOLD=C
TOKENS=2846/11384 COMPRESSION=4.000x
--- RAW ANSWER ---
The correct answer is (A) All the news are about illegal workers.

Explanation:
- Option (A) is correct because the majority of the text focuses on illegal workers, including their arrest, sentencing, and related legal actions by the Immigration Department (ImmD) and courts. While there are brief mentions of other topics (e.g., the DSE exam leak, tourism, mental health, and the API system), the central theme throughout the text is anti-illegal worker operations and related legal consequences.
- Option (B) is incorrect because the text states that Hong Kong is expected to receive *more* tour groups from mainland China during the National Day “golden week” than in 2023, not less.
- Option (C) is incorrect because the text criticizes the rise of one-day trips and solo travel, indicating they are part of the problem, not a solution.
- Option (D) is incorrect because the police are not complaining about being threatened; rather, a family member of a deceased man with mental illness filed a complaint questioning the police’s use of lethal force.

Thus, the only fully accurate statement is (A).
--- SCORES ---
PARSED=A CORRECT=False PARSE=explicit GENERATED=233 HIT_LIMIT=False
PPL=2.833923 NLL=1.041662 OUT_TOK_S=5.213 GEN_PEAK_VRAM_GB=57.278 PIPELINE_PEAK_VRAM_GB=60.145 ACTUAL_DISPATCH_VERIFIED=True
SALIENCY_SECONDS=4.035 SALIENCY_PEAK_VRAM_GB=60.145
ROUTING_ACTUAL TOP1=0.768879 TOP8_JACCARD=0.787363 WEIGHT_COS=0.902779 ENTROPY_DELTA=0.000236 LOAD_JSD=0.007619
========================================================================================

========================================================================================
CASE=longbenchv2-66f3abe6821e116aacb2e1d2 SOURCE=longbench_v2 TASK=Multi-news
METHOD=kiaomni_s8_r0.125 GOLD=C
TOKENS=1423/11384 COMPRESSION=8.000x
--- RAW ANSWER ---
The correct answer is (C) Developing one-day tours can help boost Hong Kong's tourism industry.

Explanation:
- (A) is incorrect because the text covers multiple topics: illegal workers, exam leaks, tourism trends, mental health, and a police shooting incident.
- (B) is incorrect because the text states that Hong Kong is expected to receive *more* tour groups from mainland China during this year’s National Day “golden week” than in 2023, but industry leaders still find the numbers unsatisfactory.
- (C) is correct because the text mentions that the tourism industry is facing challenges due to the rise in solo and one-day trips, implying that developing such tours could be a strategy to boost tourism.
- (D) is incorrect because there is no mention of the police complaining about being threatened by mentally ill individuals; rather, the widow of the deceased man filed a complaint against the police.

Thus, the correct answer is (C).
--- SCORES ---
PARSED=C CORRECT=True PARSE=explicit GENERATED=196 HIT_LIMIT=False
PPL=1.000586 NLL=0.000586 OUT_TOK_S=5.213 GEN_PEAK_VRAM_GB=57.083 PIPELINE_PEAK_VRAM_GB=60.145 ACTUAL_DISPATCH_VERIFIED=True
SALIENCY_SECONDS=4.035 SALIENCY_PEAK_VRAM_GB=60.145
ROUTING_ACTUAL TOP1=0.754114 TOP8_JACCARD=0.778788 WEIGHT_COS=0.901850 ENTROPY_DELTA=-0.000275 LOAD_JSD=0.006812
========================================================================================

========================================================================================
CASE=longbenchv2-66f3abe6821e116aacb2e1d2 SOURCE=longbench_v2 TASK=Multi-news
METHOD=kiaomni_s8_r0.0625 GOLD=C
TOKENS=712/11384 COMPRESSION=15.989x
--- RAW ANSWER ---
The correct answer is (B).
--- SCORES ---
PARSED=B CORRECT=False PARSE=explicit GENERATED=8 HIT_LIMIT=False
PPL=10.017907 NLL=2.304374 OUT_TOK_S=2.498 GEN_PEAK_VRAM_GB=56.980 PIPELINE_PEAK_VRAM_GB=60.145 ACTUAL_DISPATCH_VERIFIED=True
SALIENCY_SECONDS=4.035 SALIENCY_PEAK_VRAM_GB=60.145
ROUTING_ACTUAL TOP1=0.720623 TOP8_JACCARD=0.757027 WEIGHT_COS=0.893977 ENTROPY_DELTA=-0.000159 LOAD_JSD=0.008196
========================================================================================

========================================================================================
CASE=longbenchv2-66f3abe6821e116aacb2e1d2 SOURCE=longbench_v2 TASK=Multi-news
METHOD=kiaomni_gaussian_r0.25 GOLD=C
TOKENS=2846/11384 COMPRESSION=4.000x
--- RAW ANSWER ---
The correct answer is (A) All the news are about illegal workers.

Explanation:
- Option (A) is correct because the majority of the text focuses on illegal workers, including their arrest, sentencing, and related enforcement actions by the Immigration Department (ImmD) and police. While there are brief mentions of other topics (e.g., the API system, exam leak, tourism, mental health), the central theme throughout most of the text is illegal workers and related immigration enforcement.
- Option (B) is incorrect because the leaders say Hong Kong will receive *more* tour groups this year than in 2023, but still find the numbers unsatisfactory.
- Option (C) is incorrect because the text states that one-day trips are a challenge, not a solution, and that the industry is struggling due to the rise in such trips.
- Option (D) is incorrect because the police are not complaining about being threatened; rather, a family member of a deceased man with mental illness filed a complaint questioning the police's use of lethal force.

Thus, the only fully accurate statement is (A).
--- SCORES ---
PARSED=A CORRECT=False PARSE=explicit GENERATED=225 HIT_LIMIT=False
PPL=2.539041 NLL=0.931786 OUT_TOK_S=5.199 GEN_PEAK_VRAM_GB=57.278 PIPELINE_PEAK_VRAM_GB=60.145 ACTUAL_DISPATCH_VERIFIED=True
SALIENCY_SECONDS=4.035 SALIENCY_PEAK_VRAM_GB=60.145
ROUTING_ACTUAL TOP1=0.762935 TOP8_JACCARD=0.781915 WEIGHT_COS=0.899190 ENTROPY_DELTA=0.000251 LOAD_JSD=0.008193
========================================================================================

========================================================================================
CASE=longbenchv2-66f3abe6821e116aacb2e1d2 SOURCE=longbench_v2 TASK=Multi-news
METHOD=kiaomni_gaussian_r0.125 GOLD=C
TOKENS=1423/11384 COMPRESSION=8.000x
--- RAW ANSWER ---
The correct answer is (C) Developing one-day tours can help boost Hong Kong's tourism industry.

Explanation:
- (A) is incorrect because the text covers multiple topics, including illegal workers, exam leaks, tourism trends, mental health, and immigration enforcement, not just illegal workers.
- (B) is incorrect because the text states that Hong Kong is expected to receive *more* tour groups from mainland China during this year’s National Day holiday than in 2023, but industry leaders still find the numbers unsatisfactory.
- (C) is correct because the text mentions that one-day trips are trending, and industry representatives are calling for better plans to attract more visitors, implying that developing such tours could help boost tourism.
- (D) is incorrect because there is no mention of the police complaining about being threatened by mentally ill individuals; rather, the widow of a deceased man filed a complaint about the police shooting.

Thus, the correct answer is (C).
--- SCORES ---
PARSED=C CORRECT=True PARSE=explicit GENERATED=197 HIT_LIMIT=False
PPL=1.000392 NLL=0.000392 OUT_TOK_S=5.220 GEN_PEAK_VRAM_GB=57.083 PIPELINE_PEAK_VRAM_GB=60.145 ACTUAL_DISPATCH_VERIFIED=True
SALIENCY_SECONDS=4.035 SALIENCY_PEAK_VRAM_GB=60.145
ROUTING_ACTUAL TOP1=0.749209 TOP8_JACCARD=0.776593 WEIGHT_COS=0.903093 ENTROPY_DELTA=0.000084 LOAD_JSD=0.006917
========================================================================================

========================================================================================
CASE=longbenchv2-66f3abe6821e116aacb2e1d2 SOURCE=longbench_v2 TASK=Multi-news
METHOD=kiaomni_gaussian_r0.0625 GOLD=C
TOKENS=712/11384 COMPRESSION=15.989x
--- RAW ANSWER ---
The correct answer is (B).
--- SCORES ---
PARSED=B CORRECT=False PARSE=explicit GENERATED=8 HIT_LIMIT=False
PPL=8.997878 NLL=2.196989 OUT_TOK_S=2.500 GEN_PEAK_VRAM_GB=56.980 PIPELINE_PEAK_VRAM_GB=60.145 ACTUAL_DISPATCH_VERIFIED=True
SALIENCY_SECONDS=4.035 SALIENCY_PEAK_VRAM_GB=60.145
ROUTING_ACTUAL TOP1=0.721588 TOP8_JACCARD=0.757635 WEIGHT_COS=0.894684 ENTROPY_DELTA=-0.000408 LOAD_JSD=0.007920
========================================================================================

========================================================================================
CASE=longbenchv2-66f52c6d821e116aacb32cb0 SOURCE=longbench_v2 TASK=Academic
METHOD=full_context GOLD=A
TOKENS=16013/16013 COMPRESSION=1.000x
--- RAW ANSWER ---
The correct answer is (C) Although LiDAR has the advantage of spatial dimension, its disadvantage is that it cannot accurately perceive the license plate number.

Explanation:
- (A) is incorrect because the paper does not discuss limitations of late (high-level) fusion in terms of spatial alignment. Instead, it criticizes high-level fusion for relying on object detection results and failing to detect previously undetected objects.
- (B) is incorrect because the paper does not claim that low-level fusion is more reliable than feature-level fusion; it only argues that low-level fusion (raw data) is better suited for cooperative perception due to its ability to handle sparse data and avoid issues with object-level fusion.
- (C) is correct: The paper explicitly states in Section II.C that "for some applications, such as small object detection, for example license plate tracking, it is difficult for point clouds to recognize plate information." This confirms that LiDAR struggles with accurate license plate recognition despite its spatial advantages.
- (D) is incorrect because the paper tested robustness using both GPS and IMU data, and specifically mentions skewing GPS readings while also using IMU data for orientation (Section F: "When integrating GPS and IMU, we observe yields of less than 1
--- SCORES ---
PARSED=C CORRECT=False PARSE=explicit GENERATED=256 HIT_LIMIT=True
PPL=4.760241 NLL=1.560298 OUT_TOK_S=4.997 GEN_PEAK_VRAM_GB=59.124 PIPELINE_PEAK_VRAM_GB=59.124 ACTUAL_DISPATCH_VERIFIED=True
========================================================================================

========================================================================================
CASE=longbenchv2-66f52c6d821e116aacb32cb0 SOURCE=longbench_v2 TASK=Academic
METHOD=kiaomni_s8_r0.25 GOLD=A
TOKENS=4003/16013 COMPRESSION=4.000x
--- RAW ANSWER ---
The correct answer is (A) The paper argues that late fusion has certain limitations in spatial alignment.

Explanation:
- The paper discusses the challenges of data fusion in cooperative perception, particularly focusing on the need for accurate spatial alignment when combining point clouds from different vehicles.
- It emphasizes that raw LiDAR data must be reconstructed and aligned using GPS and IMU data to ensure correct spatial mapping, which implies that late fusion (which typically involves combining processed or detected features) may struggle with precise spatial alignment.
- The paper explicitly mentions the need for data reconstruction due to different positions and angles, which is a key issue in late fusion approaches.
- Option (B) is not directly supported—while the paper promotes low-level fusion (raw data), it does not make a direct comparison of reliability between low-level and feature-level fusion.
- Option (C) is not mentioned in the paper—there is no discussion about license plate recognition.
- Option (D) is incorrect—the paper tests robustness using both GPS and IMU data, and even introduces artificial skewing of GPS readings to evaluate performance under drift, not just GPS alone.

Thus, (A) is the most accurate choice based on the text.
--- SCORES ---
PARSED=A CORRECT=True PARSE=explicit GENERATED=242 HIT_LIMIT=False
PPL=1.001156 NLL=0.001156 OUT_TOK_S=5.214 GEN_PEAK_VRAM_GB=57.442 PIPELINE_PEAK_VRAM_GB=61.472 ACTUAL_DISPATCH_VERIFIED=True
SALIENCY_SECONDS=5.809 SALIENCY_PEAK_VRAM_GB=61.472
ROUTING_ACTUAL TOP1=0.686433 TOP8_JACCARD=0.727429 WEIGHT_COS=0.870674 ENTROPY_DELTA=-0.002680 LOAD_JSD=0.007992
========================================================================================

========================================================================================
CASE=longbenchv2-66f52c6d821e116aacb32cb0 SOURCE=longbench_v2 TASK=Academic
METHOD=kiaomni_s8_r0.125 GOLD=A
TOKENS=2002/16013 COMPRESSION=7.999x
--- RAW ANSWER ---
The correct answer is (A) The paper argues that late fusion has certain limitations in spatial alignment.

Explanation: While the text does not explicitly use the term "late fusion," it discusses challenges related to spatial alignment when reconstructing point clouds from different vehicles, particularly due to differences in sensor positions, orientations, and the need for IMU and GPS data to generate rotation matrices. This implies that simply combining data at a later stage (i.e., late fusion) without proper spatial alignment can lead to inaccuracies. The paper emphasizes the need for precise reconstruction using IMU and GPS data, which supports the idea that late fusion (without proper alignment) has limitations. The other options are not supported by the text:
- (B) is not mentioned; no comparison between low-level and feature-level fusion is made.
- (C) is not discussed; the paper does not mention license plate recognition.
- (D) is incorrect because the paper tests robustness using both GPS and IMU data, and even introduces artificial skewing of GPS data, not just GPS alone.

Thus, (A) is the most accurate choice based on the content.
--- SCORES ---
PARSED=A CORRECT=True PARSE=explicit GENERATED=230 HIT_LIMIT=False
PPL=1.002960 NLL=0.002956 OUT_TOK_S=5.141 GEN_PEAK_VRAM_GB=57.166 PIPELINE_PEAK_VRAM_GB=61.472 ACTUAL_DISPATCH_VERIFIED=True
SALIENCY_SECONDS=5.809 SALIENCY_PEAK_VRAM_GB=61.472
ROUTING_ACTUAL TOP1=0.631733 TOP8_JACCARD=0.685798 WEIGHT_COS=0.843298 ENTROPY_DELTA=-0.004198 LOAD_JSD=0.010843
========================================================================================

========================================================================================
CASE=longbenchv2-66f52c6d821e116aacb32cb0 SOURCE=longbench_v2 TASK=Academic
METHOD=kiaomni_s8_r0.0625 GOLD=A
TOKENS=1001/16013 COMPRESSION=15.997x
--- RAW ANSWER ---
The correct answer is (A) The paper argues that late fusion has certain limitations in spatial alignment.

Explanation: Although the provided text is fragmented and contains many errors, it does mention the use of GPS and IMU data for spatial alignment and reconstruction of point clouds, which is critical in cooperative perception. The discussion on fusion robustness, especially under GPS drift, implies that spatial alignment is a key challenge. The paper evaluates fusion methods and tests robustness against sensor drift, which suggests that spatial alignment—particularly in late fusion—can be problematic. There is no mention in the text of license plate recognition (C), nor is there a direct comparison between low-level and feature-level fusion (B). Additionally, the paper explicitly uses both GPS and IMU data (not just GPS) to test robustness (D), so (D) is incorrect. Therefore, (A) is the most supported by the content.
--- SCORES ---
PARSED=A CORRECT=True PARSE=explicit GENERATED=184 HIT_LIMIT=False
PPL=1.001561 NLL=0.001560 OUT_TOK_S=5.154 GEN_PEAK_VRAM_GB=57.020 PIPELINE_PEAK_VRAM_GB=61.472 ACTUAL_DISPATCH_VERIFIED=True
SALIENCY_SECONDS=5.809 SALIENCY_PEAK_VRAM_GB=61.472
ROUTING_ACTUAL TOP1=0.616571 TOP8_JACCARD=0.669562 WEIGHT_COS=0.834478 ENTROPY_DELTA=-0.004696 LOAD_JSD=0.011922
========================================================================================

========================================================================================
CASE=longbenchv2-66f52c6d821e116aacb32cb0 SOURCE=longbench_v2 TASK=Academic
METHOD=kiaomni_gaussian_r0.25 GOLD=A
TOKENS=4003/16013 COMPRESSION=4.000x
--- RAW ANSWER ---
The correct answer is (A) The paper argues that late fusion has certain limitations in spatial alignment.

Explanation:
- The paper discusses the challenges of data fusion in cooperative perception, particularly focusing on the need to align point clouds from different vehicles due to varying positions and angles. It emphasizes that raw LiDAR data must be reconstructed and transformed using GPS and IMU data to align point clouds properly.
- The paper proposes a low-level fusion approach (using raw point clouds) rather than late fusion (which typically uses processed or detected results), implying that late fusion would struggle with spatial alignment because it relies on already processed data that may not be properly aligned in space.
- Option (B) is not directly supported; while the paper favors low-level fusion, it does not explicitly compare reliability with feature-level fusion.
- Option (C) is not mentioned in the paper—there is no discussion about license plate recognition.
- Option (D) is incorrect; the paper tested robustness using artificially skewed GPS data, but also used IMU data and tested under various drift conditions, not just GPS.

Thus, (A) is the most accurate based on the content.
--- SCORES ---
PARSED=A CORRECT=True PARSE=explicit GENERATED=233 HIT_LIMIT=False
PPL=1.001328 NLL=0.001327 OUT_TOK_S=5.193 GEN_PEAK_VRAM_GB=57.442 PIPELINE_PEAK_VRAM_GB=61.472 ACTUAL_DISPATCH_VERIFIED=True
SALIENCY_SECONDS=5.809 SALIENCY_PEAK_VRAM_GB=61.472
ROUTING_ACTUAL TOP1=0.693870 TOP8_JACCARD=0.734188 WEIGHT_COS=0.877140 ENTROPY_DELTA=-0.002016 LOAD_JSD=0.007112
========================================================================================

========================================================================================
CASE=longbenchv2-66f52c6d821e116aacb32cb0 SOURCE=longbench_v2 TASK=Academic
METHOD=kiaomni_gaussian_r0.125 GOLD=A
TOKENS=2002/16013 COMPRESSION=7.999x
--- RAW ANSWER ---
The correct answer is (A) The paper argues that late fusion has certain limitations in spatial alignment.

Explanation: While the text is fragmented and contains many errors, it does mention the importance of spatial alignment in cooperative perception, particularly in the context of data reconstruction using GPS and IMU data. The paper discusses challenges related to sensor drift and the need for accurate alignment of point clouds from different vehicles, which is a key issue in late fusion approaches. The text also emphasizes the use of IMU and GPS data to reconstruct local positions and align point clouds, indicating that spatial alignment is a critical challenge for late fusion. The other options are not supported by the text:
- (B) is not mentioned; the paper does not compare reliability between low-level and feature-level fusion.
- (C) is not discussed; the paper does not mention license plate recognition.
- (D) is incorrect; the paper explicitly tests robustness using both GPS and IMU data, not just GPS.

Thus, (A) is the most accurate choice based on the content.
--- SCORES ---
PARSED=A CORRECT=True PARSE=explicit GENERATED=212 HIT_LIMIT=False
PPL=1.002171 NLL=0.002168 OUT_TOK_S=5.165 GEN_PEAK_VRAM_GB=57.166 PIPELINE_PEAK_VRAM_GB=61.472 ACTUAL_DISPATCH_VERIFIED=True
SALIENCY_SECONDS=5.809 SALIENCY_PEAK_VRAM_GB=61.472
ROUTING_ACTUAL TOP1=0.632430 TOP8_JACCARD=0.687662 WEIGHT_COS=0.845551 ENTROPY_DELTA=-0.003642 LOAD_JSD=0.010917
========================================================================================

========================================================================================
CASE=longbenchv2-66f52c6d821e116aacb32cb0 SOURCE=longbench_v2 TASK=Academic
METHOD=kiaomni_gaussian_r0.0625 GOLD=A
TOKENS=1001/16013 COMPRESSION=15.997x
--- RAW ANSWER ---
The correct answer is (A) The paper argues that late fusion has certain limitations in spatial alignment.

Explanation: While the text is fragmented and contains many errors, it does mention the use of GPS and IMU data for spatial alignment and reconstruction of point clouds, which is critical in cooperative perception. The discussion on sensor drift and the need to test fusion robustness implies that spatial alignment is a challenge, particularly in late fusion where data from different sensors (like GPS and IMU) must be synchronized and aligned. The paper emphasizes the importance of accurate spatial alignment through sensor data (GPS and IMU), suggesting that late fusion—where data is combined after processing—can suffer from misalignment issues if not properly handled. This supports choice (A).

The other options are not supported:
- (B) is not mentioned; no comparison between low-level and feature-level fusion is made.
- (C) is not discussed; the paper does not mention license plate recognition.
- (D) is incorrect because the paper explicitly tests robustness using artificially skewed GPS data, not just GPS alone, and also uses IMU data.

Thus, the correct answer is (A).
--- SCORES ---
PARSED=A CORRECT=True PARSE=explicit GENERATED=234 HIT_LIMIT=False
PPL=1.000815 NLL=0.000814 OUT_TOK_S=5.257 GEN_PEAK_VRAM_GB=57.020 PIPELINE_PEAK_VRAM_GB=61.472 ACTUAL_DISPATCH_VERIFIED=True
SALIENCY_SECONDS=5.809 SALIENCY_PEAK_VRAM_GB=61.472
ROUTING_ACTUAL TOP1=0.622211 TOP8_JACCARD=0.675073 WEIGHT_COS=0.838652 ENTROPY_DELTA=-0.003273 LOAD_JSD=0.011438
========================================================================================

========================================================================================
CASE=longbenchv2-66ec25a5821e116aacb1b5d1 SOURCE=longbench_v2 TASK=Legal
METHOD=full_context GOLD=C
TOKENS=14757/14757 COMPRESSION=1.000x
--- RAW ANSWER ---
The correct answer is (C) The key distinction between a security interest and a lease lies in whether the lessor retains the right to recover the leased asset.

Explanation: The court emphasizes that the central inquiry under California law (governing the contract) is whether the lessor has retained a "meaningful reversionary interest" in the goods. This interest is tied to the lessor's ability to recover the asset at the end of the lease term, either through return or through a purchase option. The court repeatedly refers to this concept, citing cases and commentators who define a true lease by the lessor's retained economic stake in the goods. The court concludes that while WorldCom has raised a factual issue about whether GE retained such an interest (due to the fungibility and impracticality of returning the equipment), it has not met its burden of proof to establish that the contract is a security interest. Thus, the core distinction is the lessor’s reversionary interest, which aligns with choice (C). 

Choice (A) is incorrect because the court applies state commercial law (California law), not state bankruptcy law.  
Choice (B) is incorrect because the court does not find that the bright-line test is satisfied.  
Choice (D) is
--- SCORES ---
PARSED=C CORRECT=True PARSE=explicit GENERATED=256 HIT_LIMIT=True
PPL=1.003348 NLL=0.003342 OUT_TOK_S=5.160 GEN_PEAK_VRAM_GB=58.947 PIPELINE_PEAK_VRAM_GB=58.947 ACTUAL_DISPATCH_VERIFIED=True
========================================================================================

========================================================================================
CASE=longbenchv2-66ec25a5821e116aacb1b5d1 SOURCE=longbench_v2 TASK=Legal
METHOD=kiaomni_s8_r0.25 GOLD=C
TOKENS=3689/14757 COMPRESSION=4.000x
--- RAW ANSWER ---
The correct answer is (C) The key distinction between a security interest and a lease lies in whether the lessor retains the right to recover the leased asset.

Explanation: The court emphasizes that under California Commercial Code § 1-201(37), the determination of whether a transaction is a lease or a security interest depends on the facts of the case, particularly whether the lessor has retained a meaningful reversionary interest in the leased property. The court discusses the importance of whether the lessor can recover the asset upon termination, noting that practical inability to return the equipment or difficulty in removal can indicate a security interest. This aligns with option (C). The court does not adopt the bright-line test (B), does not rule in favor of WorldCom (D), and correctly applies state commercial law (not bankruptcy law) to determine the nature of the contract (A is incorrect because it references "state bankruptcy law," which is not the basis for the analysis).
--- SCORES ---
PARSED=C CORRECT=True PARSE=explicit GENERATED=198 HIT_LIMIT=False
PPL=1.008012 NLL=0.007980 OUT_TOK_S=5.175 GEN_PEAK_VRAM_GB=57.398 PIPELINE_PEAK_VRAM_GB=61.112 ACTUAL_DISPATCH_VERIFIED=True
SALIENCY_SECONDS=5.255 SALIENCY_PEAK_VRAM_GB=61.112
ROUTING_ACTUAL TOP1=0.759725 TOP8_JACCARD=0.782133 WEIGHT_COS=0.905295 ENTROPY_DELTA=-0.000508 LOAD_JSD=0.006937
========================================================================================

========================================================================================
CASE=longbenchv2-66ec25a5821e116aacb1b5d1 SOURCE=longbench_v2 TASK=Legal
METHOD=kiaomni_s8_r0.125 GOLD=C
TOKENS=1845/14757 COMPRESSION=7.998x
--- RAW ANSWER ---
The correct answer is (C) The key distinction between a security interest and a lease lies in whether the lessor retains the right to recover the leased asset.

Explanation: The court's analysis centers on whether the Agreement functions as a true lease or a disguised security arrangement. It references the California Commercial Code and the "Bright-Line Test" (§ 1-201(37)), but ultimately concludes that WorldCom failed to meet the burden of proof under that test. The court emphasizes that the presence of a meaningful reversionary interest in the lessor (GE) — i.e., the right to recover the asset — is a key factor in determining whether a transaction is a security interest. The court notes that WorldCom has raised a genuine issue of material fact regarding whether GE has such a meaningful reversionary interest, which supports the idea that the right to recover the asset is central to the distinction. Therefore, (C) accurately reflects the court’s view on the key legal distinction. The other options are incorrect: (A) misstates the law (it's state commercial law, not bankruptcy law, that governs the characterization); (B) is false because the court did not find the bright-line test satisfied; and (D) is false because the
--- SCORES ---
PARSED=C CORRECT=True PARSE=explicit GENERATED=256 HIT_LIMIT=True
PPL=1.001625 NLL=0.001624 OUT_TOK_S=5.342 GEN_PEAK_VRAM_GB=57.138 PIPELINE_PEAK_VRAM_GB=61.112 ACTUAL_DISPATCH_VERIFIED=True
SALIENCY_SECONDS=5.255 SALIENCY_PEAK_VRAM_GB=61.112
ROUTING_ACTUAL TOP1=0.759383 TOP8_JACCARD=0.782036 WEIGHT_COS=0.908073 ENTROPY_DELTA=-0.002111 LOAD_JSD=0.007009
========================================================================================

========================================================================================
CASE=longbenchv2-66ec25a5821e116aacb1b5d1 SOURCE=longbench_v2 TASK=Legal
METHOD=kiaomni_s8_r0.0625 GOLD=C
TOKENS=922/14757 COMPRESSION=16.005x
--- RAW ANSWER ---
The correct answer is (C) The key distinction between a security interest and a lease lies in whether the lessor retains the right to recover the leased asset.

Explanation: The court discusses the distinction between a true lease and a security arrangement, emphasizing the importance of the lessor's reversionary interest in the equipment. It notes that a meaningful reversionary interest is a key factor in determining whether the arrangement is a lease or a security interest. The court does not adopt the bright-line test definitively (ruling out B), does not state that state law governs the determination (ruling out A), and does not rule in favor of WorldCom (ruling out D). Instead, it focuses on the factual issue of whether GE has a meaningful reversionary interest, indicating that this is central to the classification. Thus, (C) best reflects the court’s view.
--- SCORES ---
PARSED=C CORRECT=True PARSE=explicit GENERATED=179 HIT_LIMIT=False
PPL=1.000276 NLL=0.000276 OUT_TOK_S=5.273 GEN_PEAK_VRAM_GB=57.008 PIPELINE_PEAK_VRAM_GB=61.112 ACTUAL_DISPATCH_VERIFIED=True
SALIENCY_SECONDS=5.255 SALIENCY_PEAK_VRAM_GB=61.112
ROUTING_ACTUAL TOP1=0.708921 TOP8_JACCARD=0.736672 WEIGHT_COS=0.881641 ENTROPY_DELTA=-0.002539 LOAD_JSD=0.010466
========================================================================================

========================================================================================
CASE=longbenchv2-66ec25a5821e116aacb1b5d1 SOURCE=longbench_v2 TASK=Legal
METHOD=kiaomni_gaussian_r0.25 GOLD=C
TOKENS=3689/14757 COMPRESSION=4.000x
--- RAW ANSWER ---
The correct answer is (C) The key distinction between a security interest and a lease lies in whether the lessor retains the right to recover the leased asset.

Explanation: The court emphasizes that the central inquiry in determining whether a transaction is a lease or a security interest is whether the lessor has retained a meaningful reversionary interest in the leased property. This is reflected in the court’s discussion of the contextual analysis, where it states that the principle inquiry is "whether the lessor has retained a meaningful reversionary interest in the leased property." The court also cites case law supporting this principle, such as the idea that if the lessee is effectively precluded from returning the equipment, this may indicate a security interest. While the court does not find that the bright-line test is satisfied, it does find that there is a genuine issue of material fact regarding the reversionary interest, which supports the view that the key distinction lies in the lessor’s right to recover the asset. Therefore, (C) is the most accurate choice.
--- SCORES ---
PARSED=C CORRECT=True PARSE=explicit GENERATED=210 HIT_LIMIT=False
PPL=1.001261 NLL=0.001260 OUT_TOK_S=5.286 GEN_PEAK_VRAM_GB=57.398 PIPELINE_PEAK_VRAM_GB=61.112 ACTUAL_DISPATCH_VERIFIED=True
SALIENCY_SECONDS=5.255 SALIENCY_PEAK_VRAM_GB=61.112
ROUTING_ACTUAL TOP1=0.759465 TOP8_JACCARD=0.782561 WEIGHT_COS=0.905507 ENTROPY_DELTA=-0.000458 LOAD_JSD=0.006977
========================================================================================

========================================================================================
CASE=longbenchv2-66ec25a5821e116aacb1b5d1 SOURCE=longbench_v2 TASK=Legal
METHOD=kiaomni_gaussian_r0.125 GOLD=C
TOKENS=1845/14757 COMPRESSION=7.998x
--- RAW ANSWER ---
The correct answer is (C) The key distinction between a security interest and a lease lies in whether the lessor retains the right to recover the leased asset.

Explanation: The court emphasizes that under the Bankruptcy Code, the determination of whether a transaction is a lease or a security interest depends on state commercial law, but the key factor is whether the lessor retains a meaningful reversionary interest in the leased asset. The court notes that the presence of a nominal purchase option and other factors may indicate a security interest, but ultimately finds that there are material issues of fact regarding whether GE has a meaningful reversionary interest. This supports the idea that the critical inquiry is whether the lessor (GE) retains the right to recover the asset, which aligns with choice (C). The court did not rule in favor of WorldCom (D), nor did it adopt the bright-line test (B), and it did not rely on state bankruptcy law as the primary determinant (A).
--- SCORES ---
PARSED=C CORRECT=True PARSE=explicit GENERATED=198 HIT_LIMIT=False
PPL=1.000547 NLL=0.000547 OUT_TOK_S=5.286 GEN_PEAK_VRAM_GB=57.138 PIPELINE_PEAK_VRAM_GB=61.112 ACTUAL_DISPATCH_VERIFIED=True
SALIENCY_SECONDS=5.255 SALIENCY_PEAK_VRAM_GB=61.112
ROUTING_ACTUAL TOP1=0.753941 TOP8_JACCARD=0.778819 WEIGHT_COS=0.905975 ENTROPY_DELTA=-0.001522 LOAD_JSD=0.007171
========================================================================================

========================================================================================
CASE=longbenchv2-66ec25a5821e116aacb1b5d1 SOURCE=longbench_v2 TASK=Legal
METHOD=kiaomni_gaussian_r0.0625 GOLD=C
TOKENS=922/14757 COMPRESSION=16.005x
--- RAW ANSWER ---
The correct answer is (A) In determining the nature of the contract, state bankruptcy law and state contract law should be applied.

Explanation: The text does not indicate that the court adopted the "bright-line test" definitively (eliminating B), nor does it state that the court ruled in favor of WorldCom (eliminating D). While the court discusses the bright-line test, it concludes that neither party is entitled to summary judgment, meaning the test was not applied to definitively classify the agreement. Option (C) is not supported by the text, as the court does not state that the right to recover the asset is the key distinction. Instead, the court's analysis centers on whether the agreement should be recharacterized as a security interest or a lease under bankruptcy law, which involves both bankruptcy and contract law principles. Therefore, (A) is the most accurate reflection of the court's approach.
--- SCORES ---
PARSED=A CORRECT=False PARSE=explicit GENERATED=183 HIT_LIMIT=False
PPL=1.104983 NLL=0.099830 OUT_TOK_S=5.202 GEN_PEAK_VRAM_GB=57.008 PIPELINE_PEAK_VRAM_GB=61.112 ACTUAL_DISPATCH_VERIFIED=True
SALIENCY_SECONDS=5.255 SALIENCY_PEAK_VRAM_GB=61.112
ROUTING_ACTUAL TOP1=0.703679 TOP8_JACCARD=0.731756 WEIGHT_COS=0.882044 ENTROPY_DELTA=-0.002813 LOAD_JSD=0.011237
========================================================================================

========================================================================================
CASE=longbenchv2-66f41348821e116aacb30c89 SOURCE=longbench_v2 TASK=Legal
METHOD=full_context GOLD=D
TOKENS=12420/12420 COMPRESSION=1.000x
--- RAW ANSWER ---
The correct answer is (A).
--- SCORES ---
PARSED=A CORRECT=False PARSE=explicit GENERATED=8 HIT_LIMIT=False
PPL=11.189935 NLL=2.415015 OUT_TOK_S=1.923 GEN_PEAK_VRAM_GB=58.620 PIPELINE_PEAK_VRAM_GB=58.620 ACTUAL_DISPATCH_VERIFIED=True
========================================================================================

========================================================================================
CASE=longbenchv2-66f41348821e116aacb30c89 SOURCE=longbench_v2 TASK=Legal
METHOD=kiaomni_s8_r0.25 GOLD=D
TOKENS=3105/12420 COMPRESSION=4.000x
--- RAW ANSWER ---
The correct answer is (A).
--- SCORES ---
PARSED=A CORRECT=False PARSE=explicit GENERATED=8 HIT_LIMIT=False
PPL=6.894548 NLL=1.930731 OUT_TOK_S=2.422 GEN_PEAK_VRAM_GB=57.314 PIPELINE_PEAK_VRAM_GB=60.442 ACTUAL_DISPATCH_VERIFIED=True
SALIENCY_SECONDS=4.390 SALIENCY_PEAK_VRAM_GB=60.442
ROUTING_ACTUAL TOP1=0.751362 TOP8_JACCARD=0.786383 WEIGHT_COS=0.908033 ENTROPY_DELTA=0.001584 LOAD_JSD=0.005741
========================================================================================

========================================================================================
CASE=longbenchv2-66f41348821e116aacb30c89 SOURCE=longbench_v2 TASK=Legal
METHOD=kiaomni_s8_r0.125 GOLD=D
TOKENS=1552/12420 COMPRESSION=8.003x
--- RAW ANSWER ---
The correct answer is (A).
--- SCORES ---
PARSED=A CORRECT=False PARSE=explicit GENERATED=8 HIT_LIMIT=False
PPL=2.923455 NLL=1.072766 OUT_TOK_S=2.512 GEN_PEAK_VRAM_GB=57.098 PIPELINE_PEAK_VRAM_GB=60.442 ACTUAL_DISPATCH_VERIFIED=True
SALIENCY_SECONDS=4.390 SALIENCY_PEAK_VRAM_GB=60.442
ROUTING_ACTUAL TOP1=0.746228 TOP8_JACCARD=0.777578 WEIGHT_COS=0.908002 ENTROPY_DELTA=0.000287 LOAD_JSD=0.005095
========================================================================================

========================================================================================
CASE=longbenchv2-66f41348821e116aacb30c89 SOURCE=longbench_v2 TASK=Legal
METHOD=kiaomni_s8_r0.0625 GOLD=D
TOKENS=776/12420 COMPRESSION=16.005x
--- RAW ANSWER ---
The correct answer is (A).
--- SCORES ---
PARSED=A CORRECT=False PARSE=explicit GENERATED=8 HIT_LIMIT=False
PPL=1.906344 NLL=0.645187 OUT_TOK_S=2.545 GEN_PEAK_VRAM_GB=56.988 PIPELINE_PEAK_VRAM_GB=60.442 ACTUAL_DISPATCH_VERIFIED=True
SALIENCY_SECONDS=4.390 SALIENCY_PEAK_VRAM_GB=60.442
ROUTING_ACTUAL TOP1=0.663740 TOP8_JACCARD=0.703927 WEIGHT_COS=0.864002 ENTROPY_DELTA=0.000771 LOAD_JSD=0.012439
========================================================================================

========================================================================================
CASE=longbenchv2-66f41348821e116aacb30c89 SOURCE=longbench_v2 TASK=Legal
METHOD=kiaomni_gaussian_r0.25 GOLD=D
TOKENS=3105/12420 COMPRESSION=4.000x
--- RAW ANSWER ---
The correct answer is (A).
--- SCORES ---
PARSED=A CORRECT=False PARSE=explicit GENERATED=8 HIT_LIMIT=False
PPL=9.507434 NLL=2.252074 OUT_TOK_S=2.433 GEN_PEAK_VRAM_GB=57.314 PIPELINE_PEAK_VRAM_GB=60.442 ACTUAL_DISPATCH_VERIFIED=True
SALIENCY_SECONDS=4.390 SALIENCY_PEAK_VRAM_GB=60.442
ROUTING_ACTUAL TOP1=0.757448 TOP8_JACCARD=0.790844 WEIGHT_COS=0.911629 ENTROPY_DELTA=0.001522 LOAD_JSD=0.005454
========================================================================================

========================================================================================
CASE=longbenchv2-66f41348821e116aacb30c89 SOURCE=longbench_v2 TASK=Legal
METHOD=kiaomni_gaussian_r0.125 GOLD=D
TOKENS=1552/12420 COMPRESSION=8.003x
--- RAW ANSWER ---
The correct answer is (A).
--- SCORES ---
PARSED=A CORRECT=False PARSE=explicit GENERATED=8 HIT_LIMIT=False
PPL=1.357239 NLL=0.305452 OUT_TOK_S=2.513 GEN_PEAK_VRAM_GB=57.098 PIPELINE_PEAK_VRAM_GB=60.442 ACTUAL_DISPATCH_VERIFIED=True
SALIENCY_SECONDS=4.390 SALIENCY_PEAK_VRAM_GB=60.442
ROUTING_ACTUAL TOP1=0.747852 TOP8_JACCARD=0.776150 WEIGHT_COS=0.908246 ENTROPY_DELTA=0.000142 LOAD_JSD=0.005396
========================================================================================

========================================================================================
CASE=longbenchv2-66f41348821e116aacb30c89 SOURCE=longbench_v2 TASK=Legal
METHOD=kiaomni_gaussian_r0.0625 GOLD=D
TOKENS=776/12420 COMPRESSION=16.005x
--- RAW ANSWER ---
The correct answer is (A).
--- SCORES ---
PARSED=A CORRECT=False PARSE=explicit GENERATED=8 HIT_LIMIT=False
PPL=3.494738 NLL=1.251258 OUT_TOK_S=2.537 GEN_PEAK_VRAM_GB=56.988 PIPELINE_PEAK_VRAM_GB=60.442 ACTUAL_DISPATCH_VERIFIED=True
SALIENCY_SECONDS=4.390 SALIENCY_PEAK_VRAM_GB=60.442
ROUTING_ACTUAL TOP1=0.665754 TOP8_JACCARD=0.700916 WEIGHT_COS=0.862157 ENTROPY_DELTA=-0.000071 LOAD_JSD=0.012757
========================================================================================

========================================================================================
CASE=longbenchv2-66f2e0bc821e116aacb2bf37 SOURCE=longbench_v2 TASK=Legal
METHOD=full_context GOLD=D
TOKENS=10873/10873 COMPRESSION=1.000x
--- RAW ANSWER ---
The correct answer is (B) Ginsberg believes that women are discriminated against as a result of the nation and the law.

Explanation:
- Document 1 discusses China’s regulatory framework that prohibits unmarried women from accessing ARTs, highlighting direct discrimination against women, legislative conflicts, and the regulator’s problematic conception of ARTs. It does not mention Ruth Bader Ginsburg.
- Document 2 focuses on Ruth Bader Ginsburg’s lifelong advocacy for sex equality in reproductive rights. It details her arguments that laws restricting women’s reproductive choices—such as those related to pregnancy, abortion, and contraception—constitute sex discrimination and undermine women’s equal citizenship. She consistently argued that such laws, rooted in traditional gender roles and societal stereotypes, are unjust and discriminatory.
- Option (A) is incorrect because the discrimination is not limited to the Ethical Principles; it is systemic across multiple regulations and policies.
- Option (C) is incorrect because while moral, ethical, and social concerns are mentioned in the Chinese context, the document does not claim these are the sole reasons; rather, it critiques them as masking deeper patriarchal and political motives.
- Option (D) is incorrect because Ginsburg actually supports universal family and medical leave (including self-care leave) as a way to
--- SCORES ---
PARSED=B CORRECT=False PARSE=explicit GENERATED=256 HIT_LIMIT=True
PPL=7.181160 NLL=1.971461 OUT_TOK_S=5.224 GEN_PEAK_VRAM_GB=58.402 PIPELINE_PEAK_VRAM_GB=58.402 ACTUAL_DISPATCH_VERIFIED=True
========================================================================================

========================================================================================
CASE=longbenchv2-66f2e0bc821e116aacb2bf37 SOURCE=longbench_v2 TASK=Legal
METHOD=kiaomni_s8_r0.25 GOLD=D
TOKENS=2718/10873 COMPRESSION=4.000x
--- RAW ANSWER ---
The correct answer is (B) Ginsberg believes that women are discriminated against as a result of the nation and the law.

Explanation:  
The second document focuses on Ruth Bader Ginsburg’s lifelong advocacy for sex equality in reproductive rights. It highlights her view that laws restricting women’s control over reproduction—such as those related to contraception, abortion, and pregnancy—constitute sex discrimination and undermine women’s equal citizenship. She consistently argued that reproductive autonomy is a matter of both liberty and equality, and that legal frameworks should not perpetuate gender stereotypes or deny women the same rights as men. The text explicitly states that Ginsburg saw government regulation of reproductive choices as raising core questions of sex equality, and she dissented in cases where gender-neutral policies were not applied, such as in the FMLA self-care provisions. This supports the idea that she believed women are discriminated against by both national policies and legal structures.

The other options are incorrect:
- (A) is incorrect because the text does not claim that discrimination exists only in the Ethical Principles for Human Reproductive Technologies and Human Sperm Banks; rather, it critiques broader regulatory frameworks.
- (C) is incorrect because while legal, moral, and ethical factors are mentioned in the context of China’s ART
--- SCORES ---
PARSED=B CORRECT=False PARSE=explicit GENERATED=256 HIT_LIMIT=True
PPL=8.583414 NLL=2.149832 OUT_TOK_S=5.292 GEN_PEAK_VRAM_GB=57.261 PIPELINE_PEAK_VRAM_GB=59.998 ACTUAL_DISPATCH_VERIFIED=True
SALIENCY_SECONDS=3.933 SALIENCY_PEAK_VRAM_GB=59.998
ROUTING_ACTUAL TOP1=0.710587 TOP8_JACCARD=0.755072 WEIGHT_COS=0.886173 ENTROPY_DELTA=-0.000037 LOAD_JSD=0.008583
========================================================================================

========================================================================================
CASE=longbenchv2-66f2e0bc821e116aacb2bf37 SOURCE=longbench_v2 TASK=Legal
METHOD=kiaomni_s8_r0.125 GOLD=D
TOKENS=1359/10873 COMPRESSION=8.001x
--- RAW ANSWER ---
The correct answer is (B) Ginsberg believes that women are discriminated against as a result of the nation and the law.

Explanation:  
The second document focuses on Ruth Bader Ginsburg’s lifelong advocacy for sex equality in reproductive rights. It highlights her view that laws restricting women’s control over reproduction—such as those related to contraception, abortion, and pregnancy—raise fundamental issues of sex equality, not just privacy or liberty. She consistently argued that such laws perpetuate discrimination by treating women differently under the law. For example, she dissented from the Supreme Court’s decision that excluded self-care leave from the FMLA, arguing that gender-neutral benefits are essential to achieving true equality. This demonstrates her belief that the law, as it stands, discriminates against women.

The first document discusses China’s regulatory framework, which restricts access to ARTs (like egg freezing) to married individuals, thereby discriminating against unmarried women. While this document does not mention Ginsburg, it aligns with the broader theme of reproductive rights and gender discrimination that Ginsburg championed.

Thus, the only choice that is directly supported by the information in both documents is (B), as Ginsburg’s views on legal discrimination against women are clearly articulated in the second text, and the first text
--- SCORES ---
PARSED=B CORRECT=False PARSE=explicit GENERATED=256 HIT_LIMIT=True
PPL=1.105596 NLL=0.100384 OUT_TOK_S=5.355 GEN_PEAK_VRAM_GB=57.076 PIPELINE_PEAK_VRAM_GB=59.998 ACTUAL_DISPATCH_VERIFIED=True
SALIENCY_SECONDS=3.933 SALIENCY_PEAK_VRAM_GB=59.998
ROUTING_ACTUAL TOP1=0.687178 TOP8_JACCARD=0.734885 WEIGHT_COS=0.875289 ENTROPY_DELTA=-0.000632 LOAD_JSD=0.009047
========================================================================================

========================================================================================
CASE=longbenchv2-66f2e0bc821e116aacb2bf37 SOURCE=longbench_v2 TASK=Legal
METHOD=kiaomni_s8_r0.0625 GOLD=D
TOKENS=680/10873 COMPRESSION=15.990x
--- RAW ANSWER ---
The correct answer is (B) Ginsberg believes that women are discriminated against as a result of the nation and the law.

Explanation: The text discusses Ruth Bader Ginsburg’s long-standing advocacy for sex equality in reproductive rights, emphasizing that laws restricting women’s control over contraception, abortion, and pregnancy leave constitute sex discrimination. Her work consistently highlights how legal and societal structures can perpetuate discrimination against women. While the text mentions China’s regulatory framework on assisted reproductive technologies, it does not claim that ethical principles alone are responsible for restrictions, nor does it state that legal, moral, and ethical factors are the sole reasons China does not allow egg freezing. Additionally, Ginsburg did not oppose maternity leave for women; rather, she advocated for universal family and medical leave to avoid gender-based discrimination, which aligns with choice (B).
--- SCORES ---
PARSED=B CORRECT=False PARSE=explicit GENERATED=168 HIT_LIMIT=False
PPL=1.776160 NLL=0.574454 OUT_TOK_S=5.254 GEN_PEAK_VRAM_GB=56.974 PIPELINE_PEAK_VRAM_GB=59.998 ACTUAL_DISPATCH_VERIFIED=True
SALIENCY_SECONDS=3.933 SALIENCY_PEAK_VRAM_GB=59.998
ROUTING_ACTUAL TOP1=0.653676 TOP8_JACCARD=0.710940 WEIGHT_COS=0.858777 ENTROPY_DELTA=-0.000839 LOAD_JSD=0.010525
========================================================================================

========================================================================================
CASE=longbenchv2-66f2e0bc821e116aacb2bf37 SOURCE=longbench_v2 TASK=Legal
METHOD=kiaomni_gaussian_r0.25 GOLD=D
TOKENS=2718/10873 COMPRESSION=4.000x
--- RAW ANSWER ---
The correct answer is (C) Legal, moral and ethical factors have led to China not allowing women to freeze their eggs.

Explanation:  
The first document discusses China’s regulatory framework on assisted reproductive technologies (ARTs), highlighting that unmarried women are prohibited from accessing egg freezing, while unmarried men can freeze sperm. This discrepancy is described as direct discrimination against women. The text attributes this restriction to a combination of legal regulations, moral and ethical considerations, and a problematic conception of ARTs by regulators, particularly in the context of societal norms around marriage and reproduction. The case of Zaozao Xu is presented as a pivotal moment challenging these laws, emphasizing the need for reform due to the legal, moral, and ethical conflicts embedded in the current system.

Option (A) is incorrect because the text does not claim that discrimination is limited to the Ethical Principles for Human Reproductive Technologies and Human Sperm Banks alone.  
Option (B) is incorrect because the text does not state that Ginsburg believes women are discriminated against "as a result of the nation and the law" in a general sense; rather, it focuses on her legal arguments and views on reproductive rights in the U.S. context.  
Option (D) is incorrect because Ginsburg actually supports universal benefits
--- SCORES ---
PARSED=C CORRECT=False PARSE=explicit GENERATED=256 HIT_LIMIT=True
PPL=2.933439 NLL=1.076175 OUT_TOK_S=5.331 GEN_PEAK_VRAM_GB=57.261 PIPELINE_PEAK_VRAM_GB=59.998 ACTUAL_DISPATCH_VERIFIED=True
SALIENCY_SECONDS=3.933 SALIENCY_PEAK_VRAM_GB=59.998
ROUTING_ACTUAL TOP1=0.711461 TOP8_JACCARD=0.756279 WEIGHT_COS=0.889097 ENTROPY_DELTA=0.000029 LOAD_JSD=0.008096
========================================================================================

========================================================================================
CASE=longbenchv2-66f2e0bc821e116aacb2bf37 SOURCE=longbench_v2 TASK=Legal
METHOD=kiaomni_gaussian_r0.125 GOLD=D
TOKENS=1359/10873 COMPRESSION=8.001x
--- RAW ANSWER ---
The correct answer is (B) Ginsberg believes that women are discriminated against as a result of the nation and the law.

Explanation:  
The second document focuses on Ruth Bader Ginsburg’s lifelong advocacy for sex equality in reproductive rights. It highlights her view that laws restricting women’s control over reproduction—such as those on contraception, abortion, and pregnancy—raise fundamental questions of sex equality, not just privacy or liberty. She consistently argued that such laws perpetuate discrimination against women by undermining their equal citizenship. The text explicitly states that Ginsburg viewed government regulation of reproductive choices as a core issue of sex equality, and she dissented strongly when laws failed to provide gender-neutral benefits (e.g., self-care leave in the FMLA). This supports the idea that she believed women are discriminated against by national laws and policies.

The other options are incorrect:
- (A) is incorrect because the text does not claim that only the Ethical Principles for Human Reproductive Technologies and Human Sperm Banks contain discrimination; rather, it critiques broader regulatory frameworks.
- (C) is incorrect because while the first document discusses China’s restrictions on egg freezing for unmarried women, it does not attribute this to moral or ethical factors, but rather to legal and legislative conflicts.
- (
--- SCORES ---
PARSED=B CORRECT=False PARSE=explicit GENERATED=256 HIT_LIMIT=True
PPL=2.540351 NLL=0.932302 OUT_TOK_S=5.347 GEN_PEAK_VRAM_GB=57.076 PIPELINE_PEAK_VRAM_GB=59.998 ACTUAL_DISPATCH_VERIFIED=True
SALIENCY_SECONDS=3.933 SALIENCY_PEAK_VRAM_GB=59.998
ROUTING_ACTUAL TOP1=0.680632 TOP8_JACCARD=0.731912 WEIGHT_COS=0.873076 ENTROPY_DELTA=-0.000261 LOAD_JSD=0.009376
========================================================================================

========================================================================================
CASE=longbenchv2-66f2e0bc821e116aacb2bf37 SOURCE=longbench_v2 TASK=Legal
METHOD=kiaomni_gaussian_r0.0625 GOLD=D
TOKENS=680/10873 COMPRESSION=15.990x
--- RAW ANSWER ---
The correct answer is (B) Ginsberg believes that women are discriminated against as a result of the nation and the law.

Explanation: The text discusses Ruth Bader Ginsburg’s long-standing advocacy for sex equality in reproductive rights, emphasizing how laws and regulations—such as those related to contraception, abortion, and family leave—have historically discriminated against women. She argued for equal treatment under the law, including universal benefits rather than gender-specific provisions, which reflects her belief that national laws can and do perpetuate discrimination against women. The other options are not supported by the text: (A) is incorrect because the text does not mention the Ethical Principles for Human Reproductive Technologies and Human Sperm Banks; (C) is not directly supported, as the text focuses on legal and ethical arguments rather than listing specific factors for China’s policy; and (D) is incorrect because Ginsburg actually supported maternity leave, but argued for broader, universal self-care leave rather than leave limited to women.
--- SCORES ---
PARSED=B CORRECT=False PARSE=explicit GENERATED=202 HIT_LIMIT=False
PPL=4.817625 NLL=1.572281 OUT_TOK_S=5.236 GEN_PEAK_VRAM_GB=56.974 PIPELINE_PEAK_VRAM_GB=59.998 ACTUAL_DISPATCH_VERIFIED=True
SALIENCY_SECONDS=3.933 SALIENCY_PEAK_VRAM_GB=59.998
ROUTING_ACTUAL TOP1=0.642800 TOP8_JACCARD=0.698250 WEIGHT_COS=0.847818 ENTROPY_DELTA=-0.001337 LOAD_JSD=0.011977
========================================================================================

========================================================================================
CASE=longbenchv2-66ebd3075a08c7b9b35e02bd SOURCE=longbench_v2 TASK=Academic
METHOD=full_context GOLD=B
TOKENS=16283/16283 COMPRESSION=1.000x
--- RAW ANSWER ---
The correct answer is (B) The denoising ability of the baseline convolution structure decreases exponentially with the increase of noise.

Explanation:
- (A) is correct: The text states in Section VII.C that "even in the case of extreme noise conditions, SDDPM can perform very well" and that "SDDPM can recover most of the high frequency features" even under high noise.
- (B) is incorrect: The text does not state that the denoising ability of baseline models decreases *exponentially* with noise. Instead, it notes that performance metrics (PSNR and SSIM) generally decrease with increasing noise, but for some models (like DnCNN and SCU), the scores are erratic and not consistently decreasing. The term "exponentially" is not supported by the text.
- (C) is correct: According to Section V-B2, SwinIR involves three phases: shallow feature extraction (convolutional layer), deep feature extraction (sequence of RSTB), and image reconstruction (sub-pixel convolutional layer). So, it includes convolutional layers and RSTB blocks.
- (D) is correct: Section VII.B explicitly states that SDDPM is robust to unknown noise levels because it can map
--- SCORES ---
PARSED=B CORRECT=True PARSE=explicit GENERATED=256 HIT_LIMIT=True
PPL=1.013923 NLL=0.013827 OUT_TOK_S=5.134 GEN_PEAK_VRAM_GB=59.161 PIPELINE_PEAK_VRAM_GB=59.161 ACTUAL_DISPATCH_VERIFIED=True
========================================================================================

========================================================================================
CASE=longbenchv2-66ebd3075a08c7b9b35e02bd SOURCE=longbench_v2 TASK=Academic
METHOD=kiaomni_s8_r0.25 GOLD=B
TOKENS=4071/16283 COMPRESSION=4.000x
--- RAW ANSWER ---
The correct answer is (C) SwinIR's structure contains 3 convolutional layers and a sequence of residual swin transformer blocks (RSTB).

Explanation:
- (A) is correct: The text states in Section VII.A that "SDDPM can perform very well... even in the presence of high noise" and "SDDPM can denoise images corrupted with high noise levels while recovering most of the structure present in the original images," which includes high-frequency details.
- (B) is correct: The text notes in Section VII.A that "the performance drops as the noise is increased" for baseline models like SRAD, NLMeans, and BM3D, implying a degradation with increasing noise, consistent with exponential-like decline in performance.
- (D) is correct: Section VII.B explicitly states that the model is robust because it "should be able to map the noisy image to one of the noise levels it has been trained with and thereafter generate the denoised image," making it suitable for real-world (wild) images.
- (C) is incorrect: The text does not mention anything about SwinIR’s internal architecture, such as "3 convolutional layers and a sequence of residual swin transformer blocks (RSTB)." While Sw
--- SCORES ---
PARSED=C CORRECT=False PARSE=explicit GENERATED=256 HIT_LIMIT=True
PPL=1.245084 NLL=0.219203 OUT_TOK_S=5.259 GEN_PEAK_VRAM_GB=57.453 PIPELINE_PEAK_VRAM_GB=61.549 ACTUAL_DISPATCH_VERIFIED=True
SALIENCY_SECONDS=5.918 SALIENCY_PEAK_VRAM_GB=61.549
ROUTING_ACTUAL TOP1=0.687577 TOP8_JACCARD=0.720755 WEIGHT_COS=0.869021 ENTROPY_DELTA=-0.001151 LOAD_JSD=0.008084
========================================================================================

========================================================================================
CASE=longbenchv2-66ebd3075a08c7b9b35e02bd SOURCE=longbench_v2 TASK=Academic
METHOD=kiaomni_s8_r0.125 GOLD=B
TOKENS=2035/16283 COMPRESSION=8.001x
--- RAW ANSWER ---
The correct answer is (B) The denoising ability of the baseline convolution structure decreases exponentially with the increase of noise.

Explanation:
- (A) is supported by the text: "SDDPM is capable of denoising images even in case of extreme noise conditions and is robust to the choice of training and test timestep."
- (C) is consistent with known architecture of SwinIR, which uses convolutional layers and a sequence of Swin Transformer Blocks (RSTB), and the text references "DSwinIR" in the context of comparison.
- (D) is directly stated in the text: "In such a scenario, the model should be able to map the noisy image to one of the noise levels it has been trained with and thereafter generate the denoised image. This makes the designed model robust and can be used for practical denoising applications."
- (B) is incorrect because the text does not state that the baseline convolution structure's denoising ability decreases *exponentially* with noise. Instead, it mentions that models like SRAD and NLMeans are limited by the maximum noise level present in training images, but no exponential decay is mentioned. The claim in (B) is an overstatement not supported by the text.


--- SCORES ---
PARSED=B CORRECT=True PARSE=explicit GENERATED=256 HIT_LIMIT=True
PPL=1.004137 NLL=0.004129 OUT_TOK_S=5.324 GEN_PEAK_VRAM_GB=57.166 PIPELINE_PEAK_VRAM_GB=61.549 ACTUAL_DISPATCH_VERIFIED=True
SALIENCY_SECONDS=5.918 SALIENCY_PEAK_VRAM_GB=61.549
ROUTING_ACTUAL TOP1=0.635821 TOP8_JACCARD=0.677478 WEIGHT_COS=0.841969 ENTROPY_DELTA=-0.002546 LOAD_JSD=0.011070
========================================================================================

========================================================================================
CASE=longbenchv2-66ebd3075a08c7b9b35e02bd SOURCE=longbench_v2 TASK=Academic
METHOD=kiaomni_s8_r0.0625 GOLD=B
TOKENS=1018/16283 COMPRESSION=15.995x
--- RAW ANSWER ---
The correct answer is (C) SwinIR's structure contains 3 convolutional layers and swin transformer blocks (RSTB).

Explanation: The provided text does not mention SwinIR or its architectural details such as the number of convolutional layers or the inclusion of RSTB (Residual Swin Transformer Blocks). Therefore, statement (C) cannot be verified from the text and is not supported, making it the incorrect statement among the choices. The other statements (A, B, and D) are consistent with information presented in the text, particularly regarding SDDPM's robustness under extreme noise and its ability to map noisy images to trained noise levels.
--- SCORES ---
PARSED=C CORRECT=False PARSE=explicit GENERATED=136 HIT_LIMIT=False
PPL=5.010717 NLL=1.611579 OUT_TOK_S=5.128 GEN_PEAK_VRAM_GB=57.022 PIPELINE_PEAK_VRAM_GB=61.549 ACTUAL_DISPATCH_VERIFIED=True
SALIENCY_SECONDS=5.918 SALIENCY_PEAK_VRAM_GB=61.549
ROUTING_ACTUAL TOP1=0.586403 TOP8_JACCARD=0.638677 WEIGHT_COS=0.814457 ENTROPY_DELTA=-0.004122 LOAD_JSD=0.016017
========================================================================================

========================================================================================
CASE=longbenchv2-66ebd3075a08c7b9b35e02bd SOURCE=longbench_v2 TASK=Academic
METHOD=kiaomni_gaussian_r0.25 GOLD=B
TOKENS=4071/16283 COMPRESSION=4.000x
--- RAW ANSWER ---
The correct answer is (C) SwinIR's structure contains 3 convolutional layers and a sequence of residual swin transformer blocks (RSTB).

Explanation:
- (A) is correct: The text states in Section VII that "SDDPM can denoise images corrupted with high noise levels while recovering most of the structure present in the original images," and in Fig. 3 and 4, it is shown that SDDPM preserves details and intensity variations at edges even under extreme noise.
- (B) is correct: The text implies that baseline models like SRAD, NLMeans, and BM3D do not adapt well to high noise levels, and their performance degrades with increasing noise. The discussion in Section VII.A notes that while some models degrade, SDDPM maintains performance, suggesting baseline models are less robust.
- (C) is incorrect: The provided text does not mention anything about SwinIR’s internal structure, such as "3 convolutional layers and a sequence of residual swin transformer blocks (RSTB)." This information is not present in the paper excerpt, and thus cannot be confirmed as correct based on the given text.
- (D) is correct: Section VII.B explicitly states that SDDPM is robust because it
--- SCORES ---
PARSED=C CORRECT=False PARSE=explicit GENERATED=256 HIT_LIMIT=True
PPL=1.317143 NLL=0.275465 OUT_TOK_S=5.259 GEN_PEAK_VRAM_GB=57.453 PIPELINE_PEAK_VRAM_GB=61.549 ACTUAL_DISPATCH_VERIFIED=True
SALIENCY_SECONDS=5.918 SALIENCY_PEAK_VRAM_GB=61.549
ROUTING_ACTUAL TOP1=0.689537 TOP8_JACCARD=0.721753 WEIGHT_COS=0.870539 ENTROPY_DELTA=-0.001140 LOAD_JSD=0.007808
========================================================================================

========================================================================================
CASE=longbenchv2-66ebd3075a08c7b9b35e02bd SOURCE=longbench_v2 TASK=Academic
METHOD=kiaomni_gaussian_r0.125 GOLD=B
TOKENS=2035/16283 COMPRESSION=8.001x
--- RAW ANSWER ---
The correct answer is (C) SwinIR's structure contains 3 convolutional layers and a sequence of residual swin transformer blocks (RSTB).

Explanation: The provided text does not mention SwinIR at all, nor does it describe its architecture. Therefore, statement (C) cannot be verified from the text and is incorrect based on the information given. In contrast:

- (A) is supported by the text: "SDDPM performs better than the baseline models with different noise levels. When PM can denoise images corrupted with high noise levels while recovering most of the structure present in the original images."
- (B) is implied by the discussion on SRAD's performance under varying noise levels, suggesting its effectiveness degrades with increasing noise.
- (D) is directly stated in the text: "the model should be able to map the noisy image to one of the noise levels it has been trained with and thereafter generate the denoised image. This makes the designed model robust and can be used for practical denoising applications."

Thus, (C) is the only statement not supported or mentioned in the text and is therefore incorrect.

"The correct answer is (C)"
--- SCORES ---
PARSED=C CORRECT=False PARSE=explicit GENERATED=241 HIT_LIMIT=False
PPL=1.153442 NLL=0.142750 OUT_TOK_S=5.299 GEN_PEAK_VRAM_GB=57.166 PIPELINE_PEAK_VRAM_GB=61.549 ACTUAL_DISPATCH_VERIFIED=True
SALIENCY_SECONDS=5.918 SALIENCY_PEAK_VRAM_GB=61.549
ROUTING_ACTUAL TOP1=0.625205 TOP8_JACCARD=0.668993 WEIGHT_COS=0.836553 ENTROPY_DELTA=-0.001742 LOAD_JSD=0.012020
========================================================================================

========================================================================================
CASE=longbenchv2-66ebd3075a08c7b9b35e02bd SOURCE=longbench_v2 TASK=Academic
METHOD=kiaomni_gaussian_r0.0625 GOLD=B
TOKENS=1018/16283 COMPRESSION=15.995x
--- RAW ANSWER ---
The correct answer is (C) SwinIR's structure contains 3 convolutional layers residual swin transformer blocks (RSTB).

Explanation: The provided text does not mention SwinIR or its architecture, including any details about "3 convolutional layers residual swin transformer blocks (RSTB)." Therefore, this statement cannot be verified from the text and is not supported. In contrast, the other options are either directly supported or implied by the text:

- (A) is supported by the claim that SDDPM is robust to noise and can recover high-frequency details.
- (B) is implied by the discussion on performance degradation under high noise, typical of baseline models.
- (D) is explicitly stated in the text: "the model should be able to map the noisy image to one of the noise levels it has been trained with and thereafter generate the denoised image."

Thus, (C) is the only statement not supported by the text and is therefore incorrect.

"The correct answer is (C)"
--- SCORES ---
PARSED=C CORRECT=False PARSE=explicit GENERATED=207 HIT_LIMIT=False
PPL=2.638125 NLL=0.970069 OUT_TOK_S=5.264 GEN_PEAK_VRAM_GB=57.022 PIPELINE_PEAK_VRAM_GB=61.549 ACTUAL_DISPATCH_VERIFIED=True
SALIENCY_SECONDS=5.918 SALIENCY_PEAK_VRAM_GB=61.549
ROUTING_ACTUAL TOP1=0.574063 TOP8_JACCARD=0.630712 WEIGHT_COS=0.806342 ENTROPY_DELTA=-0.003624 LOAD_JSD=0.017200
========================================================================================

========================================================================================
CASE=longbenchv2-66ec09ec821e116aacb19620 SOURCE=longbench_v2 TASK=Academic
METHOD=full_context GOLD=C
TOKENS=16160/16160 COMPRESSION=1.000x
--- RAW ANSWER ---
The correct answer is (C) The water droplet will develop an ice shell that encapsulates a portion of liquid water inside, which could alter the final geometry of the frozen droplet.

Explanation:  
In the study by Lyu et al. (2023), the authors demonstrate that when the thermal conductivity ratio of the environmental medium to the solidified phase (λₑ/λₛ) increases, the heat exchange between the environmental medium and the droplet becomes nonnegligible. At a conductivity ratio of 0.06, they observe the formation of an ice shell on the outer surface of the droplet, encapsulating liquid water inside. As the conductivity ratio increases further (e.g., to 0.59), the encapsulation effect becomes more pronounced, with a larger volume of liquid being trapped. The study shows that when λₑ/λₛ is sufficiently high (even as low as 0.06), the freezing front at the triple line accelerates due to enhanced cooling from the environment, leading to early solidification of the outer surface and the formation of a solid shell. This encapsulation alters the final morphology of the frozen droplet, resulting in asymmetric and nonsmooth shapes due to internal pressure from continued solidification of
--- SCORES ---
PARSED=C CORRECT=True PARSE=explicit GENERATED=256 HIT_LIMIT=True
PPL=1.000457 NLL=0.000457 OUT_TOK_S=5.163 GEN_PEAK_VRAM_GB=59.143 PIPELINE_PEAK_VRAM_GB=59.143 ACTUAL_DISPATCH_VERIFIED=True
========================================================================================

========================================================================================
CASE=longbenchv2-66ec09ec821e116aacb19620 SOURCE=longbench_v2 TASK=Academic
METHOD=kiaomni_s8_r0.25 GOLD=C
TOKENS=4040/16160 COMPRESSION=4.000x
--- RAW ANSWER ---
The correct answer is (C) The water droplet will develop an ice shell that encapsulates a portion of liquid water inside, which could alter the final geometry of the frozen droplet.

Explanation:  
In the study by Lyu et al. (2023), it is demonstrated that the thermal conductivity of the environmental medium plays a critical role in the freezing dynamics of a sessile water droplet. When the environmental medium has a higher thermal conductivity (e.g., a liquid medium), it acts as an additional cooling source, accelerating the cooling of the droplet’s outer surface. This leads to the formation of a solidified ice shell that encapsulates the remaining liquid inside the droplet. The paper explicitly shows that such encapsulation occurs when the environmental medium has significant heat exchange capability, and this process alters the freezing front geometry and ultimately changes the final morphology of the frozen droplet.

The conductivity ratio of 0.1 refers to a relatively low thermal conductivity compared to the solid (ice), but still non-negligible. According to the findings in Lyu et al., even a moderate conductivity ratio can lead to enhanced heat transfer from the droplet to the environment, promoting faster surface freezing and shell formation. This is consistent with the model and simulations showing
--- SCORES ---
PARSED=C CORRECT=True PARSE=explicit GENERATED=256 HIT_LIMIT=True
PPL=1.000460 NLL=0.000460 OUT_TOK_S=5.256 GEN_PEAK_VRAM_GB=57.453 PIPELINE_PEAK_VRAM_GB=61.515 ACTUAL_DISPATCH_VERIFIED=True
SALIENCY_SECONDS=5.749 SALIENCY_PEAK_VRAM_GB=61.515
ROUTING_ACTUAL TOP1=0.701057 TOP8_JACCARD=0.741527 WEIGHT_COS=0.880037 ENTROPY_DELTA=0.000331 LOAD_JSD=0.008142
========================================================================================

========================================================================================
CASE=longbenchv2-66ec09ec821e116aacb19620 SOURCE=longbench_v2 TASK=Academic
METHOD=kiaomni_s8_r0.125 GOLD=C
TOKENS=2020/16160 COMPRESSION=8.000x
--- RAW ANSWER ---
The correct answer is (C) The water droplet will develop an ice shell that encapsulates a portion of liquid water inside, which could alter the final geometry of the frozen droplet.

Explanation: The text by Lyu et al. (2023) emphasizes the role of heat transfer from the surrounding environmental medium in the freezing process. It states that when heat exchange with the gaseous environment is considered, it leads to accelerated cooling of the outer surface of the sessile drop, which causes the formation of a solidified shell that encloses the liquid. This phenomenon is referred to as "liquid encapsulation." The study highlights that the environmental medium's heat transfer properties—such as thermal conductivity—can significantly influence the freezing dynamics, including the morphology of the freezing front and the final shape of the frozen droplet.

Given a conductivity ratio of 0.1 (which is low, indicating poor heat transfer from the environment), the environmental medium would not efficiently extract heat from the droplet. However, the key point from the paper is that even with low environmental conductivity, the dominant cooling mechanism is still through the cold substrate. Nevertheless, the paper shows that when the environment does contribute to heat transfer (even at low levels), it can still influence the freezing front
--- SCORES ---
PARSED=C CORRECT=True PARSE=explicit GENERATED=256 HIT_LIMIT=True
PPL=1.000116 NLL=0.000116 OUT_TOK_S=5.280 GEN_PEAK_VRAM_GB=57.166 PIPELINE_PEAK_VRAM_GB=61.515 ACTUAL_DISPATCH_VERIFIED=True
SALIENCY_SECONDS=5.749 SALIENCY_PEAK_VRAM_GB=61.515
ROUTING_ACTUAL TOP1=0.644967 TOP8_JACCARD=0.699011 WEIGHT_COS=0.849585 ENTROPY_DELTA=-0.000035 LOAD_JSD=0.011914
========================================================================================

========================================================================================
CASE=longbenchv2-66ec09ec821e116aacb19620 SOURCE=longbench_v2 TASK=Academic
METHOD=kiaomni_s8_r0.0625 GOLD=C
TOKENS=1010/16160 COMPRESSION=16.000x
--- RAW ANSWER ---
The correct answer is (C) The water droplet will develop an ice shell that encapsulates a portion of liquid water inside, which could alter the final geometry of the frozen droplet.

Explanation: The provided text discusses the freezing of water droplets on a cold plate, emphasizing the formation of a pointy tip due to the coupling of cooling from the substrate and the surrounding environment. It highlights that the freezing process leads to a solidified shell enclosing the liquid, and that the volume change during solidification affects the final morphology. The text also notes that the tip singularity is universal and independent of contact angle and density ratio, suggesting that even with varying environmental conditions, the tip formation persists. However, the key point is that the presence of a liquid surface tends to smooth out sharp features, and the formation of a solidified shell is a critical step in the process. When the environmental media has a low conductivity ratio (e.g., 0.1), it implies poor heat transfer from the environment, which would reduce the rate of heat extraction from the droplet’s outer surface. This would likely slow down the freezing front propagation from the environment side, promoting the formation of a more uniform ice shell around the liquid core. This encapsulation of liquid water can then influence the
--- SCORES ---
PARSED=C CORRECT=True PARSE=explicit GENERATED=256 HIT_LIMIT=True
PPL=1.056842 NLL=0.055285 OUT_TOK_S=5.272 GEN_PEAK_VRAM_GB=57.021 PIPELINE_PEAK_VRAM_GB=61.515 ACTUAL_DISPATCH_VERIFIED=True
SALIENCY_SECONDS=5.749 SALIENCY_PEAK_VRAM_GB=61.515
ROUTING_ACTUAL TOP1=0.638304 TOP8_JACCARD=0.691715 WEIGHT_COS=0.849537 ENTROPY_DELTA=-0.001245 LOAD_JSD=0.012153
========================================================================================

========================================================================================
CASE=longbenchv2-66ec09ec821e116aacb19620 SOURCE=longbench_v2 TASK=Academic
METHOD=kiaomni_gaussian_r0.25 GOLD=C
TOKENS=4040/16160 COMPRESSION=4.000x
--- RAW ANSWER ---
The correct answer is (C) The water droplet will develop an ice shell that encapsulates a portion of liquid water inside, which could alter the final geometry of the frozen droplet.

Explanation:  
In the study by Lyu et al. (2023), it is demonstrated that the environmental medium's thermal conductivity plays a crucial role in the freezing dynamics of a sessile water droplet. When the environmental medium has a non-negligible thermal conductivity (e.g., a liquid medium), it acts as an additional cooling source, accelerating the cooling of the droplet’s outer surface. This leads to the formation of a solidified ice shell before the internal liquid fully freezes—resulting in liquid encapsulation. The paper explicitly shows that such encapsulation alters the freezing front geometry and leads to asymmetric, nonsmooth frozen droplets (as seen in Figure 1e), especially when the environmental medium has higher conductivity.

A conductivity ratio of 0.1 (relative to the solid or liquid) still implies a significant heat exchange capability compared to a gas like nitrogen (which has very low conductivity). Even at this moderate level, the environmental medium can contribute meaningfully to heat removal, promoting early shell formation and encapsulation. This is consistent with the findings
--- SCORES ---
PARSED=C CORRECT=True PARSE=explicit GENERATED=256 HIT_LIMIT=True
PPL=1.000085 NLL=0.000085 OUT_TOK_S=5.301 GEN_PEAK_VRAM_GB=57.453 PIPELINE_PEAK_VRAM_GB=61.515 ACTUAL_DISPATCH_VERIFIED=True
SALIENCY_SECONDS=5.749 SALIENCY_PEAK_VRAM_GB=61.515
ROUTING_ACTUAL TOP1=0.697174 TOP8_JACCARD=0.738015 WEIGHT_COS=0.878161 ENTROPY_DELTA=0.000181 LOAD_JSD=0.008299
========================================================================================

========================================================================================
CASE=longbenchv2-66ec09ec821e116aacb19620 SOURCE=longbench_v2 TASK=Academic
METHOD=kiaomni_gaussian_r0.125 GOLD=C
TOKENS=2020/16160 COMPRESSION=8.000x
--- RAW ANSWER ---
The correct answer is (C) The water droplet will develop an ice shell that encapsulates a portion of liquid water inside, which could alter the final geometry of the frozen droplet.

Explanation: Based on the text from Lyu et al. (2023), the environmental medium plays a significant role in heat transfer during freezing. The study demonstrates that nonnegligible heat exchange with the gaseous environment can accelerate cooling of the outer surface of the sessile drop, leading to the formation of a solidified shell that encapsulates the liquid. This encapsulation process alters the freezing front's geometry and ultimately changes the final morphology of the frozen droplet. The conductivity ratio of the environment (here, 0.1) being low suggests limited heat transfer, but the key point from the paper is that even with such conditions, the interaction between the environment and the substrate can still lead to encapsulation. The paper specifically discusses how the coupling of cooling from both the substrate and the environment modifies the freezing front and promotes shell formation. Therefore, the most likely outcome is the development of an encapsulated liquid core, which aligns with choice (C). The other options either misrepresent the effect of low conductivity or contradict the findings of the study.
--- SCORES ---
PARSED=C CORRECT=True PARSE=explicit GENERATED=254 HIT_LIMIT=False
PPL=1.000037 NLL=0.000037 OUT_TOK_S=5.280 GEN_PEAK_VRAM_GB=57.166 PIPELINE_PEAK_VRAM_GB=61.515 ACTUAL_DISPATCH_VERIFIED=True
SALIENCY_SECONDS=5.749 SALIENCY_PEAK_VRAM_GB=61.515
ROUTING_ACTUAL TOP1=0.652207 TOP8_JACCARD=0.706322 WEIGHT_COS=0.858671 ENTROPY_DELTA=0.000176 LOAD_JSD=0.010986
========================================================================================

========================================================================================
CASE=longbenchv2-66ec09ec821e116aacb19620 SOURCE=longbench_v2 TASK=Academic
METHOD=kiaomni_gaussian_r0.0625 GOLD=C
TOKENS=1010/16160 COMPRESSION=16.000x
--- RAW ANSWER ---
The correct answer is (A) The water droplet will still form a pointy tip, but the final tip angle will decrease significantly, as the heat transfer from the environment alters the freezing front's geometry.

Explanation: The provided text discusses the universality of tip singularity formation in freezing water drops, emphasizing that the tip angle is universal (around 13°) and that the singularity emerges regardless of certain parameters, including the density ratio. However, it also notes that the formation of the tip is influenced by heat transfer dynamics, particularly the coupling of cooling from the substrate and the environment. A conductivity ratio of 0.1 implies a relatively low thermal conductivity of the environmental media compared to the substrate. This would reduce the rate of heat extraction from the droplet’s outer surface by the environment, altering the freezing front’s geometry. While the tip singularity still forms (as the phenomenon is robust), the altered heat transfer would likely affect the tip angle, causing it to deviate from the typical 13°. This aligns with option (A), which correctly identifies continued tip formation with a changed angle due to environmental heat transfer effects. The other options either contradict the universality of tip formation (D), misrepresent the effect of low conductivity (B
--- SCORES ---
PARSED=A CORRECT=False PARSE=explicit GENERATED=256 HIT_LIMIT=True
PPL=1.104140 NLL=0.099067 OUT_TOK_S=5.274 GEN_PEAK_VRAM_GB=57.021 PIPELINE_PEAK_VRAM_GB=61.515 ACTUAL_DISPATCH_VERIFIED=True
SALIENCY_SECONDS=5.749 SALIENCY_PEAK_VRAM_GB=61.515
ROUTING_ACTUAL TOP1=0.613139 TOP8_JACCARD=0.677017 WEIGHT_COS=0.836642 ENTROPY_DELTA=-0.000578 LOAD_JSD=0.014532
========================================================================================

========================================================================================
CASE=longbenchv2-66f8c6b4bb02136c067c4480 SOURCE=longbench_v2 TASK=Multi-news
METHOD=full_context GOLD=C
TOKENS=13762/13762 COMPRESSION=1.000x
--- RAW ANSWER ---
To determine which duration has the worst situation in terms of Palestinians deaths per day and injuries per day, we need to calculate the average daily deaths and injuries for each duration using the data provided in the Humanitarian Situation Updates.

---

### **Duration A: 28 June 2024 to 29 July 2024 (31 days)**

From the **28 June 2024** update:
- Between 24 and 27 June: 139 killed, 331 injured.
- No further data for 28–29 June, but the next update (29 July) includes:
  - Between 25 and 29 July: 188 killed, 520 injured.

We assume the 188 deaths and 520 injuries from 25–29 July are the only new data for July. But we need to cover **28 June to 29 July**, which is 31 days.

Let’s break it down:
- **28 June to 27 July**: We have data from 24–27 June (4 days): 139 deaths, 331 injuries.

--- SCORES ---
PARSED=None CORRECT=False PARSE=unparsed GENERATED=256 HIT_LIMIT=True
PPL=3.530588 NLL=1.261464 OUT_TOK_S=5.187 GEN_PEAK_VRAM_GB=58.815 PIPELINE_PEAK_VRAM_GB=58.815 ACTUAL_DISPATCH_VERIFIED=True
========================================================================================

========================================================================================
CASE=longbenchv2-66f8c6b4bb02136c067c4480 SOURCE=longbench_v2 TASK=Multi-news
METHOD=kiaomni_s8_r0.25 GOLD=C
TOKENS=3440/13762 COMPRESSION=4.001x
--- RAW ANSWER ---
To determine which duration has the worst situation in terms of Palestinians deaths per day and injuries per day, we need to calculate the average daily deaths and injuries for each duration using the data provided in the Humanitarian Situation Updates.

---

### **Duration A: 28 June 2024 to 29 July 2024 (31 days)**  
From the **28 June 2024** update (Update #184):  
- Between 24 and 27 June: 108 killed, 331 injured  
- No data for 28 June to 29 July 2024 is provided in that update.  
But the **29 July 2024** update (Update #197) states:  
- Between 25 and 29 July: 18 killed, 520 injured  

So, total for **28 June to 29 July 2024**:
- We can only use the data from **25–29 July 2024** (5 days): 18 killed, 520 injured  
- No data is available for 28 June to
--- SCORES ---
PARSED=None CORRECT=False PARSE=unparsed GENERATED=256 HIT_LIMIT=True
PPL=9.350905 NLL=2.235473 OUT_TOK_S=5.289 GEN_PEAK_VRAM_GB=57.362 PIPELINE_PEAK_VRAM_GB=60.826 ACTUAL_DISPATCH_VERIFIED=True
SALIENCY_SECONDS=4.863 SALIENCY_PEAK_VRAM_GB=60.826
ROUTING_ACTUAL TOP1=0.719616 TOP8_JACCARD=0.734069 WEIGHT_COS=0.873519 ENTROPY_DELTA=0.000661 LOAD_JSD=0.007896
========================================================================================

========================================================================================
CASE=longbenchv2-66f8c6b4bb02136c067c4480 SOURCE=longbench_v2 TASK=Multi-news
METHOD=kiaomni_s8_r0.125 GOLD=C
TOKENS=1720/13762 COMPRESSION=8.001x
--- RAW ANSWER ---
To determine which duration has the worst situation in terms of Palestinians deaths per day and injuries per day, we need to analyze the data provided in the three Humanitarian Situation Updates for the specified periods.

---

### **Step 1: Extract total deaths and injuries for each duration**

We will use the cumulative figures from the Ministry of Health (MoH) in Gaza as reported in the updates.

---

#### **Duration A: 28 June 2024 to 29 July 2024**

- **Update dated 29 July 2024 (Update #197)**:
  - "Between 7 October 2023 and 29 July 2024, at least 35,000 Palestinians were killed and 80,000 were injured."
  - But we need the **increase during June 28 to July 29**, so we must subtract the figures from the previous update.

- **Update dated 28 June 2024 (Update #184)**:
  - "Between 7 October 2023 and 24 June 2024, at least 30,000 Palestinians were
--- SCORES ---
PARSED=None CORRECT=False PARSE=unparsed GENERATED=256 HIT_LIMIT=True
PPL=9.695647 NLL=2.271677 OUT_TOK_S=5.301 GEN_PEAK_VRAM_GB=57.121 PIPELINE_PEAK_VRAM_GB=60.826 ACTUAL_DISPATCH_VERIFIED=True
SALIENCY_SECONDS=4.863 SALIENCY_PEAK_VRAM_GB=60.826
ROUTING_ACTUAL TOP1=0.689390 TOP8_JACCARD=0.709711 WEIGHT_COS=0.857692 ENTROPY_DELTA=0.000662 LOAD_JSD=0.009237
========================================================================================
Traceback (most recent call last):
  File "/root/kiaomni/experiments/qwen3_30b_percentage_replay.py", line 1190, in <module>
    main()
  File "/root/kiaomni/experiments/qwen3_30b_percentage_replay.py", line 1122, in main
    raise TimeoutError("Stage wall-time ceiling reached before next condition")
TimeoutError: Stage wall-time ceiling reached before next condition
Traceback (most recent call last):
  File "/root/kiaomni/experiments/qwen3_30b_percentage_replay.py", line 1190, in <module>
    main()
  File "/root/kiaomni/experiments/qwen3_30b_percentage_replay.py", line 1122, in main
    raise TimeoutError("Stage wall-time ceiling reached before next condition")
TimeoutError: Stage wall-time ceiling reached before next condition
